source_type,source_name,page,job_id,job_title,company_name,industry,location,salary_min,salary_max,experience,education,publish_date,jd_text,responsibilities,requirements,skills_raw,skills_norm,url,scrape_time
job_platform,zhaopin,1,40857992907,python自动化测试工程师（双休/福利好）,深圳市汇合发展有限公司,咨询服务,深圳 南山 科技园,9000,13000,3-5年,本科,2026-06-18 15:26:11,"岗位职责：负责业务测试相关工作
任职要求：
1.学历：本科及以上学历。
2.工作经验：具有3年及以上计算机软件测试经验，金融行业背景优先。
3.技能/能力要求：
(1)熟悉常用数据库如TDSQL、GaussDB、TiDB、Oracle、MySQL一个或以上的常用操作；
(2)熟悉常用操作系统如Windows Server、Linux、统信OS等的日常操作；
(3)熟悉Python、C/C++或 Java 等开发语言，有Python编程能力；
(4)具有扎实的网络基础知识。","[""岗位职责：负责业务测试相关工作"", ""任职要求："", ""1.学历：本科及以上学历。"", ""2.工作经验：具有3年及以上计算机软件测试经验，金融行业背景优先。"", ""3.技能/能力要求："", ""(1)熟悉常用数据库如TDSQL、GaussDB、TiDB、Oracle、MySQL一个或以上的常用操作；"", ""(2)熟悉常用操作系统如Windows Server、Linux、统信OS等的日常操作；"", ""(3)熟悉Python、C/C++或 Java 等开发语言，有Python编程能力；"", ""(4)具有扎实的网络基础知识。""]","[""岗位职责：负责业务测试相关工作"", ""任职要求："", ""1.学历：本科及以上学历。"", ""2.工作经验：具有3年及以上计算机软件测试经验，金融行业背景优先。"", ""3.技能/能力要求："", ""(1)熟悉常用数据库如TDSQL、GaussDB、TiDB、Oracle、MySQL一个或以上的常用操作；"", ""(2)熟悉常用操作系统如Windows Server、Linux、统信OS等的日常操作；"", ""(3)熟悉Python、C/C++或 Java 等开发语言，有Python编程能力；"", ""(4)具有扎实的网络基础知识。""]","[""Python"", ""C/C++"", ""Linux"", ""Windows"", ""Oracle"", ""MySQL"", ""SQLServer"", ""接口自动化测试"", ""UI自动化测试""]","[""Python"", ""C/C++"", ""Linux"", ""Windows"", ""Oracle"", ""MySQL"", ""SQLServer"", ""接口自动化测试"", ""UI自动化测试""]",http://www.zhaopin.com/jobdetail/CC160407910J40857992907.htm,2026-06-18T09:55:02.044Z
job_platform,zhaopin,1,40735553916,算法工程师（大模型、机器学习/深度学习、Python）,软通动力信息技术(集团)股份有限公司,软件/IT服务,深圳 龙岗,1,16000,3-5年,本科,2026-06-18 12:15:15,"【本科可查，理工科专业】--必须项！
 

关键字：大模型、机器学习、深度学习、运筹优化、时间序列 有1-2项经验
本科理工类，年限2年以上
 

 工作职责： 
1、负责算法模型的效果测试、问题定位等，输出测试报告； 
2、负责算法模型的工程化部署，性能提升。 
3、负责多模态/NLP/CV等领域下游任务中算法数据的处理工作以及进行模型试算与训练，包括不限于OCR识别、表格还原、信息提取等。
 
业务技能要求： 
1）熟练掌握Python/C++/C等语言中的一种或多种。 
2）有算法开发、测试以及部署的经验。 
3）良好的沟通学习能力，可以快速融入团队，学习新知识。
 
专业知识要求： 
1) 2年以上工作算法相关工作经验 
1）熟悉算法服务部署者优先； 
2）熟悉常见的视觉AI算法模型（ResNet/ YOLO/Attention/Transfomer等）者优先。 
3）熟悉Opencv、Numpy、Pandas等工具包优先 
4)从事过类似文档信息抽取、要素抽取的项目","[""【本科可查，理工科专业】--必须项！"", ""关键字：大模型、机器学习、深度学习、运筹优化、时间序列 有1-2项经验"", ""本科理工类，年限2年以上"", ""工作职责："", ""1、负责算法模型的效果测试、问题定位等，输出测试报告；"", ""2、负责算法模型的工程化部署，性能提升。"", ""3、负责多模态/NLP/CV等领域下游任务中算法数据的处理工作以及进行模型试算与训练，包括不限于OCR识别、表格还原、信息提取等。"", ""业务技能要求："", ""1）熟练掌握Python/C++/C等语言中的一种或多种。"", ""2）有算法开发、测试以及部署的经验。"", ""3）良好的沟通学习能力，可以快速融入团队，学习新知识。"", ""专业知识要求："", ""1) 2年以上工作算法相关工作经验"", ""1）熟悉算法服务部署者优先；"", ""2）熟悉常见的视觉AI算法模型（ResNet/ YOLO/Attention/Transfomer等）者优先。"", ""3）熟悉Opencv、Numpy、Pandas等工具包优先"", ""4)从事过类似文档信息抽取、要素抽取的项目""]","[""【本科可查，理工科专业】--必须项！"", ""关键字：大模型、机器学习、深度学习、运筹优化、时间序列 有1-2项经验"", ""本科理工类，年限2年以上"", ""工作职责："", ""1、负责算法模型的效果测试、问题定位等，输出测试报告；"", ""2、负责算法模型的工程化部署，性能提升。"", ""3、负责多模态/NLP/CV等领域下游任务中算法数据的处理工作以及进行模型试算与训练，包括不限于OCR识别、表格还原、信息提取等。"", ""业务技能要求："", ""1）熟练掌握Python/C++/C等语言中的一种或多种。"", ""2）有算法开发、测试以及部署的经验。"", ""3）良好的沟通学习能力，可以快速融入团队，学习新知识。"", ""专业知识要求："", ""1) 2年以上工作算法相关工作经验"", ""1）熟悉算法服务部署者优先；"", ""2）熟悉常见的视觉AI算法模型（ResNet/ YOLO/Attention/Transfomer等）者优先。"", ""3）熟悉Opencv、Numpy、Pandas等工具包优先"", ""4)从事过类似文档信息抽取、要素抽取的项目""]","[""深度学习"", ""机器学习"", ""大模型算法"", ""运筹优化"", ""时间序列"", ""PYTHON算法"", ""大模型""]","[""深度学习"", ""机器学习"", ""大模型算法"", ""运筹优化"", ""时间序列"", ""PYTHON算法"", ""大模型""]",http://www.zhaopin.com/jobdetail/CC000544460J40735553916.htm,2026-06-18T09:55:02.052Z
job_platform,zhaopin,1,40933155415,python/c++开发工程师,深圳市凯瑞佳易科技有限公司,通信/网络设备,深圳 福田,9000,15000,3-5年,本科,2026-06-18 01:49:54,"岗位职责：
- 负责使用Python/C++进行软件程序的设计与开发
- 参与软件项目的需求分析与系统设计
- 完成编码、测试以及文档编写等相关工作
- 配合团队进行软件维护和升级
岗位要求：
1. 本科及以上学历 
2. 了解Python/C++编程语言及相应的开发环境
3. 具备良好的软件设计能力和编程习惯
4. 有较强的团队协作和沟通能力","[""岗位职责："", ""- 负责使用Python/C++进行软件程序的设计与开发"", ""- 参与软件项目的需求分析与系统设计"", ""- 完成编码、测试以及文档编写等相关工作"", ""- 配合团队进行软件维护和升级"", ""岗位要求："", ""1. 本科及以上学历"", ""2. 了解Python/C++编程语言及相应的开发环境"", ""3. 具备良好的软件设计能力和编程习惯"", ""4. 有较强的团队协作和沟通能力""]","[""岗位职责："", ""- 负责使用Python/C++进行软件程序的设计与开发"", ""- 参与软件项目的需求分析与系统设计"", ""- 完成编码、测试以及文档编写等相关工作"", ""- 配合团队进行软件维护和升级"", ""岗位要求："", ""1. 本科及以上学历"", ""2. 了解Python/C++编程语言及相应的开发环境"", ""3. 具备良好的软件设计能力和编程习惯"", ""4. 有较强的团队协作和沟通能力""]","[""本科""]","[""本科""]",http://www.zhaopin.com/jobdetail/CCL1461615970J40933155415.htm,2026-06-18T09:55:02.053Z
job_platform,zhaopin,1,40874740405,感知算法测试验证工程师（数据采集、python）,外企德科数字技术有限公司,软件/IT服务,深圳 龙华,1,15000,3-5年,大专,2026-06-18 00:33:54,"岗位职责
1. 负责无人机/机器人测试场景搭建及测试执行；
2. 负责视觉、深度、IMU等传感器标定、数据采集和管理；
3. 负责数据标注及数据质量检查；
4. 协助研发团队进行算法性能统计分析及测试报告输出。
岗位基本需求
1. 本科及以上学历，计算机、自动化、电子信息、机器人、航空航天等相关专业；
2. 熟悉Linux环境，具备基本命令行操作能力，熟悉Python，能够用AI编写简单脚本进行数据处理、统计分析和结果可视化；
3. 具备数据采集、数据管理或数据标注相关经验；
4. 具备较强责任心和沟通能力，能够与算法研发团队高效协作。","[""岗位职责"", ""1. 负责无人机/机器人测试场景搭建及测试执行；"", ""2. 负责视觉、深度、IMU等传感器标定、数据采集和管理；"", ""3. 负责数据标注及数据质量检查；"", ""4. 协助研发团队进行算法性能统计分析及测试报告输出。"", ""岗位基本需求"", ""1. 本科及以上学历，计算机、自动化、电子信息、机器人、航空航天等相关专业；"", ""2. 熟悉Linux环境，具备基本命令行操作能力，熟悉Python，能够用AI编写简单脚本进行数据处理、统计分析和结果可视化；"", ""3. 具备数据采集、数据管理或数据标注相关经验；"", ""4. 具备较强责任心和沟通能力，能够与算法研发团队高效协作。""]","[""岗位职责"", ""1. 负责无人机/机器人测试场景搭建及测试执行；"", ""2. 负责视觉、深度、IMU等传感器标定、数据采集和管理；"", ""3. 负责数据标注及数据质量检查；"", ""4. 协助研发团队进行算法性能统计分析及测试报告输出。"", ""岗位基本需求"", ""1. 本科及以上学历，计算机、自动化、电子信息、机器人、航空航天等相关专业；"", ""2. 熟悉Linux环境，具备基本命令行操作能力，熟悉Python，能够用AI编写简单脚本进行数据处理、统计分析和结果可视化；"", ""3. 具备数据采集、数据管理或数据标注相关经验；"", ""4. 具备较强责任心和沟通能力，能够与算法研发团队高效协作。""]","[""Python"", ""数据采集""]","[""Python"", ""数据采集""]",http://www.zhaopin.com/jobdetail/CCL1480117890J40874740405.htm,2026-06-18T09:55:02.053Z
job_platform,zhaopin,1,40903521003,软件测试开发工程师（RF框架/Python自动化）,科锐尔人力资源服务(苏州)有限公司,人力资源,深圳 南山,1,17000,3-5年,本科,2026-06-17 10:01:50,"岗位描述 1. 负责RF框架开发与维护，持续优化RF框架架构，提升框架运行效率 
 2.负责开发RF用例库和关键字，提高自动化测试脚本的复用率 
 3.负责RF框架的版本升级、性能优化和问题排查 
 4.负责Python自动化测试开发，基于Python开发高质量、可维护的自动化测试用例 
 5.负责自动化用例的评审，提升用例有效性、规范性 
 6.编写测试工具和辅助脚本，提升测试效率和覆盖率 
 任职要求 
 1.精通Robot Framework：至少3年以上RF框架使用和开发经验，深刻理解RF框架原理 
 2.熟练掌握Python：3年以上Python开发经验，熟悉Python测试框架（pytest/unittest） 
 3.有大型互联网企业或软件公司测试开发经验者优先 
 4.计算机科学、软件工程或相关专业本科及以上学历 
 5.3年及以上软件测试开发或自动化测试相关经验 
 6.了解软件测试理论和方法，熟悉敏捷开发流程","[""岗位描述 1. 负责RF框架开发与维护，持续优化RF框架架构，提升框架运行效率"", ""2.负责开发RF用例库和关键字，提高自动化测试脚本的复用率"", ""3.负责RF框架的版本升级、性能优化和问题排查"", ""4.负责Python自动化测试开发，基于Python开发高质量、可维护的自动化测试用例"", ""5.负责自动化用例的评审，提升用例有效性、规范性"", ""6.编写测试工具和辅助脚本，提升测试效率和覆盖率"", ""任职要求"", ""1.精通Robot Framework：至少3年以上RF框架使用和开发经验，深刻理解RF框架原理"", ""2.熟练掌握Python：3年以上Python开发经验，熟悉Python测试框架（pytest/unittest）"", ""3.有大型互联网企业或软件公司测试开发经验者优先"", ""4.计算机科学、软件工程或相关专业本科及以上学历"", ""5.3年及以上软件测试开发或自动化测试相关经验"", ""6.了解软件测试理论和方法，熟悉敏捷开发流程""]","[""岗位描述 1. 负责RF框架开发与维护，持续优化RF框架架构，提升框架运行效率"", ""2.负责开发RF用例库和关键字，提高自动化测试脚本的复用率"", ""3.负责RF框架的版本升级、性能优化和问题排查"", ""4.负责Python自动化测试开发，基于Python开发高质量、可维护的自动化测试用例"", ""5.负责自动化用例的评审，提升用例有效性、规范性"", ""6.编写测试工具和辅助脚本，提升测试效率和覆盖率"", ""任职要求"", ""1.精通Robot Framework：至少3年以上RF框架使用和开发经验，深刻理解RF框架原理"", ""2.熟练掌握Python：3年以上Python开发经验，熟悉Python测试框架（pytest/unittest）"", ""3.有大型互联网企业或软件公司测试开发经验者优先"", ""4.计算机科学、软件工程或相关专业本科及以上学历"", ""5.3年及以上软件测试开发或自动化测试相关经验"", ""6.了解软件测试理论和方法，熟悉敏捷开发流程""]","[""Python"", ""RobotFramework""]","[""Python"", ""RobotFramework""]",http://www.zhaopin.com/jobdetail/CC453635220J40903521003.htm,2026-06-18T09:55:02.053Z
job_platform,zhaopin,1,40945011215,Python开发工程师,深圳市凯瑞佳易科技有限公司,通信/网络设备,深圳 龙岗,9000,13000,1-3年,本科,2026-06-17 14:44:15,"工作职责
1. 负责通信设备相关业务系统的Python开发与维护，支撑设备监控、数据采集或自动化运维需求。
2. 参与系统架构设计与优化，保障通信数据处理的高效性与稳定性。
3. 对接通信设备接口，实现数据交互与业务逻辑的落地。
4. 编写技术文档，推动团队代码规范与工程化实践。
任职要求
1. 本科及以上学历,，周末双休。
2. 3年以上Python开发经验，精通Python基础语法及常用库（如requests、pandas、Django/Flask等）优先。
3. 熟悉TCP/IP、HTTP等网络协议，有通信设备或网络系统开发经验者优先。
4. 具备良好的问题分析与解决能力，能独立完成模块设计与编码。
5. 有自动化测试、数据处理或分布式系统经验者优先。","[""工作职责"", ""1. 负责通信设备相关业务系统的Python开发与维护，支撑设备监控、数据采集或自动化运维需求。"", ""2. 参与系统架构设计与优化，保障通信数据处理的高效性与稳定性。"", ""3. 对接通信设备接口，实现数据交互与业务逻辑的落地。"", ""4. 编写技术文档，推动团队代码规范与工程化实践。"", ""任职要求"", ""1. 本科及以上学历,，周末双休。"", ""2. 3年以上Python开发经验，精通Python基础语法及常用库（如requests、pandas、Django/Flask等）优先。"", ""3. 熟悉TCP/IP、HTTP等网络协议，有通信设备或网络系统开发经验者优先。"", ""4. 具备良好的问题分析与解决能力，能独立完成模块设计与编码。"", ""5. 有自动化测试、数据处理或分布式系统经验者优先。""]","[""工作职责"", ""1. 负责通信设备相关业务系统的Python开发与维护，支撑设备监控、数据采集或自动化运维需求。"", ""2. 参与系统架构设计与优化，保障通信数据处理的高效性与稳定性。"", ""3. 对接通信设备接口，实现数据交互与业务逻辑的落地。"", ""4. 编写技术文档，推动团队代码规范与工程化实践。"", ""任职要求"", ""1. 本科及以上学历,，周末双休。"", ""2. 3年以上Python开发经验，精通Python基础语法及常用库（如requests、pandas、Django/Flask等）优先。"", ""3. 熟悉TCP/IP、HTTP等网络协议，有通信设备或网络系统开发经验者优先。"", ""4. 具备良好的问题分析与解决能力，能独立完成模块设计与编码。"", ""5. 有自动化测试、数据处理或分布式系统经验者优先。""]","[""本科""]","[""本科""]",http://www.zhaopin.com/jobdetail/CCL1461615970J40945011215.htm,2026-06-18T09:55:02.053Z
job_platform,zhaopin,1,40853602005,python开发【Java可投】,外企德科数字技术有限公司,软件/IT服务,深圳 龙华,2,30000,经验不限,本科,2026-06-18 00:32:29,"一、硬性要求
1、已顺利毕业，毕业证、学位证齐全且未丢失；
2、第一学历为公办本科（学历信息需配合核查）；
3、熟练掌握以下至少一种编程语言：JAVA、python（其他类别酌情。）
4、具备基础的编程思维、逻辑分析能力，了解常用数据结构与算法。
5、只接受计算机相关专业候选人投递。 6、社招不接受在校生，要求证件齐全。 
二、优先录用条件 
1、有相关编程语言的项目开发经验（含课程设计、实习项目、个人开源项目、竞赛经历（如蓝桥杯）等）； 
2、熟悉对应语言的常用框架、开发工具或数据库操作； 
3、具备良好的沟通协作能力、责任心强，有较强的自主学习意愿。 
三、福利待遇 
1、薪资：行业竞争力薪资（根据学历、能力、经验面议、税前不会低于13K）； 
2、保障：六险一金（按实际工资基数缴纳）+ 补充商业保险； 
3、福利：带薪年假、法定节假日、节日福利、定期团建、年度体检； 
4、成长：完善的岗前培训、技术分享会、跨部门学习机会，清晰的职业晋升通道； 
5、其他：弹性工作时间、舒适办公环境。早晚班车（根据地区）。 
6、十四薪。 
四、面试形式 
面试为纯线上方式，具体表现为：机考、穿插综测、HR面、技术一面、技术二面、主管面。 
五、参考岗位职责 
1、负责集团级通用业务数字化系统的开发、运维与迭代优化，保障系统稳定高效运行，支撑核心业务流程的数字化落地与升级
 2、基于业务需求完成功能开发、脚本编写与系统二次开发，通过代码能力优化系统功能、提升业务处理效率，解决系统运行中的技术问题
 3、为业务端提供专业的数字化应用技术支持，快速响应并解决系统使用中的各类问题，沉淀标准化服务方案，持续优化业务数字化使用体验
 4、深度协同各业务部门，拆解业务场景的真实需求，梳理业务流程痛点，输出适配的数字化解决方案，推动项目从需求调研、开发落地到上线验收的全流程管理
 5、严格遵守企业信息安全、数据安全与合规管理规范，落实系统与数据安全管控要求，保障数字化运营的合规性与安全性","[""一、硬性要求"", ""1、已顺利毕业，毕业证、学位证齐全且未丢失；"", ""2、第一学历为公办本科（学历信息需配合核查）；"", ""3、熟练掌握以下至少一种编程语言：JAVA、python（其他类别酌情。）"", ""4、具备基础的编程思维、逻辑分析能力，了解常用数据结构与算法。"", ""5、只接受计算机相关专业候选人投递。 6、社招不接受在校生，要求证件齐全。"", ""二、优先录用条件"", ""1、有相关编程语言的项目开发经验（含课程设计、实习项目、个人开源项目、竞赛经历（如蓝桥杯）等）；"", ""2、熟悉对应语言的常用框架、开发工具或数据库操作；"", ""3、具备良好的沟通协作能力、责任心强，有较强的自主学习意愿。"", ""三、福利待遇"", ""1、薪资：行业竞争力薪资（根据学历、能力、经验面议、税前不会低于13K）；"", ""2、保障：六险一金（按实际工资基数缴纳）+ 补充商业保险；"", ""3、福利：带薪年假、法定节假日、节日福利、定期团建、年度体检；"", ""4、成长：完善的岗前培训、技术分享会、跨部门学习机会，清晰的职业晋升通道；"", ""5、其他：弹性工作时间、舒适办公环境。早晚班车（根据地区）。"", ""6、十四薪。"", ""四、面试形式"", ""面试为纯线上方式，具体表现为：机考、穿插综测、HR面、技术一面、技术二面、主管面。"", ""五、参考岗位职责"", ""1、负责集团级通用业务数字化系统的开发、运维与迭代优化，保障系统稳定高效运行，支撑核心业务流程的数字化落地与升级"", ""2、基于业务需求完成功能开发、脚本编写与系统二次开发，通过代码能力优化系统功能、提升业务处理效率，解决系统运行中的技术问题"", ""3、为业务端提供专业的数字化应用技术支持，快速响应并解决系统使用中的各类问题，沉淀标准化服务方案，持续优化业务数字化使用体验"", ""4、深度协同各业务部门，拆解业务场景的真实需求，梳理业务流程痛点，输出适配的数字化解决方案，推动项目从需求调研、开发落地到上线验收的全流程管理"", ""5、严格遵守企业信息安全、数据安全与合规管理规范，落实系统与数据安全管控要求，保障数字化运营的合规性与安全性""]","[""一、硬性要求"", ""1、已顺利毕业，毕业证、学位证齐全且未丢失；"", ""2、第一学历为公办本科（学历信息需配合核查）；"", ""3、熟练掌握以下至少一种编程语言：JAVA、python（其他类别酌情。）"", ""4、具备基础的编程思维、逻辑分析能力，了解常用数据结构与算法。"", ""5、只接受计算机相关专业候选人投递。 6、社招不接受在校生，要求证件齐全。"", ""二、优先录用条件"", ""1、有相关编程语言的项目开发经验（含课程设计、实习项目、个人开源项目、竞赛经历（如蓝桥杯）等）；"", ""2、熟悉对应语言的常用框架、开发工具或数据库操作；"", ""3、具备良好的沟通协作能力、责任心强，有较强的自主学习意愿。"", ""三、福利待遇"", ""1、薪资：行业竞争力薪资（根据学历、能力、经验面议、税前不会低于13K）；"", ""2、保障：六险一金（按实际工资基数缴纳）+ 补充商业保险；"", ""3、福利：带薪年假、法定节假日、节日福利、定期团建、年度体检；"", ""4、成长：完善的岗前培训、技术分享会、跨部门学习机会，清晰的职业晋升通道；"", ""5、其他：弹性工作时间、舒适办公环境。早晚班车（根据地区）。"", ""6、十四薪。"", ""四、面试形式"", ""面试为纯线上方式，具体表现为：机考、穿插综测、HR面、技术一面、技术二面、主管面。"", ""五、参考岗位职责"", ""1、负责集团级通用业务数字化系统的开发、运维与迭代优化，保障系统稳定高效运行，支撑核心业务流程的数字化落地与升级"", ""2、基于业务需求完成功能开发、脚本编写与系统二次开发，通过代码能力优化系统功能、提升业务处理效率，解决系统运行中的技术问题"", ""3、为业务端提供专业的数字化应用技术支持，快速响应并解决系统使用中的各类问题，沉淀标准化服务方案，持续优化业务数字化使用体验"", ""4、深度协同各业务部门，拆解业务场景的真实需求，梳理业务流程痛点，输出适配的数字化解决方案，推动项目从需求调研、开发落地到上线验收的全流程管理"", ""5、严格遵守企业信息安全、数据安全与合规管理规范，落实系统与数据安全管控要求，保障数字化运营的合规性与安全性""]","[""Java"", ""Python"", ""蓝桥杯"", ""代码习惯好""]","[""Java"", ""Python"", ""蓝桥杯"", ""代码习惯好""]",http://www.zhaopin.com/jobdetail/CCL1480117890J40853602005.htm,2026-06-18T09:55:02.053Z
job_platform,zhaopin,1,40491067716,Python开发,软通动力信息技术(集团)股份有限公司,软件/IT服务,深圳 龙岗,1,16000,1-3年,本科,2026-06-17 10:19:54,"1. 学历要求：统招本科及以上学历，计算机相关专业优先
2. 经验要求：1年以上Python开发经验，熟练掌握Python 3.X，具备扎实的编码能力
3. 技术能力：
• 精通Python语言特性及常用框架，熟悉虚拟环境配置（如venv）及依赖管理
• 熟悉Linux/Windows操作系统及常用命令
• 熟练编写Shell脚本（Linux）及批处理脚本（Windows）
• 熟悉持续集成（CI/CD）流程与工具（如Jenkins/GitLab CI）
加分项：
• 有C/C++基础或混合编程经验者优先
• 了解前端基础技术（如Electron/PyQt等界面开发框架）
【工作内容】
负责Python软件界面开发、开发自测DT及自动化脚本编写","[""1. 学历要求：统招本科及以上学历，计算机相关专业优先"", ""2. 经验要求：1年以上Python开发经验，熟练掌握Python 3.X，具备扎实的编码能力"", ""3. 技术能力："", ""• 精通Python语言特性及常用框架，熟悉虚拟环境配置（如venv）及依赖管理"", ""• 熟悉Linux/Windows操作系统及常用命令"", ""• 熟练编写Shell脚本（Linux）及批处理脚本（Windows）"", ""• 熟悉持续集成（CI/CD）流程与工具（如Jenkins/GitLab CI）"", ""加分项："", ""• 有C/C++基础或混合编程经验者优先"", ""• 了解前端基础技术（如Electron/PyQt等界面开发框架）"", ""【工作内容】"", ""负责Python软件界面开发、开发自测DT及自动化脚本编写""]","[""1. 学历要求：统招本科及以上学历，计算机相关专业优先"", ""2. 经验要求：1年以上Python开发经验，熟练掌握Python 3.X，具备扎实的编码能力"", ""3. 技术能力："", ""• 精通Python语言特性及常用框架，熟悉虚拟环境配置（如venv）及依赖管理"", ""• 熟悉Linux/Windows操作系统及常用命令"", ""• 熟练编写Shell脚本（Linux）及批处理脚本（Windows）"", ""• 熟悉持续集成（CI/CD）流程与工具（如Jenkins/GitLab CI）"", ""加分项："", ""• 有C/C++基础或混合编程经验者优先"", ""• 了解前端基础技术（如Electron/PyQt等界面开发框架）"", ""【工作内容】"", ""负责Python软件界面开发、开发自测DT及自动化脚本编写""]","[""Django"", ""Flask""]","[""Django"", ""Flask""]",http://www.zhaopin.com/jobdetail/CC000544460J40491067716.htm,2026-06-18T09:55:02.053Z
job_platform,zhaopin,1,40895868812,python自动化测试,中软国际,软件/IT服务,深圳 龙岗,面议,面议,3-5年,本科,2026-06-17 11:07:30,"岗位职责：
1、依据现有自动化框架提升自动化测试脚本覆盖率
2、根据手工测试用例，编写高效、稳定的自动化测试用例脚本
3、实现自动化过程中测试数据设计与维护，执行测试脚本、定位简单问题
4、负责现有自动化测试用例的维护和优化
任职要求：
1、熟悉软件测试理论与流程，3年以上软件测试经验，有互联网产品或金融资管领域测试经验者优先；
2、熟练掌握功能、接口、自动化等测试方法，具备扎实的测试用例设计与缺陷分析能力；
3、熟悉Java或Python等至少一种编程语言，具备测试脚本开发或自动化测试工具（如Selenium、JUnit、TestNG等）使用经验；
4、熟悉MySQL、Oracle等主流数据库的基本操作与SQL编写，能够独立完成数据构造与校验；
5、熟悉Linux操作系统常用命令，具备服务部署、日志查看与环境调试的基本能力；
6、了解持续集成/持续交付（CI/CD）流程，熟悉Git、Jenkins、JIRA等相关工具；","[""岗位职责："", ""1、依据现有自动化框架提升自动化测试脚本覆盖率"", ""2、根据手工测试用例，编写高效、稳定的自动化测试用例脚本"", ""3、实现自动化过程中测试数据设计与维护，执行测试脚本、定位简单问题"", ""4、负责现有自动化测试用例的维护和优化"", ""任职要求："", ""1、熟悉软件测试理论与流程，3年以上软件测试经验，有互联网产品或金融资管领域测试经验者优先；"", ""2、熟练掌握功能、接口、自动化等测试方法，具备扎实的测试用例设计与缺陷分析能力；"", ""3、熟悉Java或Python等至少一种编程语言，具备测试脚本开发或自动化测试工具（如Selenium、JUnit、TestNG等）使用经验；"", ""4、熟悉MySQL、Oracle等主流数据库的基本操作与SQL编写，能够独立完成数据构造与校验；"", ""5、熟悉Linux操作系统常用命令，具备服务部署、日志查看与环境调试的基本能力；"", ""6、了解持续集成/持续交付（CI/CD）流程，熟悉Git、Jenkins、JIRA等相关工具；""]","[""岗位职责："", ""1、依据现有自动化框架提升自动化测试脚本覆盖率"", ""2、根据手工测试用例，编写高效、稳定的自动化测试用例脚本"", ""3、实现自动化过程中测试数据设计与维护，执行测试脚本、定位简单问题"", ""4、负责现有自动化测试用例的维护和优化"", ""任职要求："", ""1、熟悉软件测试理论与流程，3年以上软件测试经验，有互联网产品或金融资管领域测试经验者优先；"", ""2、熟练掌握功能、接口、自动化等测试方法，具备扎实的测试用例设计与缺陷分析能力；"", ""3、熟悉Java或Python等至少一种编程语言，具备测试脚本开发或自动化测试工具（如Selenium、JUnit、TestNG等）使用经验；"", ""4、熟悉MySQL、Oracle等主流数据库的基本操作与SQL编写，能够独立完成数据构造与校验；"", ""5、熟悉Linux操作系统常用命令，具备服务部署、日志查看与环境调试的基本能力；"", ""6、了解持续集成/持续交付（CI/CD）流程，熟悉Git、Jenkins、JIRA等相关工具；""]","[""Python"", ""Java"", ""接口自动化测试"", ""持续集成与部署"", ""测试报告分析""]","[""Python"", ""Java"", ""接口自动化测试"", ""持续集成与部署"", ""测试报告分析""]",http://www.zhaopin.com/jobdetail/CC508620120J40895868812.htm,2026-06-18T09:55:02.053Z
job_platform,zhaopin,1,40866497505,C/C++/JAVA/Python/大数据/AI/开发/测试（一二线城市均有岗位需求）,外企德科数字技术有限公司,软件/IT服务,深圳 龙岗,2,30000,经验不限,本科,2026-06-18 00:33:17,"【C/C++/JAVA/Python/大数据/AI/开发/均有岗位需求] 
PS:北京，上海，南京，杭州，深圳，东莞，成都，西安，武汉，长沙均有需求开放
【福利待遇]
1、六险一金全额缴纳、为期半年的老员工1对1带教，周末双休、年终奖丰厚、双倍加班费、班车福利、每年1-2次调薪机会;
2、初级、中级、高级岗位均有招聘需求
3、每年有一次调薪/职级调整机会;
4、薪资构成:基本薪资+绩效工资，定级薪资和绩效考核标准参考正式员工标准
[岗位要求]
1、本科及以上学历;
2、掌握C++/Java/Go/Web/python其中一种编程语言，有良好的编程习惯、热爱编程;
3、对基本数据结构和算法有一定了解
4、具备良好的解决问题能力、善于沟通、乐于合作;
5、扎实的计算机基础，具备优秀的学习能力和逻辑思维能力，善于分析问题和解决问题有关键独立模块设计、开发和维护经验","[""【C/C++/JAVA/Python/大数据/AI/开发/均有岗位需求]"", ""PS:北京，上海，南京，杭州，深圳，东莞，成都，西安，武汉，长沙均有需求开放"", ""【福利待遇]"", ""1、六险一金全额缴纳、为期半年的老员工1对1带教，周末双休、年终奖丰厚、双倍加班费、班车福利、每年1-2次调薪机会;"", ""2、初级、中级、高级岗位均有招聘需求"", ""3、每年有一次调薪/职级调整机会;"", ""4、薪资构成:基本薪资+绩效工资，定级薪资和绩效考核标准参考正式员工标准"", ""[岗位要求]"", ""1、本科及以上学历;"", ""2、掌握C++/Java/Go/Web/python其中一种编程语言，有良好的编程习惯、热爱编程;"", ""3、对基本数据结构和算法有一定了解"", ""4、具备良好的解决问题能力、善于沟通、乐于合作;"", ""5、扎实的计算机基础，具备优秀的学习能力和逻辑思维能力，善于分析问题和解决问题有关键独立模块设计、开发和维护经验""]","[""【C/C++/JAVA/Python/大数据/AI/开发/均有岗位需求]"", ""PS:北京，上海，南京，杭州，深圳，东莞，成都，西安，武汉，长沙均有需求开放"", ""【福利待遇]"", ""1、六险一金全额缴纳、为期半年的老员工1对1带教，周末双休、年终奖丰厚、双倍加班费、班车福利、每年1-2次调薪机会;"", ""2、初级、中级、高级岗位均有招聘需求"", ""3、每年有一次调薪/职级调整机会;"", ""4、薪资构成:基本薪资+绩效工资，定级薪资和绩效考核标准参考正式员工标准"", ""[岗位要求]"", ""1、本科及以上学历;"", ""2、掌握C++/Java/Go/Web/python其中一种编程语言，有良好的编程习惯、热爱编程;"", ""3、对基本数据结构和算法有一定了解"", ""4、具备良好的解决问题能力、善于沟通、乐于合作;"", ""5、扎实的计算机基础，具备优秀的学习能力和逻辑思维能力，善于分析问题和解决问题有关键独立模块设计、开发和维护经验""]","[""C++"", ""Python"", ""C#""]","[""C++"", ""Python"", ""C#""]",http://www.zhaopin.com/jobdetail/CCL1480117890J40866497505.htm,2026-06-18T09:55:02.053Z
job_platform,zhaopin,1,40833770810,python开发工程师/python爬虫方向,深圳市猎芯科技有限公司,半导体/芯片,深圳 龙岗,1,25000,3-5年,本科,2026-06-17 01:32:33,"岗位工作明细：
1、负责猎芯采集系统的建设，
2、负责页面的抓取采集，处理网络数据抓取规划、汇总，具备搭建数据采集平台，建立爬虫系统，对数据的抓取、解析、调度、存储、维护等开发工作。
3、研究和破解各种反爬机制
4、负责采集系统的长期优化工作
任职要求
1、3年以上python开发经验
2、熟悉python主流开发框架，熟悉tonado，有akamai、datadome、perimeterx 、cloudflare 反爬经验优先
3、熟悉和了解Linux 、MongoDB、Redis、RabbitMQ的使用
4、了解和熟悉页面采集原理。。","[""岗位工作明细："", ""1、负责猎芯采集系统的建设，"", ""2、负责页面的抓取采集，处理网络数据抓取规划、汇总，具备搭建数据采集平台，建立爬虫系统，对数据的抓取、解析、调度、存储、维护等开发工作。"", ""3、研究和破解各种反爬机制"", ""4、负责采集系统的长期优化工作"", ""任职要求"", ""1、3年以上python开发经验"", ""2、熟悉python主流开发框架，熟悉tonado，有akamai、datadome、perimeterx 、cloudflare 反爬经验优先"", ""3、熟悉和了解Linux 、MongoDB、Redis、RabbitMQ的使用"", ""4、了解和熟悉页面采集原理。。""]","[""岗位工作明细："", ""1、负责猎芯采集系统的建设，"", ""2、负责页面的抓取采集，处理网络数据抓取规划、汇总，具备搭建数据采集平台，建立爬虫系统，对数据的抓取、解析、调度、存储、维护等开发工作。"", ""3、研究和破解各种反爬机制"", ""4、负责采集系统的长期优化工作"", ""任职要求"", ""1、3年以上python开发经验"", ""2、熟悉python主流开发框架，熟悉tonado，有akamai、datadome、perimeterx 、cloudflare 反爬经验优先"", ""3、熟悉和了解Linux 、MongoDB、Redis、RabbitMQ的使用"", ""4、了解和熟悉页面采集原理。。""]","[""数据采集""]","[""数据采集""]",http://www.zhaopin.com/jobdetail/CC347226980J40833770810.htm,2026-06-18T09:55:02.053Z
job_platform,zhaopin,1,40933154315,软件开发-Python,深圳市凯瑞佳易科技有限公司,通信/网络设备,深圳 福田,9000,14000,3-5年,本科,2026-06-17 01:49:57,"工作职责
 负责通信设备相关软件模块的Python开发与功能实现，确保代码的可维护性与性能达标。
 参与系统需求分析与技术方案设计，协助解决开发过程中的技术难点。
 配合跨地域团队完成项目迭代与测试工作，保障产品交付质量。
 
任职要求 
 本科及以上学历，计算机相关专业优先 
 了解Python语言及常用框架（如Django/Flask），了解Linux环境下的开发流程。
 具备良好的逻辑思维与问题分析能力，能独立完成模块开发任务。
 
 

 
 公司福利： 
提供食宿，带薪年假，假节日福利，五险一金，餐补房补交通补贴，年底绩效奖金，项目奖金","[""工作职责"", ""负责通信设备相关软件模块的Python开发与功能实现，确保代码的可维护性与性能达标。"", ""参与系统需求分析与技术方案设计，协助解决开发过程中的技术难点。"", ""配合跨地域团队完成项目迭代与测试工作，保障产品交付质量。"", ""任职要求"", ""本科及以上学历，计算机相关专业优先"", ""了解Python语言及常用框架（如Django/Flask），了解Linux环境下的开发流程。"", ""具备良好的逻辑思维与问题分析能力，能独立完成模块开发任务。"", ""公司福利："", ""提供食宿，带薪年假，假节日福利，五险一金，餐补房补交通补贴，年底绩效奖金，项目奖金""]","[""工作职责"", ""负责通信设备相关软件模块的Python开发与功能实现，确保代码的可维护性与性能达标。"", ""参与系统需求分析与技术方案设计，协助解决开发过程中的技术难点。"", ""配合跨地域团队完成项目迭代与测试工作，保障产品交付质量。"", ""任职要求"", ""本科及以上学历，计算机相关专业优先"", ""了解Python语言及常用框架（如Django/Flask），了解Linux环境下的开发流程。"", ""具备良好的逻辑思维与问题分析能力，能独立完成模块开发任务。"", ""公司福利："", ""提供食宿，带薪年假，假节日福利，五险一金，餐补房补交通补贴，年底绩效奖金，项目奖金""]","[""本科""]","[""本科""]",http://www.zhaopin.com/jobdetail/CCL1461615970J40933154315.htm,2026-06-18T09:55:02.053Z
job_platform,zhaopin,1,40861456805,通用软件开发（Java、Python、C/C++、go、JS等）,外企德科数字技术有限公司,软件/IT服务,深圳 龙岗,2,30000,经验不限,本科,2026-06-18 00:32:57,"岗位要求：
1、大学本科及以上学历，计算机、通信、自动化等理工科相关专业。
2、基本掌握C/C++/Java/Python等一种或多种语言的开发应用
3、具有良好的沟通能力，刻苦、敬业、有上进心，对技术有激情，喜欢钻研，有较强的独立、主动的学习能力。
4、没有工作经验的25届同学亦可，需要具备较好的学习能力 
其他业务：业务简介： 
●Car Bu：问界智能车、智能驾驶、驾驶座舱、车载软件 
●终端：华为手机、PC、平板、可穿戴产品、智慧办公等产品研发 
●数存：华为数据存储部门主要着力于数据存储技术研发，业务排名国内第一。发展快，技术前沿。 
●数字能源：部门业务涵盖了光伏发电、智能锂电池、电车机电系统、超速充电桩、模块电池、网络配电数据中心（国家新基建重点项目）、能源云等方向。是现在发展最快的行业之一。 
●华为云：华为云计算部门主要做云服务、公有云、云平台及数字化平台等云相关业务。 
●2012中央媒体院： 中媒鸿蒙项目新增软件开发和软件测试（开发和测试都必须是C++） 
●除此以外，智能车、计算产品线、2012实验室、GTS、海思等部门都有需求
 

 工作地址: 上海浦东金桥 or 青浦炼秋湖华为研究所
 
在招岗位： 
Java开发 
C/C++研发 
Python研发 
算法研发 
web前端 
软件测试 
数据开发/大数据
 大模型算法","[""岗位要求："", ""1、大学本科及以上学历，计算机、通信、自动化等理工科相关专业。"", ""2、基本掌握C/C++/Java/Python等一种或多种语言的开发应用"", ""3、具有良好的沟通能力，刻苦、敬业、有上进心，对技术有激情，喜欢钻研，有较强的独立、主动的学习能力。"", ""4、没有工作经验的25届同学亦可，需要具备较好的学习能力"", ""其他业务：业务简介："", ""●Car Bu：问界智能车、智能驾驶、驾驶座舱、车载软件"", ""●终端：华为手机、PC、平板、可穿戴产品、智慧办公等产品研发"", ""●数存：华为数据存储部门主要着力于数据存储技术研发，业务排名国内第一。发展快，技术前沿。"", ""●数字能源：部门业务涵盖了光伏发电、智能锂电池、电车机电系统、超速充电桩、模块电池、网络配电数据中心（国家新基建重点项目）、能源云等方向。是现在发展最快的行业之一。"", ""●华为云：华为云计算部门主要做云服务、公有云、云平台及数字化平台等云相关业务。"", ""●2012中央媒体院： 中媒鸿蒙项目新增软件开发和软件测试（开发和测试都必须是C++）"", ""●除此以外，智能车、计算产品线、2012实验室、GTS、海思等部门都有需求"", ""工作地址: 上海浦东金桥 or 青浦炼秋湖华为研究所"", ""在招岗位："", ""Java开发"", ""C/C++研发"", ""Python研发"", ""算法研发"", ""web前端"", ""软件测试"", ""数据开发/大数据"", ""大模型算法""]","[""岗位要求："", ""1、大学本科及以上学历，计算机、通信、自动化等理工科相关专业。"", ""2、基本掌握C/C++/Java/Python等一种或多种语言的开发应用"", ""3、具有良好的沟通能力，刻苦、敬业、有上进心，对技术有激情，喜欢钻研，有较强的独立、主动的学习能力。"", ""4、没有工作经验的25届同学亦可，需要具备较好的学习能力"", ""其他业务：业务简介："", ""●Car Bu：问界智能车、智能驾驶、驾驶座舱、车载软件"", ""●终端：华为手机、PC、平板、可穿戴产品、智慧办公等产品研发"", ""●数存：华为数据存储部门主要着力于数据存储技术研发，业务排名国内第一。发展快，技术前沿。"", ""●数字能源：部门业务涵盖了光伏发电、智能锂电池、电车机电系统、超速充电桩、模块电池、网络配电数据中心（国家新基建重点项目）、能源云等方向。是现在发展最快的行业之一。"", ""●华为云：华为云计算部门主要做云服务、公有云、云平台及数字化平台等云相关业务。"", ""●2012中央媒体院： 中媒鸿蒙项目新增软件开发和软件测试（开发和测试都必须是C++）"", ""●除此以外，智能车、计算产品线、2012实验室、GTS、海思等部门都有需求"", ""工作地址: 上海浦东金桥 or 青浦炼秋湖华为研究所"", ""在招岗位："", ""Java开发"", ""C/C++研发"", ""Python研发"", ""算法研发"", ""web前端"", ""软件测试"", ""数据开发/大数据"", ""大模型算法""]","[""JavaScript""]","[""JavaScript""]",http://www.zhaopin.com/jobdetail/CCL1480117890J40861456805.htm,2026-06-18T09:55:02.053Z
job_platform,zhaopin,1,40478452616,Python开发工程师+急招+双休+流程快速,软通动力信息技术(集团)股份有限公司,软件/IT服务,深圳 龙岗,2,22000,3-5年,本科,2026-06-16 10:23:14,"任职要求：
1、基础能力（必备）：熟练掌握Python基础语法，具备扎实的后端开发能力，熟悉常用数据结构与算法，代码规范整洁，具备独立开发、调试、排错能力。
2、接口开发能力（必备）：熟练使用 FastAPI/Flask 任意一种主流框架，能够独立开发、封装、调试RESTful API接口，熟悉接口请求、参数校验、异常处理、接口联调流程。
3、数据处理能力（必备）：熟练使用 Pandas、Numpy 进行数据清洗、去重、结构化处理、格式转换、批量数据加工，能够应对业务各类复杂数据处理场景。
4、ES搜索引擎能力（核心必备）：熟悉 Elasticsearch 基础原理与实操开发，掌握索引管理、文档增删改查、match模糊查询、term精准查询、聚合查询、分页排序等常用操作，有知识库检索、文本检索相关开发经验优先。
5、AI Agent项目基础（加分）：了解AI Agent基本概念与开发逻辑，熟悉大模型对接、工具调用、Prompt优化、知识库联动等基础流程，有Agent、智能问答、RAG检索增强项目开发经验优先。","[""任职要求："", ""1、基础能力（必备）：熟练掌握Python基础语法，具备扎实的后端开发能力，熟悉常用数据结构与算法，代码规范整洁，具备独立开发、调试、排错能力。"", ""2、接口开发能力（必备）：熟练使用 FastAPI/Flask 任意一种主流框架，能够独立开发、封装、调试RESTful API接口，熟悉接口请求、参数校验、异常处理、接口联调流程。"", ""3、数据处理能力（必备）：熟练使用 Pandas、Numpy 进行数据清洗、去重、结构化处理、格式转换、批量数据加工，能够应对业务各类复杂数据处理场景。"", ""4、ES搜索引擎能力（核心必备）：熟悉 Elasticsearch 基础原理与实操开发，掌握索引管理、文档增删改查、match模糊查询、term精准查询、聚合查询、分页排序等常用操作，有知识库检索、文本检索相关开发经验优先。"", ""5、AI Agent项目基础（加分）：了解AI Agent基本概念与开发逻辑，熟悉大模型对接、工具调用、Prompt优化、知识库联动等基础流程，有Agent、智能问答、RAG检索增强项目开发经验优先。""]","[""任职要求："", ""1、基础能力（必备）：熟练掌握Python基础语法，具备扎实的后端开发能力，熟悉常用数据结构与算法，代码规范整洁，具备独立开发、调试、排错能力。"", ""2、接口开发能力（必备）：熟练使用 FastAPI/Flask 任意一种主流框架，能够独立开发、封装、调试RESTful API接口，熟悉接口请求、参数校验、异常处理、接口联调流程。"", ""3、数据处理能力（必备）：熟练使用 Pandas、Numpy 进行数据清洗、去重、结构化处理、格式转换、批量数据加工，能够应对业务各类复杂数据处理场景。"", ""4、ES搜索引擎能力（核心必备）：熟悉 Elasticsearch 基础原理与实操开发，掌握索引管理、文档增删改查、match模糊查询、term精准查询、聚合查询、分页排序等常用操作，有知识库检索、文本检索相关开发经验优先。"", ""5、AI Agent项目基础（加分）：了解AI Agent基本概念与开发逻辑，熟悉大模型对接、工具调用、Prompt优化、知识库联动等基础流程，有Agent、智能问答、RAG检索增强项目开发经验优先。""]","[""Linux"", ""Python"", ""Flask"", ""Pandas"", ""ElasticSearch""]","[""Linux"", ""Python"", ""Flask"", ""Pandas"", ""ElasticSearch""]",http://www.zhaopin.com/jobdetail/CC000544460J40478452616.htm,2026-06-18T09:55:02.053Z
job_platform,zhaopin,1,40858029701,Java开发工程师（会python）,深圳市永达电子信息股份有限公司,信息安全,深圳 南山,1,16000,3-5年,本科,2026-06-16 11:22:43,"工作职责
 基于电商业务场景（如交易链路、用户数据管理），负责信息安全产品的Java后端模块设计与开发，保障核心业务的安全性与稳定性。
 运用Python开发电商安全相关的自动化工具（如订单风险检测脚本、用户行为分析工具），提升业务风险防控效率。
 结合电商高并发特性，优化系统架构与性能，解决分布式环境下的数据一致性与安全防护问题。
 参与电商安全需求评审，输出符合业务场景的技术方案，推动安全能力在电商业务中的落地。
 
任职要求
 本科及以上学历，计算机相关专业，3年以上Java开发经验，有电商平台或电商安全产品开发背景优先。
 精通Java生态（Spring Boot、MyBatis等）及微服务架构，熟悉分布式系统设计与高并发解决方案。
 熟练掌握Python语言，具备使用Python进行电商数据处理、自动化脚本开发或安全工具开发的实践经验。
 理解电商核心业务流程（交易、支付、用户体系），能结合信息安全技术解决业务场景中的安全痛点。
 具备良好的团队协作能力与问题分析能力，能独立完成复杂技术模块的设计与实现。","[""工作职责"", ""基于电商业务场景（如交易链路、用户数据管理），负责信息安全产品的Java后端模块设计与开发，保障核心业务的安全性与稳定性。"", ""运用Python开发电商安全相关的自动化工具（如订单风险检测脚本、用户行为分析工具），提升业务风险防控效率。"", ""结合电商高并发特性，优化系统架构与性能，解决分布式环境下的数据一致性与安全防护问题。"", ""参与电商安全需求评审，输出符合业务场景的技术方案，推动安全能力在电商业务中的落地。"", ""任职要求"", ""本科及以上学历，计算机相关专业，3年以上Java开发经验，有电商平台或电商安全产品开发背景优先。"", ""精通Java生态（Spring Boot、MyBatis等）及微服务架构，熟悉分布式系统设计与高并发解决方案。"", ""熟练掌握Python语言，具备使用Python进行电商数据处理、自动化脚本开发或安全工具开发的实践经验。"", ""理解电商核心业务流程（交易、支付、用户体系），能结合信息安全技术解决业务场景中的安全痛点。"", ""具备良好的团队协作能力与问题分析能力，能独立完成复杂技术模块的设计与实现。""]","[""工作职责"", ""基于电商业务场景（如交易链路、用户数据管理），负责信息安全产品的Java后端模块设计与开发，保障核心业务的安全性与稳定性。"", ""运用Python开发电商安全相关的自动化工具（如订单风险检测脚本、用户行为分析工具），提升业务风险防控效率。"", ""结合电商高并发特性，优化系统架构与性能，解决分布式环境下的数据一致性与安全防护问题。"", ""参与电商安全需求评审，输出符合业务场景的技术方案，推动安全能力在电商业务中的落地。"", ""任职要求"", ""本科及以上学历，计算机相关专业，3年以上Java开发经验，有电商平台或电商安全产品开发背景优先。"", ""精通Java生态（Spring Boot、MyBatis等）及微服务架构，熟悉分布式系统设计与高并发解决方案。"", ""熟练掌握Python语言，具备使用Python进行电商数据处理、自动化脚本开发或安全工具开发的实践经验。"", ""理解电商核心业务流程（交易、支付、用户体系），能结合信息安全技术解决业务场景中的安全痛点。"", ""具备良好的团队协作能力与问题分析能力，能独立完成复杂技术模块的设计与实现。""]","[""分布式系统"", ""高并发经验"", ""Python""]","[""分布式系统"", ""高并发经验"", ""Python""]",http://www.zhaopin.com/jobdetail/CC602497920J40858029701.htm,2026-06-18T09:55:02.053Z
job_platform,zhaopin,1,40861275005,C++/python/Java/C/C# （一年半以上经验，有力扣经验最佳）线上面试,外企德科数字技术有限公司,软件/IT服务,深圳 龙岗,2,30000,经验不限,本科,2026-06-18 00:32:56,"工作职责
1. 参与企业级软件开发项目，根据需求文档完成模块代码的编写、调试与单元测试。
2. 配合团队完成项目任务拆解与进度跟进，确保交付质量与时间节点达成。
3. 参与内部技术分享与培训，主动学习前沿技术，快速提升专业技能。
4. 严格遵循公司编码规范与质量标准，保障系统的稳定性与可维护性。
任职要求
1. 统招本科及以上学历，计算机相关专业优先。
2. 熟练掌握Java/C/C++/Python/C中的至少一种主流开发语言，了解基础数据结构与算法。
3. 具备较强的逻辑思维与学习能力，能快速上手新技术栈。
4. 拥有良好的团队协作意识与沟通表达能力，适应项目组的协作模式。
补充说明
1. 工作地点：北京、上海、南京、杭州、深圳、东莞、长沙、武汉、西安、成都、济南、苏州
2. 薪酬福利：薪资范围10K-40K（根据面试表现核定），年终奖与个人绩效挂钩；入职即缴六险一金，提供免费班车、夜宵及健身房福利
3. 面向人群：24/25届应届生、无经验或考研失利候选人
4. 面试形式：线上面试","[""工作职责"", ""1. 参与企业级软件开发项目，根据需求文档完成模块代码的编写、调试与单元测试。"", ""2. 配合团队完成项目任务拆解与进度跟进，确保交付质量与时间节点达成。"", ""3. 参与内部技术分享与培训，主动学习前沿技术，快速提升专业技能。"", ""4. 严格遵循公司编码规范与质量标准，保障系统的稳定性与可维护性。"", ""任职要求"", ""1. 统招本科及以上学历，计算机相关专业优先。"", ""2. 熟练掌握Java/C/C++/Python/C中的至少一种主流开发语言，了解基础数据结构与算法。"", ""3. 具备较强的逻辑思维与学习能力，能快速上手新技术栈。"", ""4. 拥有良好的团队协作意识与沟通表达能力，适应项目组的协作模式。"", ""补充说明"", ""1. 工作地点：北京、上海、南京、杭州、深圳、东莞、长沙、武汉、西安、成都、济南、苏州"", ""2. 薪酬福利：薪资范围10K-40K（根据面试表现核定），年终奖与个人绩效挂钩；入职即缴六险一金，提供免费班车、夜宵及健身房福利"", ""3. 面向人群：24/25届应届生、无经验或考研失利候选人"", ""4. 面试形式：线上面试""]","[""工作职责"", ""1. 参与企业级软件开发项目，根据需求文档完成模块代码的编写、调试与单元测试。"", ""2. 配合团队完成项目任务拆解与进度跟进，确保交付质量与时间节点达成。"", ""3. 参与内部技术分享与培训，主动学习前沿技术，快速提升专业技能。"", ""4. 严格遵循公司编码规范与质量标准，保障系统的稳定性与可维护性。"", ""任职要求"", ""1. 统招本科及以上学历，计算机相关专业优先。"", ""2. 熟练掌握Java/C/C++/Python/C中的至少一种主流开发语言，了解基础数据结构与算法。"", ""3. 具备较强的逻辑思维与学习能力，能快速上手新技术栈。"", ""4. 拥有良好的团队协作意识与沟通表达能力，适应项目组的协作模式。"", ""补充说明"", ""1. 工作地点：北京、上海、南京、杭州、深圳、东莞、长沙、武汉、西安、成都、济南、苏州"", ""2. 薪酬福利：薪资范围10K-40K（根据面试表现核定），年终奖与个人绩效挂钩；入职即缴六险一金，提供免费班车、夜宵及健身房福利"", ""3. 面向人群：24/25届应届生、无经验或考研失利候选人"", ""4. 面试形式：线上面试""]","[""Java"", ""C语言"", ""Python"", ""模块开发与调试"", ""团队协作""]","[""Java"", ""C语言"", ""Python"", ""模块开发与调试"", ""团队协作""]",http://www.zhaopin.com/jobdetail/CCL1480117890J40861275005.htm,2026-06-18T09:55:02.053Z
job_platform,zhaopin,1,40930417104,python爬虫（实习）,深圳市胖达摸鱼科技有限公司,产业互联网平台,深圳 宝安,100,200,经验不限,大专,2026-06-16 01:09:59,"欢迎2027届实习生加入，需线下面试
我们只考虑人在深圳的小伙伴，请投递简历时留意这点。
工作描述：
1. 参与公司数据采集与分析项目工作；
2. 参与数据采集与分析代码编写、单元测试和bug修复工作；
3. 根据产品和项目情况，优化及维护代码；
4. 根据产品开发规范，完成相关技术文档编写；
技能要求：
1、需熟悉js逆向；
2、负责分布式爬虫系统的核心架构设计以及系统规划;
4、破解反爬机制，优化爬虫路由调度策略
5、分析静态网页结构，解析网页数据，对数据进行过滤，去重，结构化处理;
6、设计优化爬虫调度系统，优化调度策略
7、负责高性能爬虫系统的后台监控、报警模块的开发。
关键词,爬虫,js逆向,验证码破解","[""欢迎2027届实习生加入，需线下面试"", ""我们只考虑人在深圳的小伙伴，请投递简历时留意这点。"", ""工作描述："", ""1. 参与公司数据采集与分析项目工作；"", ""2. 参与数据采集与分析代码编写、单元测试和bug修复工作；"", ""3. 根据产品和项目情况，优化及维护代码；"", ""4. 根据产品开发规范，完成相关技术文档编写；"", ""技能要求："", ""1、需熟悉js逆向；"", ""2、负责分布式爬虫系统的核心架构设计以及系统规划;"", ""4、破解反爬机制，优化爬虫路由调度策略"", ""5、分析静态网页结构，解析网页数据，对数据进行过滤，去重，结构化处理;"", ""6、设计优化爬虫调度系统，优化调度策略"", ""7、负责高性能爬虫系统的后台监控、报警模块的开发。"", ""关键词,爬虫,js逆向,验证码破解""]","[""欢迎2027届实习生加入，需线下面试"", ""我们只考虑人在深圳的小伙伴，请投递简历时留意这点。"", ""工作描述："", ""1. 参与公司数据采集与分析项目工作；"", ""2. 参与数据采集与分析代码编写、单元测试和bug修复工作；"", ""3. 根据产品和项目情况，优化及维护代码；"", ""4. 根据产品开发规范，完成相关技术文档编写；"", ""技能要求："", ""1、需熟悉js逆向；"", ""2、负责分布式爬虫系统的核心架构设计以及系统规划;"", ""4、破解反爬机制，优化爬虫路由调度策略"", ""5、分析静态网页结构，解析网页数据，对数据进行过滤，去重，结构化处理;"", ""6、设计优化爬虫调度系统，优化调度策略"", ""7、负责高性能爬虫系统的后台监控、报警模块的开发。"", ""关键词,爬虫,js逆向,验证码破解""]","[""Python"", ""SQL""]","[""Python"", ""SQL""]",http://www.zhaopin.com/jobdetail/CCL1330884060J40930417104.htm,2026-06-18T09:55:02.053Z
job_platform,zhaopin,1,40716368706,python运维开发工程师-深圳,深圳市法本信息技术股份有限公司,软件/IT服务,深圳 南山,2,18000,3-5年,大专,2026-06-16 01:16:48,"1、混合云运维平台开发,负责混合云环境下的云管平台(CMDB、自动化运维、资源调度等)的开发,构建智能化运维体系,提升运维效率。结合AIOps技术,实现故障预测、异常检测、智能告警等能力,推动运维自动化与智能化落地。 
 2、团队协作与改进与项目组协作，协助识别和优化运维流程中的风险点。编写自动化运维工具的使用文档，提升团队效率。 

任职要求 1.本科及以上学历,计算机、软件工程等相关专业,2年以上运维开发和运维经验。 
 2.精通python，熟悉django、celery的使用,熟悉Ansiblee、SaltStack、Terraform等运维工具,对AIOps熟悉者优先。 
 3.熟练掌握监控、日志分析、故障处理、性能调优等运维操作,对Linux原理有熟悉者优先。 
 4.熟悉容器化技术,具备容器编排和集群管理经验。了解分布布式系统原理,熟悉常见的分布式系统架构模式(如微服务架构)。 
 5.具备良好的团队合作精神,善于沟通,积极主动,对技术有激情,爱挑战。","[""1、混合云运维平台开发,负责混合云环境下的云管平台(CMDB、自动化运维、资源调度等)的开发,构建智能化运维体系,提升运维效率。结合AIOps技术,实现故障预测、异常检测、智能告警等能力,推动运维自动化与智能化落地。"", ""2、团队协作与改进与项目组协作，协助识别和优化运维流程中的风险点。编写自动化运维工具的使用文档，提升团队效率。"", ""任职要求 1.本科及以上学历,计算机、软件工程等相关专业,2年以上运维开发和运维经验。"", ""2.精通python，熟悉django、celery的使用,熟悉Ansiblee、SaltStack、Terraform等运维工具,对AIOps熟悉者优先。"", ""3.熟练掌握监控、日志分析、故障处理、性能调优等运维操作,对Linux原理有熟悉者优先。"", ""4.熟悉容器化技术,具备容器编排和集群管理经验。了解分布布式系统原理,熟悉常见的分布式系统架构模式(如微服务架构)。"", ""5.具备良好的团队合作精神,善于沟通,积极主动,对技术有激情,爱挑战。""]","[""1、混合云运维平台开发,负责混合云环境下的云管平台(CMDB、自动化运维、资源调度等)的开发,构建智能化运维体系,提升运维效率。结合AIOps技术,实现故障预测、异常检测、智能告警等能力,推动运维自动化与智能化落地。"", ""2、团队协作与改进与项目组协作，协助识别和优化运维流程中的风险点。编写自动化运维工具的使用文档，提升团队效率。"", ""任职要求 1.本科及以上学历,计算机、软件工程等相关专业,2年以上运维开发和运维经验。"", ""2.精通python，熟悉django、celery的使用,熟悉Ansiblee、SaltStack、Terraform等运维工具,对AIOps熟悉者优先。"", ""3.熟练掌握监控、日志分析、故障处理、性能调优等运维操作,对Linux原理有熟悉者优先。"", ""4.熟悉容器化技术,具备容器编排和集群管理经验。了解分布布式系统原理,熟悉常见的分布式系统架构模式(如微服务架构)。"", ""5.具备良好的团队合作精神,善于沟通,积极主动,对技术有激情,爱挑战。""]","[""系统运维"", ""Python"", ""Ansible""]","[""系统运维"", ""Python"", ""Ansible""]",http://www.zhaopin.com/jobdetail/CC385622410J40716368706.htm,2026-06-18T09:55:02.053Z
job_platform,zhaopin,1,40874898205,python开发工程师,外企德科数字技术有限公司,软件/IT服务,深圳 龙岗,2,30000,经验不限,本科,2026-06-18 00:33:54,"【福利待遇]
1、六险一金全额缴纳、为期半年的老员工1对1带教，周末双休、年终奖丰厚、双倍加班费、班车福利、每年1-2次调薪机会;
2、初级、中级、高级岗位均有招聘需求
3、每年有一次调薪/职级调整机会;
4、薪资构成:基本薪资+绩效工资，定级薪资和绩效考核标准参考正式员工标准
[岗位要求]
1、本科及以上学历;
2、掌握C++/Java/Go/Web/python其中一种编程语言，有良好的编程习惯、热爱编程;
3、对基本数据结构和算法有一定了解
4、具备良好的解决问题能力、善于沟通、乐于合作;
5、扎实的计算机基础，具备优秀的学习能力和逻辑思维能力，善于分析问题和解决问题有关键独立模块设计、开发和维护经验","[""【福利待遇]"", ""1、六险一金全额缴纳、为期半年的老员工1对1带教，周末双休、年终奖丰厚、双倍加班费、班车福利、每年1-2次调薪机会;"", ""2、初级、中级、高级岗位均有招聘需求"", ""3、每年有一次调薪/职级调整机会;"", ""4、薪资构成:基本薪资+绩效工资，定级薪资和绩效考核标准参考正式员工标准"", ""[岗位要求]"", ""1、本科及以上学历;"", ""2、掌握C++/Java/Go/Web/python其中一种编程语言，有良好的编程习惯、热爱编程;"", ""3、对基本数据结构和算法有一定了解"", ""4、具备良好的解决问题能力、善于沟通、乐于合作;"", ""5、扎实的计算机基础，具备优秀的学习能力和逻辑思维能力，善于分析问题和解决问题有关键独立模块设计、开发和维护经验""]","[""【福利待遇]"", ""1、六险一金全额缴纳、为期半年的老员工1对1带教，周末双休、年终奖丰厚、双倍加班费、班车福利、每年1-2次调薪机会;"", ""2、初级、中级、高级岗位均有招聘需求"", ""3、每年有一次调薪/职级调整机会;"", ""4、薪资构成:基本薪资+绩效工资，定级薪资和绩效考核标准参考正式员工标准"", ""[岗位要求]"", ""1、本科及以上学历;"", ""2、掌握C++/Java/Go/Web/python其中一种编程语言，有良好的编程习惯、热爱编程;"", ""3、对基本数据结构和算法有一定了解"", ""4、具备良好的解决问题能力、善于沟通、乐于合作;"", ""5、扎实的计算机基础，具备优秀的学习能力和逻辑思维能力，善于分析问题和解决问题有关键独立模块设计、开发和维护经验""]","[""Java"", ""C++"", ""JavaScript""]","[""Java"", ""C++"", ""JavaScript""]",http://www.zhaopin.com/jobdetail/CCL1480117890J40874898205.htm,2026-06-18T09:55:02.053Z
job_platform,zhaopin,1,40874776805,python开发工程师,徽通科技集团有限公司,金融科技/数字金融,深圳 南山,1,14000,3-5年,本科,2026-06-15 16:14:54,"岗位职责
1. 负责自动化测试平台的Python开发与日常维护。
2. 遵循行业合规与内控要求，保障测试过程安全规范。 
任职要求 
1. 本科及以上学历，精通Python。 
2. 有金融经验优先。工作严谨、责任心强，具备金融系统质量风险意识。","[""岗位职责"", ""1. 负责自动化测试平台的Python开发与日常维护。"", ""2. 遵循行业合规与内控要求，保障测试过程安全规范。"", ""任职要求"", ""1. 本科及以上学历，精通Python。"", ""2. 有金融经验优先。工作严谨、责任心强，具备金融系统质量风险意识。""]","[""岗位职责"", ""1. 负责自动化测试平台的Python开发与日常维护。"", ""2. 遵循行业合规与内控要求，保障测试过程安全规范。"", ""任职要求"", ""1. 本科及以上学历，精通Python。"", ""2. 有金融经验优先。工作严谨、责任心强，具备金融系统质量风险意识。""]",[],[],http://www.zhaopin.com/jobdetail/CC622613120J40874776805.htm,2026-06-18T09:55:02.053Z
job_platform,zhaopin,2,40913059512,Python开发工程师,中软国际,软件/IT服务,深圳 龙岗,面议,面议,1-3年,本科,2026-06-15 15:31:21,"1.具有统招本科以上学历，理工专业； 2.要求1年以上python项目开发经验，精通Python语言，测试框架开发经验等；
 3.熟悉基于Python的Web开发技术，熟悉Flask、Django、Tornado等常见架构至少一种； 
 4.熟悉H5.CSS、Javascript等前端技术者优先； 
 5.熟悉PostgreSQL，熟悉MySql/MongoDB/Redis/Memcache等优先； 
 6.有大规模RESTful服务和RPC服务开发经验优先； 
 7.具备良好的代码编程习惯及团队合作意识","[""1.具有统招本科以上学历，理工专业； 2.要求1年以上python项目开发经验，精通Python语言，测试框架开发经验等；"", ""3.熟悉基于Python的Web开发技术，熟悉Flask、Django、Tornado等常见架构至少一种；"", ""4.熟悉H5.CSS、Javascript等前端技术者优先；"", ""5.熟悉PostgreSQL，熟悉MySql/MongoDB/Redis/Memcache等优先；"", ""6.有大规模RESTful服务和RPC服务开发经验优先；"", ""7.具备良好的代码编程习惯及团队合作意识""]","[""1.具有统招本科以上学历，理工专业； 2.要求1年以上python项目开发经验，精通Python语言，测试框架开发经验等；"", ""3.熟悉基于Python的Web开发技术，熟悉Flask、Django、Tornado等常见架构至少一种；"", ""4.熟悉H5.CSS、Javascript等前端技术者优先；"", ""5.熟悉PostgreSQL，熟悉MySql/MongoDB/Redis/Memcache等优先；"", ""6.有大规模RESTful服务和RPC服务开发经验优先；"", ""7.具备良好的代码编程习惯及团队合作意识""]",[],[],http://www.zhaopin.com/jobdetail/CC508620120J40913059512.htm,2026-06-18T09:55:02.053Z
job_platform,zhaopin,2,40850629305,C++/python/Java/C/C# （24/25届无经验可投、考研失利）线上面试,外企德科数字技术有限公司,软件/IT服务,深圳 南山,2,30000,经验不限,本科,2026-06-18 00:32:19,"工作职责
1. 参与企业级软件开发项目，根据需求文档完成模块代码的编写、调试与单元测试。
2. 配合团队完成项目任务拆解与进度跟进，确保交付质量与时间节点达成。
3. 参与内部技术分享与培训，主动学习前沿技术，快速提升专业技能。
4. 严格遵循公司编码规范与质量标准，保障系统的稳定性与可维护性。
任职要求
1. 统招本科及以上学历，计算机相关专业优先。
2. 熟练掌握Java/C/C++/Python/C中的至少一种主流开发语言，了解基础数据结构与算法。
3. 具备较强的逻辑思维与学习能力，能快速上手新技术栈。
4. 拥有良好的团队协作意识与沟通表达能力，适应项目组的协作模式。
补充说明
1. 工作地点：北京、上海、南京、杭州、深圳、东莞、长沙、武汉、西安、成都、济南、苏州
2. 薪酬福利：薪资范围10K-40K（根据面试表现核定），年终奖与个人绩效挂钩；入职即缴六险一金，提供免费班车、夜宵及健身房福利
3. 面向人群：24/25届应届生、无经验或考研失利候选人
4. 面试形式：线上面试","[""工作职责"", ""1. 参与企业级软件开发项目，根据需求文档完成模块代码的编写、调试与单元测试。"", ""2. 配合团队完成项目任务拆解与进度跟进，确保交付质量与时间节点达成。"", ""3. 参与内部技术分享与培训，主动学习前沿技术，快速提升专业技能。"", ""4. 严格遵循公司编码规范与质量标准，保障系统的稳定性与可维护性。"", ""任职要求"", ""1. 统招本科及以上学历，计算机相关专业优先。"", ""2. 熟练掌握Java/C/C++/Python/C中的至少一种主流开发语言，了解基础数据结构与算法。"", ""3. 具备较强的逻辑思维与学习能力，能快速上手新技术栈。"", ""4. 拥有良好的团队协作意识与沟通表达能力，适应项目组的协作模式。"", ""补充说明"", ""1. 工作地点：北京、上海、南京、杭州、深圳、东莞、长沙、武汉、西安、成都、济南、苏州"", ""2. 薪酬福利：薪资范围10K-40K（根据面试表现核定），年终奖与个人绩效挂钩；入职即缴六险一金，提供免费班车、夜宵及健身房福利"", ""3. 面向人群：24/25届应届生、无经验或考研失利候选人"", ""4. 面试形式：线上面试""]","[""工作职责"", ""1. 参与企业级软件开发项目，根据需求文档完成模块代码的编写、调试与单元测试。"", ""2. 配合团队完成项目任务拆解与进度跟进，确保交付质量与时间节点达成。"", ""3. 参与内部技术分享与培训，主动学习前沿技术，快速提升专业技能。"", ""4. 严格遵循公司编码规范与质量标准，保障系统的稳定性与可维护性。"", ""任职要求"", ""1. 统招本科及以上学历，计算机相关专业优先。"", ""2. 熟练掌握Java/C/C++/Python/C中的至少一种主流开发语言，了解基础数据结构与算法。"", ""3. 具备较强的逻辑思维与学习能力，能快速上手新技术栈。"", ""4. 拥有良好的团队协作意识与沟通表达能力，适应项目组的协作模式。"", ""补充说明"", ""1. 工作地点：北京、上海、南京、杭州、深圳、东莞、长沙、武汉、西安、成都、济南、苏州"", ""2. 薪酬福利：薪资范围10K-40K（根据面试表现核定），年终奖与个人绩效挂钩；入职即缴六险一金，提供免费班车、夜宵及健身房福利"", ""3. 面向人群：24/25届应届生、无经验或考研失利候选人"", ""4. 面试形式：线上面试""]","[""Java"", ""C语言"", ""Python"", ""模块开发与调试"", ""团队协作""]","[""Java"", ""C语言"", ""Python"", ""模块开发与调试"", ""团队协作""]",http://www.zhaopin.com/jobdetail/CCL1480117890J40850629305.htm,2026-06-18T09:55:02.053Z
job_platform,zhaopin,2,40874777905,python开发工程师,徽通科技集团有限公司,金融科技/数字金融,深圳 南山,1,14000,3-5年,本科,2026-06-15 16:16:11,"岗位职责
1. 负责自动化测试平台的Python开发与日常维护。
2. 遵循行业合规与内控要求，保障测试过程安全规范。 
任职要求 
1. 本科及以上学历，精通Python。 
2. 有金融经验优先。工作严谨、责任心强，具备金融系统质量风险意识。","[""岗位职责"", ""1. 负责自动化测试平台的Python开发与日常维护。"", ""2. 遵循行业合规与内控要求，保障测试过程安全规范。"", ""任职要求"", ""1. 本科及以上学历，精通Python。"", ""2. 有金融经验优先。工作严谨、责任心强，具备金融系统质量风险意识。""]","[""岗位职责"", ""1. 负责自动化测试平台的Python开发与日常维护。"", ""2. 遵循行业合规与内控要求，保障测试过程安全规范。"", ""任职要求"", ""1. 本科及以上学历，精通Python。"", ""2. 有金融经验优先。工作严谨、责任心强，具备金融系统质量风险意识。""]",[],[],http://www.zhaopin.com/jobdetail/CC622613120J40874777905.htm,2026-06-18T09:55:02.053Z
job_platform,zhaopin,2,40898047012,python开发,中软国际,软件/IT服务,深圳 龙岗,面议,面议,1-3年,本科,2026-06-12 18:29:01,"岗位内容：
1. 参与Python Web应用程序的开发和维护。
2. 配合团队完成项目计划和进度，协调解决团队合作中的问题。
3. 编写和维护高质量的代码，确保代码易于理解、可维护和可扩展。
4. 参与应用程序架构设计、性能优化和版本管理。
5. 利用Python技术进行数据分析和处理。
任职要求： 
1. 熟练掌握Python语言，有一定的Web开发经验。
2. 熟悉MySQL、Oracle、MongoDB等常用数据库之一，了解数据库设计和性能优化。
3. 具备基本的Linux操作和维护知识。
4. 能够快速学习新的技术和工具，善于思考和解决问题。
5. 具备较强的团队合作能力和沟通能力。","[""岗位内容："", ""1. 参与Python Web应用程序的开发和维护。"", ""2. 配合团队完成项目计划和进度，协调解决团队合作中的问题。"", ""3. 编写和维护高质量的代码，确保代码易于理解、可维护和可扩展。"", ""4. 参与应用程序架构设计、性能优化和版本管理。"", ""5. 利用Python技术进行数据分析和处理。"", ""任职要求："", ""1. 熟练掌握Python语言，有一定的Web开发经验。"", ""2. 熟悉MySQL、Oracle、MongoDB等常用数据库之一，了解数据库设计和性能优化。"", ""3. 具备基本的Linux操作和维护知识。"", ""4. 能够快速学习新的技术和工具，善于思考和解决问题。"", ""5. 具备较强的团队合作能力和沟通能力。""]","[""岗位内容："", ""1. 参与Python Web应用程序的开发和维护。"", ""2. 配合团队完成项目计划和进度，协调解决团队合作中的问题。"", ""3. 编写和维护高质量的代码，确保代码易于理解、可维护和可扩展。"", ""4. 参与应用程序架构设计、性能优化和版本管理。"", ""5. 利用Python技术进行数据分析和处理。"", ""任职要求："", ""1. 熟练掌握Python语言，有一定的Web开发经验。"", ""2. 熟悉MySQL、Oracle、MongoDB等常用数据库之一，了解数据库设计和性能优化。"", ""3. 具备基本的Linux操作和维护知识。"", ""4. 能够快速学习新的技术和工具，善于思考和解决问题。"", ""5. 具备较强的团队合作能力和沟通能力。""]","[""Django"", ""PyQt""]","[""Django"", ""PyQt""]",http://www.zhaopin.com/jobdetail/CC508620120J40898047012.htm,2026-06-18T09:55:02.053Z
job_platform,zhaopin,2,40831612405,java C++ python js C 少量测试，接受应届生无经验,外企德科数字技术有限公司,软件/IT服务,深圳 龙岗,2,40000,1-3年,本科,2026-06-18 00:31:25,"岗位内容：
1. 设计和实现高效的算法，解决现有系统存在的问题。
2. 利用数学、统计学和机器学习等相关领域的知识，分析海量数据并进行建模。
3. 优化算法实现，并保证代码的可扩展性和可维护性。
4. 开发和维护算法服务，并与其他团队密切合作。
任职要求：
1. 具备扎实的计算机科学基础和深入的算法理论知识。
2. 熟悉至少一种编程语言（如C++、Python）和常用的开发工具（如Git）。
3. 至少有一年以上的算法开发经验。
4. 具备良好的团队协作能力和沟通能力。","[""岗位内容："", ""1. 设计和实现高效的算法，解决现有系统存在的问题。"", ""2. 利用数学、统计学和机器学习等相关领域的知识，分析海量数据并进行建模。"", ""3. 优化算法实现，并保证代码的可扩展性和可维护性。"", ""4. 开发和维护算法服务，并与其他团队密切合作。"", ""任职要求："", ""1. 具备扎实的计算机科学基础和深入的算法理论知识。"", ""2. 熟悉至少一种编程语言（如C++、Python）和常用的开发工具（如Git）。"", ""3. 至少有一年以上的算法开发经验。"", ""4. 具备良好的团队协作能力和沟通能力。""]","[""岗位内容："", ""1. 设计和实现高效的算法，解决现有系统存在的问题。"", ""2. 利用数学、统计学和机器学习等相关领域的知识，分析海量数据并进行建模。"", ""3. 优化算法实现，并保证代码的可扩展性和可维护性。"", ""4. 开发和维护算法服务，并与其他团队密切合作。"", ""任职要求："", ""1. 具备扎实的计算机科学基础和深入的算法理论知识。"", ""2. 熟悉至少一种编程语言（如C++、Python）和常用的开发工具（如Git）。"", ""3. 至少有一年以上的算法开发经验。"", ""4. 具备良好的团队协作能力和沟通能力。""]","[""C++"", ""C"", ""Python"", ""Spring"", ""Shiro"", ""Struts"", ""MySQL"", ""PostgreSQL"", ""Oracle"", ""核心项目"", ""入职会有导师带领""]","[""C++"", ""C"", ""Python"", ""Spring"", ""Shiro"", ""Struts"", ""MySQL"", ""PostgreSQL"", ""Oracle"", ""核心项目"", ""入职会有导师带领""]",http://www.zhaopin.com/jobdetail/CCL1480117890J40831612405.htm,2026-06-18T09:55:02.053Z
job_platform,zhaopin,2,40874779605,python开发工程师,徽通科技集团有限公司,金融科技/数字金融,深圳 南山,1,14000,3-5年,本科,2026-06-15 16:21:06,"岗位职责
1. 负责自动化测试平台的Python开发与日常维护。
2. 遵循行业合规与内控要求，保障测试过程安全规范。 
任职要求 
1. 统招本科及以上学历，计算机专业，精通Python。 
2. 有金融经验优先。工作严谨、责任心强，具备金融系统质量风险意识。","[""岗位职责"", ""1. 负责自动化测试平台的Python开发与日常维护。"", ""2. 遵循行业合规与内控要求，保障测试过程安全规范。"", ""任职要求"", ""1. 统招本科及以上学历，计算机专业，精通Python。"", ""2. 有金融经验优先。工作严谨、责任心强，具备金融系统质量风险意识。""]","[""岗位职责"", ""1. 负责自动化测试平台的Python开发与日常维护。"", ""2. 遵循行业合规与内控要求，保障测试过程安全规范。"", ""任职要求"", ""1. 统招本科及以上学历，计算机专业，精通Python。"", ""2. 有金融经验优先。工作严谨、责任心强，具备金融系统质量风险意识。""]",[],[],http://www.zhaopin.com/jobdetail/CC622613120J40874779605.htm,2026-06-18T09:55:02.053Z
job_platform,zhaopin,2,40774498106,中/高级软件开发工程师（Python/Go）-线上面试,深圳市法本信息技术股份有限公司,软件/IT服务,深圳 南山,1,21000,3-5年,大专,2026-06-12 14:25:04,"1. 负责数据平台的设计、开发与日常运维，保障平台稳定运行；
2. 开发和维护数据生产流水线（数据采集、清洗、标注、质检、交付等环节），持续优化流程效率；
3. 搭建和完善数据管理工具，包括数据集管理、版本管理、质量监控等功能模块；
4. 编写数据处理脚本与自动化工具，提升数据生产效率，减少人工操作；
5. 监控数据流水线运行状态，排查和修复数据异常、pipeline故障等问题；
6. 配合算法团队完成数据需求对接，理解数据规格要求并落地到生产流程中；
7. 编写技术文档，沉淀开发运维经验和最佳实践。
1. 专科及以上学历，计算机、软件工程等相关专业，2年以上开发经验；
2. 熟练掌握Python/Go，具备良好的编码习惯和工程化能力；
3. 熟悉Linux操作系统，能独立完成服务部署、问题排查等运维工作；
4. 熟悉SQL及常用数据库（MySQL/PostgreSQL等），有数据处理和ETL相关经验；
5. 了解Docker、CI/CD等DevOps工具链，有容器化部署经验优先；
6. 有较强的问题分析和解决能力，能主动发现和优化流程瓶颈；
7. 有以下经验者优先：自动驾驶/机器人等领域数据闭环经经验、熟悉Kubernetes或大数据组件（Spark/Airflow等）。","[""1. 负责数据平台的设计、开发与日常运维，保障平台稳定运行；"", ""2. 开发和维护数据生产流水线（数据采集、清洗、标注、质检、交付等环节），持续优化流程效率；"", ""3. 搭建和完善数据管理工具，包括数据集管理、版本管理、质量监控等功能模块；"", ""4. 编写数据处理脚本与自动化工具，提升数据生产效率，减少人工操作；"", ""5. 监控数据流水线运行状态，排查和修复数据异常、pipeline故障等问题；"", ""6. 配合算法团队完成数据需求对接，理解数据规格要求并落地到生产流程中；"", ""7. 编写技术文档，沉淀开发运维经验和最佳实践。"", ""1. 专科及以上学历，计算机、软件工程等相关专业，2年以上开发经验；"", ""2. 熟练掌握Python/Go，具备良好的编码习惯和工程化能力；"", ""3. 熟悉Linux操作系统，能独立完成服务部署、问题排查等运维工作；"", ""4. 熟悉SQL及常用数据库（MySQL/PostgreSQL等），有数据处理和ETL相关经验；"", ""5. 了解Docker、CI/CD等DevOps工具链，有容器化部署经验优先；"", ""6. 有较强的问题分析和解决能力，能主动发现和优化流程瓶颈；"", ""7. 有以下经验者优先：自动驾驶/机器人等领域数据闭环经经验、熟悉Kubernetes或大数据组件（Spark/Airflow等）。""]","[""1. 负责数据平台的设计、开发与日常运维，保障平台稳定运行；"", ""2. 开发和维护数据生产流水线（数据采集、清洗、标注、质检、交付等环节），持续优化流程效率；"", ""3. 搭建和完善数据管理工具，包括数据集管理、版本管理、质量监控等功能模块；"", ""4. 编写数据处理脚本与自动化工具，提升数据生产效率，减少人工操作；"", ""5. 监控数据流水线运行状态，排查和修复数据异常、pipeline故障等问题；"", ""6. 配合算法团队完成数据需求对接，理解数据规格要求并落地到生产流程中；"", ""7. 编写技术文档，沉淀开发运维经验和最佳实践。"", ""1. 专科及以上学历，计算机、软件工程等相关专业，2年以上开发经验；"", ""2. 熟练掌握Python/Go，具备良好的编码习惯和工程化能力；"", ""3. 熟悉Linux操作系统，能独立完成服务部署、问题排查等运维工作；"", ""4. 熟悉SQL及常用数据库（MySQL/PostgreSQL等），有数据处理和ETL相关经验；"", ""5. 了解Docker、CI/CD等DevOps工具链，有容器化部署经验优先；"", ""6. 有较强的问题分析和解决能力，能主动发现和优化流程瓶颈；"", ""7. 有以下经验者优先：自动驾驶/机器人等领域数据闭环经经验、熟悉Kubernetes或大数据组件（Spark/Airflow等）。""]","[""DEVOPS"", ""Python"", ""GO""]","[""DEVOPS"", ""Python"", ""GO""]",http://www.zhaopin.com/jobdetail/CC385622410J40774498106.htm,2026-06-18T09:55:02.053Z
job_platform,zhaopin,2,40862890705,高薪Java/c++/python全额社保/双休16薪,外企德科数字技术有限公司,软件/IT服务,深圳 龙岗,1,26000,经验不限,本科,2026-06-18 00:33:02,"1:统招大学，理工科相关。毕业证学位证齐全
2.计算机相关专业或具备计算机相关经验，本科及以上学历,大学结尾
3.会一种语言就可C go Python、JAVA、JS、测试C++
4.华为目前在招城市:北京、上海、深圳、杭州、南京、西安、成都、武汉，以上研究院均有hc
5.华为目前在招产品线:BPIT，消费者终端，2012实验室，carbu，IT装备部，华为云，GTS，数字能源，光，无线，云核，公共开发，计算产品线，数存，数通，存储、数据库、云计算、人工智能、智能驾驶、音视频、实验室、芯片等5:福利待遇
6.全程线上面试，全额六险一金，试用期全薪资，有班车和食堂，独立办公园区
工作时间:弹性打卡，周末双休，每天早上9点上班，12-2点午休2小时，提供免费夜宵，周三周五家庭日，月末最后一个周六上班双倍加班费","[""1:统招大学，理工科相关。毕业证学位证齐全"", ""2.计算机相关专业或具备计算机相关经验，本科及以上学历,大学结尾"", ""3.会一种语言就可C go Python、JAVA、JS、测试C++"", ""4.华为目前在招城市:北京、上海、深圳、杭州、南京、西安、成都、武汉，以上研究院均有hc"", ""5.华为目前在招产品线:BPIT，消费者终端，2012实验室，carbu，IT装备部，华为云，GTS，数字能源，光，无线，云核，公共开发，计算产品线，数存，数通，存储、数据库、云计算、人工智能、智能驾驶、音视频、实验室、芯片等5:福利待遇"", ""6.全程线上面试，全额六险一金，试用期全薪资，有班车和食堂，独立办公园区"", ""工作时间:弹性打卡，周末双休，每天早上9点上班，12-2点午休2小时，提供免费夜宵，周三周五家庭日，月末最后一个周六上班双倍加班费""]","[""1:统招大学，理工科相关。毕业证学位证齐全"", ""2.计算机相关专业或具备计算机相关经验，本科及以上学历,大学结尾"", ""3.会一种语言就可C go Python、JAVA、JS、测试C++"", ""4.华为目前在招城市:北京、上海、深圳、杭州、南京、西安、成都、武汉，以上研究院均有hc"", ""5.华为目前在招产品线:BPIT，消费者终端，2012实验室，carbu，IT装备部，华为云，GTS，数字能源，光，无线，云核，公共开发，计算产品线，数存，数通，存储、数据库、云计算、人工智能、智能驾驶、音视频、实验室、芯片等5:福利待遇"", ""6.全程线上面试，全额六险一金，试用期全薪资，有班车和食堂，独立办公园区"", ""工作时间:弹性打卡，周末双休，每天早上9点上班，12-2点午休2小时，提供免费夜宵，周三周五家庭日，月末最后一个周六上班双倍加班费""]","[""JavaScript"", ""Python"", ""CSS"", ""Spring"", ""Hibernate"", ""Struts"", ""MySQL"", ""PostgreSQL"", ""Oracle""]","[""JavaScript"", ""Python"", ""CSS"", ""Spring"", ""Hibernate"", ""Struts"", ""MySQL"", ""PostgreSQL"", ""Oracle""]",http://www.zhaopin.com/jobdetail/CCL1480117890J40862890705.htm,2026-06-18T09:55:02.053Z
job_platform,zhaopin,2,40250783712,Python开发工程师,中软国际,软件/IT服务,深圳 龙岗,面议,面议,1-3年,本科,2026-06-12 13:42:22,"1.一年以上python开发经验；
2.熟悉python语言(要求熟练掌握CGI,Redis,Clickhouse_driver等第三方模块)；
3.熟悉Sqlite3，DB2，ORACLE，MYSQL等关系型数据库至少其中两种；
4.熟悉缓存数据库Redis，列式数据库Clickhouse；5.熟悉SQL基本操作（增删改查，嵌套子查询，关联），shell命令； 
职位福利：节日福利、上五休二、8小时工作制、五险一金 

 
职位亮点：大牛带队 80 90后","[""1.一年以上python开发经验；"", ""2.熟悉python语言(要求熟练掌握CGI,Redis,Clickhouse_driver等第三方模块)；"", ""3.熟悉Sqlite3，DB2，ORACLE，MYSQL等关系型数据库至少其中两种；"", ""4.熟悉缓存数据库Redis，列式数据库Clickhouse；5.熟悉SQL基本操作（增删改查，嵌套子查询，关联），shell命令；"", ""职位福利：节日福利、上五休二、8小时工作制、五险一金"", ""职位亮点：大牛带队 80 90后""]","[""1.一年以上python开发经验；"", ""2.熟悉python语言(要求熟练掌握CGI,Redis,Clickhouse_driver等第三方模块)；"", ""3.熟悉Sqlite3，DB2，ORACLE，MYSQL等关系型数据库至少其中两种；"", ""4.熟悉缓存数据库Redis，列式数据库Clickhouse；5.熟悉SQL基本操作（增删改查，嵌套子查询，关联），shell命令；"", ""职位福利：节日福利、上五休二、8小时工作制、五险一金"", ""职位亮点：大牛带队 80 90后""]","[""Python"", ""MySQL"", ""数据库"", ""SQL"", ""后端开发"", ""Redis"", ""Selenium"", ""SQLAlchemy""]","[""Python"", ""MySQL"", ""数据库"", ""SQL"", ""后端开发"", ""Redis"", ""Selenium"", ""SQLAlchemy""]",http://www.zhaopin.com/jobdetail/CC508620120J40250783712.htm,2026-06-18T09:55:02.053Z
job_platform,zhaopin,2,40944281908,Python,深圳新思,软件/IT服务,深圳 南山,1,14000,3-5年,本科,2026-06-12 10:46:32,"岗位要求： 1、三年以上Python研发经验，计算机软件相关专业。（或技术、能力相当） ； 2、扎实的Java、Python基础，有大型应用系统的开发经验； 
 3、深入理解Python语言特性； 
 4、主流Web框架实践经验； 
 5、掌握数据库与缓存技术； 
 6、工程化与问题解决能力； 
 7、良好的表达能力，自我驱动，主动发现问题推送解决问题。
 岗位职责： 
1、参与寿险万能营销项目平台升级改造； 
 2、协助平台云端agent平台的开发及升级迭代； 
 3、协助三大智能体业务开发及交付； 
 4、协助三大智能体修复交付过程中的缺陷； 
 5、协助寿险私部署项目的定制化需求开发；","[""岗位要求： 1、三年以上Python研发经验，计算机软件相关专业。（或技术、能力相当） ； 2、扎实的Java、Python基础，有大型应用系统的开发经验；"", ""3、深入理解Python语言特性；"", ""4、主流Web框架实践经验；"", ""5、掌握数据库与缓存技术；"", ""6、工程化与问题解决能力；"", ""7、良好的表达能力，自我驱动，主动发现问题推送解决问题。"", ""岗位职责："", ""1、参与寿险万能营销项目平台升级改造；"", ""2、协助平台云端agent平台的开发及升级迭代；"", ""3、协助三大智能体业务开发及交付；"", ""4、协助三大智能体修复交付过程中的缺陷；"", ""5、协助寿险私部署项目的定制化需求开发；""]","[""岗位要求： 1、三年以上Python研发经验，计算机软件相关专业。（或技术、能力相当） ； 2、扎实的Java、Python基础，有大型应用系统的开发经验；"", ""3、深入理解Python语言特性；"", ""4、主流Web框架实践经验；"", ""5、掌握数据库与缓存技术；"", ""6、工程化与问题解决能力；"", ""7、良好的表达能力，自我驱动，主动发现问题推送解决问题。"", ""岗位职责："", ""1、参与寿险万能营销项目平台升级改造；"", ""2、协助平台云端agent平台的开发及升级迭代；"", ""3、协助三大智能体业务开发及交付；"", ""4、协助三大智能体修复交付过程中的缺陷；"", ""5、协助寿险私部署项目的定制化需求开发；""]",[],[],http://www.zhaopin.com/jobdetail/CC469912010J40944281908.htm,2026-06-18T09:55:02.053Z
job_platform,zhaopin,2,40858122505,软件开发工程师(JAVA/C++/C/Python/测试),外企德科数字技术有限公司,软件/IT服务,深圳 龙岗,2,30000,经验不限,本科,2026-06-18 00:32:45,"【岗位要求】
1、计算机、软件、通信等相关专业本科及以上学历；
2、热爱编程，基础扎实，熟悉掌握但不限于JAVA/C++/C/Python/测试等编程语言中的一种或数种，有良好的编程习惯；
3、具备独立工作能力和解决问题的能力、善于沟通，乐于合作，热衷新技术，善于总结分享，喜欢动手实践；
4、对数据结构、算法有一定了解；","[""【岗位要求】"", ""1、计算机、软件、通信等相关专业本科及以上学历；"", ""2、热爱编程，基础扎实，熟悉掌握但不限于JAVA/C++/C/Python/测试等编程语言中的一种或数种，有良好的编程习惯；"", ""3、具备独立工作能力和解决问题的能力、善于沟通，乐于合作，热衷新技术，善于总结分享，喜欢动手实践；"", ""4、对数据结构、算法有一定了解；""]","[""【岗位要求】"", ""1、计算机、软件、通信等相关专业本科及以上学历；"", ""2、热爱编程，基础扎实，熟悉掌握但不限于JAVA/C++/C/Python/测试等编程语言中的一种或数种，有良好的编程习惯；"", ""3、具备独立工作能力和解决问题的能力、善于沟通，乐于合作，热衷新技术，善于总结分享，喜欢动手实践；"", ""4、对数据结构、算法有一定了解；""]","[""C语言"", ""Python"", ""Java""]","[""C语言"", ""Python"", ""Java""]",http://www.zhaopin.com/jobdetail/CCL1480117890J40858122505.htm,2026-06-18T09:55:02.053Z
job_platform,zhaopin,2,40823827416,python开发工程师（双休 五险一金 ）,拓保软件,软件/IT服务,深圳 福田,1,14000,3-5年,本科,2026-06-12 09:54:13,"工作内容： 负责司库及流动性风险管理系统的Python开发工作 
 

 任职要求： 
1、精通SQL(Oracle/Guass/MySql/TdSql任一种数据库即可) 
2、掌握Java，熟悉Python，对多线程编程有理解 
3、有代码洁癖、沟通流畅、响应快、良好的文档习惯; 
4、熟悉LINUX服务器系统环境，熟悉LINUX运维;
 

 加分项：
 过往经历有证券、银行从业经历
 大学英语四六级
 

 需要线下笔试面试","[""工作内容： 负责司库及流动性风险管理系统的Python开发工作"", ""任职要求："", ""1、精通SQL(Oracle/Guass/MySql/TdSql任一种数据库即可)"", ""2、掌握Java，熟悉Python，对多线程编程有理解"", ""3、有代码洁癖、沟通流畅、响应快、良好的文档习惯;"", ""4、熟悉LINUX服务器系统环境，熟悉LINUX运维;"", ""加分项："", ""过往经历有证券、银行从业经历"", ""大学英语四六级"", ""需要线下笔试面试""]","[""工作内容： 负责司库及流动性风险管理系统的Python开发工作"", ""任职要求："", ""1、精通SQL(Oracle/Guass/MySql/TdSql任一种数据库即可)"", ""2、掌握Java，熟悉Python，对多线程编程有理解"", ""3、有代码洁癖、沟通流畅、响应快、良好的文档习惯;"", ""4、熟悉LINUX服务器系统环境，熟悉LINUX运维;"", ""加分项："", ""过往经历有证券、银行从业经历"", ""大学英语四六级"", ""需要线下笔试面试""]","[""Java"", ""Oracle"", ""MySQL""]","[""Java"", ""Oracle"", ""MySQL""]",http://www.zhaopin.com/jobdetail/CC157088920J40823827416.htm,2026-06-18T09:55:02.053Z
job_platform,zhaopin,2,40781667106,Python全栈开发,深圳市法本信息技术股份有限公司,软件/IT服务,深圳 南山,2,19000,5-10年,大专,2026-06-11 18:10:00,"1.负责金融科技相关业务系统的前后端开发与交付，参与需求分析、技术方案设计、开发、测试及上线全流程。
2.基于 Python 进行后端服务开发，负责接口设计、业务逻辑实现、性能优化及稳定性保障。
3.基于 React 进行前端页面开发，完成高质量、可维护、易扩展的前端模块与交互体验。
4.与产品、测试、运维及业务团队协作，推动项目按期高质量交付。
5.参与系统架构优化、代码评审、技术规范制定及疑难问题排查。
6.配合金融行业合规、安全、审计等要求，保障系统安全性、可追溯性和可靠性。
根据客户现场或远程外包协作模式，保持较强的沟通响应能力与执行能力。 1.计算机相关专业，5年以上后端开发经验，具备全栈开发经验。 
2.熟练掌握 Python 后端开发，熟悉至少一种主流框架，如 Django、Flask、FastAPI 等。 
3.熟练掌握 React 开发，理解组件化开发模式、状态管理、路由、Hooks、性能优化等。 
4.熟悉前后端分离架构，具备 API 设计、联调、错误处理、接口鉴权经验。 
5.熟悉 MySQL、PostgreSQL 等关系型数据库，具备常见 SQL 优化能力。 
6.熟悉 Redis、消息队列、定时任务、缓存等常见中间件使用场景。 
7.了解 Linux、Git、Docker 等基础开发与部署环境，具备良好的工程化习惯。 
8.有金融科技、支付、风控、信贷、账户、清结算、交易类系统经验者优先。 
9.具备良好的沟通能力、责任心、抗压能力和团队协作意识","[""1.负责金融科技相关业务系统的前后端开发与交付，参与需求分析、技术方案设计、开发、测试及上线全流程。"", ""2.基于 Python 进行后端服务开发，负责接口设计、业务逻辑实现、性能优化及稳定性保障。"", ""3.基于 React 进行前端页面开发，完成高质量、可维护、易扩展的前端模块与交互体验。"", ""4.与产品、测试、运维及业务团队协作，推动项目按期高质量交付。"", ""5.参与系统架构优化、代码评审、技术规范制定及疑难问题排查。"", ""6.配合金融行业合规、安全、审计等要求，保障系统安全性、可追溯性和可靠性。"", ""根据客户现场或远程外包协作模式，保持较强的沟通响应能力与执行能力。 1.计算机相关专业，5年以上后端开发经验，具备全栈开发经验。"", ""2.熟练掌握 Python 后端开发，熟悉至少一种主流框架，如 Django、Flask、FastAPI 等。"", ""3.熟练掌握 React 开发，理解组件化开发模式、状态管理、路由、Hooks、性能优化等。"", ""4.熟悉前后端分离架构，具备 API 设计、联调、错误处理、接口鉴权经验。"", ""5.熟悉 MySQL、PostgreSQL 等关系型数据库，具备常见 SQL 优化能力。"", ""6.熟悉 Redis、消息队列、定时任务、缓存等常见中间件使用场景。"", ""7.了解 Linux、Git、Docker 等基础开发与部署环境，具备良好的工程化习惯。"", ""8.有金融科技、支付、风控、信贷、账户、清结算、交易类系统经验者优先。"", ""9.具备良好的沟通能力、责任心、抗压能力和团队协作意识""]","[""1.负责金融科技相关业务系统的前后端开发与交付，参与需求分析、技术方案设计、开发、测试及上线全流程。"", ""2.基于 Python 进行后端服务开发，负责接口设计、业务逻辑实现、性能优化及稳定性保障。"", ""3.基于 React 进行前端页面开发，完成高质量、可维护、易扩展的前端模块与交互体验。"", ""4.与产品、测试、运维及业务团队协作，推动项目按期高质量交付。"", ""5.参与系统架构优化、代码评审、技术规范制定及疑难问题排查。"", ""6.配合金融行业合规、安全、审计等要求，保障系统安全性、可追溯性和可靠性。"", ""根据客户现场或远程外包协作模式，保持较强的沟通响应能力与执行能力。 1.计算机相关专业，5年以上后端开发经验，具备全栈开发经验。"", ""2.熟练掌握 Python 后端开发，熟悉至少一种主流框架，如 Django、Flask、FastAPI 等。"", ""3.熟练掌握 React 开发，理解组件化开发模式、状态管理、路由、Hooks、性能优化等。"", ""4.熟悉前后端分离架构，具备 API 设计、联调、错误处理、接口鉴权经验。"", ""5.熟悉 MySQL、PostgreSQL 等关系型数据库，具备常见 SQL 优化能力。"", ""6.熟悉 Redis、消息队列、定时任务、缓存等常见中间件使用场景。"", ""7.了解 Linux、Git、Docker 等基础开发与部署环境，具备良好的工程化习惯。"", ""8.有金融科技、支付、风控、信贷、账户、清结算、交易类系统经验者优先。"", ""9.具备良好的沟通能力、责任心、抗压能力和团队协作意识""]","[""前端开发"", ""后端开发"", ""Python"", ""react"", ""MySQL""]","[""前端开发"", ""后端开发"", ""Python"", ""react"", ""MySQL""]",http://www.zhaopin.com/jobdetail/CC385622410J40781667106.htm,2026-06-18T09:55:02.053Z
job_platform,zhaopin,2,40780930505,月薪15-35k/java/c++/python后端开发/,外企德科数字技术有限公司,软件/IT服务,深圳 龙岗,2,30000,经验不限,本科,2026-06-18 00:30:39,"全国均有岗位(开发、测试、算法、数据分析等)
岗位要求:
一、软件开发工程师
1.热爱编程，熟悉掌握Java/C++/C/Python/Web开发等编程语言中的一种或多种编程语言扎实的编程功底:
2.具备良好的独立工作能力和解决问题能力，善于沟通，乐于合作，热衷新技术;
二、软件测试工程师:
1.热爱编程，熟悉掌握C/C++/Java/Python等编程语言中的一种或多种编程语言，扎实的编程功底;
2.有web开发或测试经验、自动化开发或测试经验者优先。
3.熟练掌握系统测试、功能测试、专项测试、软件测试、韧性测试、安全测试方法中的一种或多种测试方法，有相关测试语言/脚本的编写和实践经验优先，也可接受纯测试经验的。
4.具备良好的独立工作能力和解决问题能力，善于沟通，乐于合作，热衷新技术;","[""全国均有岗位(开发、测试、算法、数据分析等)"", ""岗位要求:"", ""一、软件开发工程师"", ""1.热爱编程，熟悉掌握Java/C++/C/Python/Web开发等编程语言中的一种或多种编程语言扎实的编程功底:"", ""2.具备良好的独立工作能力和解决问题能力，善于沟通，乐于合作，热衷新技术;"", ""二、软件测试工程师:"", ""1.热爱编程，熟悉掌握C/C++/Java/Python等编程语言中的一种或多种编程语言，扎实的编程功底;"", ""2.有web开发或测试经验、自动化开发或测试经验者优先。"", ""3.熟练掌握系统测试、功能测试、专项测试、软件测试、韧性测试、安全测试方法中的一种或多种测试方法，有相关测试语言/脚本的编写和实践经验优先，也可接受纯测试经验的。"", ""4.具备良好的独立工作能力和解决问题能力，善于沟通，乐于合作，热衷新技术;""]","[""全国均有岗位(开发、测试、算法、数据分析等)"", ""岗位要求:"", ""一、软件开发工程师"", ""1.热爱编程，熟悉掌握Java/C++/C/Python/Web开发等编程语言中的一种或多种编程语言扎实的编程功底:"", ""2.具备良好的独立工作能力和解决问题能力，善于沟通，乐于合作，热衷新技术;"", ""二、软件测试工程师:"", ""1.热爱编程，熟悉掌握C/C++/Java/Python等编程语言中的一种或多种编程语言，扎实的编程功底;"", ""2.有web开发或测试经验、自动化开发或测试经验者优先。"", ""3.熟练掌握系统测试、功能测试、专项测试、软件测试、韧性测试、安全测试方法中的一种或多种测试方法，有相关测试语言/脚本的编写和实践经验优先，也可接受纯测试经验的。"", ""4.具备良好的独立工作能力和解决问题能力，善于沟通，乐于合作，热衷新技术;""]","[""JavaScript"", ""Python""]","[""JavaScript"", ""Python""]",http://www.zhaopin.com/jobdetail/CCL1480117890J40780930505.htm,2026-06-18T09:55:02.054Z
job_platform,zhaopin,2,40769864516,python装备测试开发,软通动力信息技术(集团)股份有限公司,软件/IT服务,深圳 龙岗,1,18000,1-3年,本科,2026-06-11 01:55:37,1.有python装备测试开发经验2年及以上 2.本科及以上,"[""1.有python装备测试开发经验2年及以上 2.本科及以上""]","[""1.有python装备测试开发经验2年及以上 2.本科及以上""]","[""Python"", ""PYTHON装备开发""]","[""Python"", ""PYTHON装备开发""]",http://www.zhaopin.com/jobdetail/CC000544460J40769864516.htm,2026-06-18T09:55:02.054Z
job_platform,zhaopin,2,40911793312,ros开发工程师 （python）,深圳市大象机器人科技有限公司,通用设备制造,深圳 福田,1,20000,1-3年,本科,2026-06-10 17:30:22,"岗位职责
 1、负责机器人产品中 Python、ROS 相关功能的开发与维护，参与机器人软件系统的整体设计与迭代。
 2、基于英伟达 Isaac Sim / Isaac Lab 仿真平台开展机器人仿真环境的开发与应用，支撑算法验证、训练及测试工作。
 3、负责大模型（如 LLM / VLM）在机器人系统中的适配、集成与调试，并完成相关技术文档的撰写与沉淀。
 

 
 任职要求
 1、本科及以上学历，计算机、电子、自动化等理工科相关领域专业。
 2、2年以上工作经验，扎实的 Python 编程能力
 3、熟悉 Linux 开发环境及常用工具（Git、Docker 等）。
 4、熟悉ROS/ROS2开发
 
 有 NVIDIA Isaac Sim / Isaac Lab 或类似仿真平台使用经验
 了解大模型基本原理及调用方式，有将大模型接入机器人系统的项目经验者优先。","[""岗位职责"", ""1、负责机器人产品中 Python、ROS 相关功能的开发与维护，参与机器人软件系统的整体设计与迭代。"", ""2、基于英伟达 Isaac Sim / Isaac Lab 仿真平台开展机器人仿真环境的开发与应用，支撑算法验证、训练及测试工作。"", ""3、负责大模型（如 LLM / VLM）在机器人系统中的适配、集成与调试，并完成相关技术文档的撰写与沉淀。"", ""任职要求"", ""1、本科及以上学历，计算机、电子、自动化等理工科相关领域专业。"", ""2、2年以上工作经验，扎实的 Python 编程能力"", ""3、熟悉 Linux 开发环境及常用工具（Git、Docker 等）。"", ""4、熟悉ROS/ROS2开发"", ""有 NVIDIA Isaac Sim / Isaac Lab 或类似仿真平台使用经验"", ""了解大模型基本原理及调用方式，有将大模型接入机器人系统的项目经验者优先。""]","[""岗位职责"", ""1、负责机器人产品中 Python、ROS 相关功能的开发与维护，参与机器人软件系统的整体设计与迭代。"", ""2、基于英伟达 Isaac Sim / Isaac Lab 仿真平台开展机器人仿真环境的开发与应用，支撑算法验证、训练及测试工作。"", ""3、负责大模型（如 LLM / VLM）在机器人系统中的适配、集成与调试，并完成相关技术文档的撰写与沉淀。"", ""任职要求"", ""1、本科及以上学历，计算机、电子、自动化等理工科相关领域专业。"", ""2、2年以上工作经验，扎实的 Python 编程能力"", ""3、熟悉 Linux 开发环境及常用工具（Git、Docker 等）。"", ""4、熟悉ROS/ROS2开发"", ""有 NVIDIA Isaac Sim / Isaac Lab 或类似仿真平台使用经验"", ""了解大模型基本原理及调用方式，有将大模型接入机器人系统的项目经验者优先。""]","[""Python"", ""ISAAC SIM"", ""ISAAC LAB"", ""ROS""]","[""Python"", ""ISAAC SIM"", ""ISAAC LAB"", ""ROS""]",http://www.zhaopin.com/jobdetail/CC574316530J40911793312.htm,2026-06-18T09:55:02.054Z
job_platform,zhaopin,2,40612200305,Java/python/JS/GO/算法/测试/c ++,外企德科数字技术有限公司,软件/IT服务,深圳 龙岗,1,26000,经验不限,本科,2026-06-18 00:30:35,"1、承担系统模块级的软件代码编写，单元测试，静态检查，本地构建等工作；
1、熟练掌握汇编/C/C++、java、ptyhon等一种主流开发语言优先，对CPU、操作系统、Linux驱动有一定的了解，有AI、并行化、嵌入式软件开发经验者优先；","[""1、承担系统模块级的软件代码编写，单元测试，静态检查，本地构建等工作；"", ""1、熟练掌握汇编/C/C++、java、ptyhon等一种主流开发语言优先，对CPU、操作系统、Linux驱动有一定的了解，有AI、并行化、嵌入式软件开发经验者优先；""]","[""1、承担系统模块级的软件代码编写，单元测试，静态检查，本地构建等工作；"", ""1、熟练掌握汇编/C/C++、java、ptyhon等一种主流开发语言优先，对CPU、操作系统、Linux驱动有一定的了解，有AI、并行化、嵌入式软件开发经验者优先；""]","[""Python"", ""C++"", ""C"", ""测试"", ""Java"", ""GO""]","[""Python"", ""C++"", ""C"", ""测试"", ""Java"", ""GO""]",http://www.zhaopin.com/jobdetail/CCL1480117890J40612200305.htm,2026-06-18T09:55:02.054Z
job_platform,zhaopin,2,40823240716,python测试,软通动力信息技术(集团)股份有限公司,软件/IT服务,深圳 南山,9000,12000,1-3年,本科,2026-06-10 11:16:45,"岗位职责：
1、负责销售额超二十亿单品-信服云的测试场景设计和执行；
2、负责把手工用例转化为自动化用例；
任职要求：
1、大学统招本科及以上学历，计算机及相关专业毕业；
2、2年以上分布式产品、大数据产品等相关toB产品的功能或DFX测试经验，负责过较大模块的测试设计工作；
3、熟悉python语言，能够使用python把文本用例转化为自动化用例；
4、熟悉linux文件系统和网络基础原理；
5、具备较强的沟通、协调、推动和问题解决能力；
6、有虚拟化，云计算，超融合、虚拟存储相关知识和经验者优先。","[""岗位职责："", ""1、负责销售额超二十亿单品-信服云的测试场景设计和执行；"", ""2、负责把手工用例转化为自动化用例；"", ""任职要求："", ""1、大学统招本科及以上学历，计算机及相关专业毕业；"", ""2、2年以上分布式产品、大数据产品等相关toB产品的功能或DFX测试经验，负责过较大模块的测试设计工作；"", ""3、熟悉python语言，能够使用python把文本用例转化为自动化用例；"", ""4、熟悉linux文件系统和网络基础原理；"", ""5、具备较强的沟通、协调、推动和问题解决能力；"", ""6、有虚拟化，云计算，超融合、虚拟存储相关知识和经验者优先。""]","[""岗位职责："", ""1、负责销售额超二十亿单品-信服云的测试场景设计和执行；"", ""2、负责把手工用例转化为自动化用例；"", ""任职要求："", ""1、大学统招本科及以上学历，计算机及相关专业毕业；"", ""2、2年以上分布式产品、大数据产品等相关toB产品的功能或DFX测试经验，负责过较大模块的测试设计工作；"", ""3、熟悉python语言，能够使用python把文本用例转化为自动化用例；"", ""4、熟悉linux文件系统和网络基础原理；"", ""5、具备较强的沟通、协调、推动和问题解决能力；"", ""6、有虚拟化，云计算，超融合、虚拟存储相关知识和经验者优先。""]","[""Python"", ""测试开发"", ""接口自动化测试"", ""UI自动化测试"", ""移动端自动化测试""]","[""Python"", ""测试开发"", ""接口自动化测试"", ""UI自动化测试"", ""移动端自动化测试""]",http://www.zhaopin.com/jobdetail/CC000544460J40823240716.htm,2026-06-18T09:55:02.054Z
job_platform,zhaopin,2,40781090906,后端开发(python),新拓尼克科技研发中心 / Syntronic Beijing R&D Center,通信运营商/电信增值服务,深圳 南山,1,14000,5-10年,大专,2026-06-09 18:31:55,"岗位职责：
1. 负责自动驾驶相关业务系统或企业IT系统的设计开发和维护，及相关AI Agent的开发工作；
2. 根据业务需求进行系统设计和开发，确保系统的稳定性和可扩展性；
3. 负责跟进系统线上问题排查解决，持续优化改进系统使用体验。
任职要求：
1. 大专及以上学历，计算机、电子工程或相关专业优先，5年以上Java/Python后端开发经验；
2. 熟悉Spring/SpringBoot/SpringCloud或FastApi/django等框架；
3. 熟悉常见的数据库或中间件，包括但不限于MySQL/Redis/MongoDB/Kafka等；
4. 了解AI Agent开发，了解langchain/openai-agents-sdk等框架，对常用AI工具或组件有一定的了解；
5. 良好的代码与文档编写习惯，对设计模式有一定的了解，熟练掌握常用研发工具使用；
6. 具备较强的技术和业务的学习能力、良好的沟通与团队协作能力，有较强责任心。","[""岗位职责："", ""1. 负责自动驾驶相关业务系统或企业IT系统的设计开发和维护，及相关AI Agent的开发工作；"", ""2. 根据业务需求进行系统设计和开发，确保系统的稳定性和可扩展性；"", ""3. 负责跟进系统线上问题排查解决，持续优化改进系统使用体验。"", ""任职要求："", ""1. 大专及以上学历，计算机、电子工程或相关专业优先，5年以上Java/Python后端开发经验；"", ""2. 熟悉Spring/SpringBoot/SpringCloud或FastApi/django等框架；"", ""3. 熟悉常见的数据库或中间件，包括但不限于MySQL/Redis/MongoDB/Kafka等；"", ""4. 了解AI Agent开发，了解langchain/openai-agents-sdk等框架，对常用AI工具或组件有一定的了解；"", ""5. 良好的代码与文档编写习惯，对设计模式有一定的了解，熟练掌握常用研发工具使用；"", ""6. 具备较强的技术和业务的学习能力、良好的沟通与团队协作能力，有较强责任心。""]","[""岗位职责："", ""1. 负责自动驾驶相关业务系统或企业IT系统的设计开发和维护，及相关AI Agent的开发工作；"", ""2. 根据业务需求进行系统设计和开发，确保系统的稳定性和可扩展性；"", ""3. 负责跟进系统线上问题排查解决，持续优化改进系统使用体验。"", ""任职要求："", ""1. 大专及以上学历，计算机、电子工程或相关专业优先，5年以上Java/Python后端开发经验；"", ""2. 熟悉Spring/SpringBoot/SpringCloud或FastApi/django等框架；"", ""3. 熟悉常见的数据库或中间件，包括但不限于MySQL/Redis/MongoDB/Kafka等；"", ""4. 了解AI Agent开发，了解langchain/openai-agents-sdk等框架，对常用AI工具或组件有一定的了解；"", ""5. 良好的代码与文档编写习惯，对设计模式有一定的了解，熟练掌握常用研发工具使用；"", ""6. 具备较强的技术和业务的学习能力、良好的沟通与团队协作能力，有较强责任心。""]","[""MySQL""]","[""MySQL""]",http://www.zhaopin.com/jobdetail/CC134310320J40781090906.htm,2026-06-18T09:55:02.054Z
job_platform,zhaopin,2,40775572705,Java/Python/C/C++/Web/测试工程师,外企德科数字技术有限公司,软件/IT服务,深圳 龙岗,1,28000,经验不限,本科,2026-06-18 00:30:39,"岗位福利：
1. 有竞争力的薪酬体系：基本工资 + 绩效奖金 + 年终奖 （15-30k，定级定薪，不卡涨幅）。
2. 完善的福利保障：六险一金、年度体检、带薪年假。
办公地址：
北京 /上海/ 广州/ 深圳/ 西安 /武汉 /成都 /杭州/ 苏州 /南京/济南/东莞
职责：
1、 负责昇腾领域技术支撑，包括昇腾训练与推理服务器规划设计与实施服务、应用与模型迁移昇腾平台的技术支持（模型训练、应用迁移等）等，主要包括：
(1) 昇腾服务器规划设计与实施：负责昇腾服务器规划设计与实施，包括：组网设计、实施方案设计、软件安装与调测、测试验收等；
(2) AI应用迁移技术支持：支撑客户进行AI应用迁移,包括离线模型转换、昇腾推理代码迁移、离线模型性能调优等。
(3) AI应用开发技术支持：支撑客户进行AI应用开发,包括离线模型转换、离线模型性能调优、ACL开发、MindX SDK开发等。
(4) AI模型迁移技术支持：支撑客户进行AI模型迁移,包括训练代码迁移、AI模型精度提升、AI模型性能调优等。
(5) AI模型开发技术支持：支撑客户进行AI模型开发,包括基于Mindspore框架的模型开发、AI模型精度提升、AI模型性能调优等。
任职要求:
接受25/26届毕业考研，考编同学，社招岗位（入职导师带教）
接受二进宫，离职宝子欢迎滴滴
不受限岗位、年限、地域，专业，健身房，年终奖，下午茶蛋糕零食奶茶~
所有语言开发岗位都有岗位，欢迎投递简历~ 欢迎加入~ 
1、掌握C/C++/Java/Python/Go/JS等主流开发语言的一种，入职有导师代教；
2、了解网络知识、Linux配置和Shell使用；
3、了解常用的软件架构模式、基本的编程编译工具；
4、 具有良好的沟通能力，对技术有激情，喜欢钻研，能快速接受和掌握新技术，有较强的独立、主动的学习能力。","[""岗位福利："", ""1. 有竞争力的薪酬体系：基本工资 + 绩效奖金 + 年终奖 （15-30k，定级定薪，不卡涨幅）。"", ""2. 完善的福利保障：六险一金、年度体检、带薪年假。"", ""办公地址："", ""北京 /上海/ 广州/ 深圳/ 西安 /武汉 /成都 /杭州/ 苏州 /南京/济南/东莞"", ""职责："", ""1、 负责昇腾领域技术支撑，包括昇腾训练与推理服务器规划设计与实施服务、应用与模型迁移昇腾平台的技术支持（模型训练、应用迁移等）等，主要包括："", ""(1) 昇腾服务器规划设计与实施：负责昇腾服务器规划设计与实施，包括：组网设计、实施方案设计、软件安装与调测、测试验收等；"", ""(2) AI应用迁移技术支持：支撑客户进行AI应用迁移,包括离线模型转换、昇腾推理代码迁移、离线模型性能调优等。"", ""(3) AI应用开发技术支持：支撑客户进行AI应用开发,包括离线模型转换、离线模型性能调优、ACL开发、MindX SDK开发等。"", ""(4) AI模型迁移技术支持：支撑客户进行AI模型迁移,包括训练代码迁移、AI模型精度提升、AI模型性能调优等。"", ""(5) AI模型开发技术支持：支撑客户进行AI模型开发,包括基于Mindspore框架的模型开发、AI模型精度提升、AI模型性能调优等。"", ""任职要求:"", ""接受25/26届毕业考研，考编同学，社招岗位（入职导师带教）"", ""接受二进宫，离职宝子欢迎滴滴"", ""不受限岗位、年限、地域，专业，健身房，年终奖，下午茶蛋糕零食奶茶~"", ""所有语言开发岗位都有岗位，欢迎投递简历~ 欢迎加入~"", ""1、掌握C/C++/Java/Python/Go/JS等主流开发语言的一种，入职有导师代教；"", ""2、了解网络知识、Linux配置和Shell使用；"", ""3、了解常用的软件架构模式、基本的编程编译工具；"", ""4、 具有良好的沟通能力，对技术有激情，喜欢钻研，能快速接受和掌握新技术，有较强的独立、主动的学习能力。""]","[""岗位福利："", ""1. 有竞争力的薪酬体系：基本工资 + 绩效奖金 + 年终奖 （15-30k，定级定薪，不卡涨幅）。"", ""2. 完善的福利保障：六险一金、年度体检、带薪年假。"", ""办公地址："", ""北京 /上海/ 广州/ 深圳/ 西安 /武汉 /成都 /杭州/ 苏州 /南京/济南/东莞"", ""职责："", ""1、 负责昇腾领域技术支撑，包括昇腾训练与推理服务器规划设计与实施服务、应用与模型迁移昇腾平台的技术支持（模型训练、应用迁移等）等，主要包括："", ""(1) 昇腾服务器规划设计与实施：负责昇腾服务器规划设计与实施，包括：组网设计、实施方案设计、软件安装与调测、测试验收等；"", ""(2) AI应用迁移技术支持：支撑客户进行AI应用迁移,包括离线模型转换、昇腾推理代码迁移、离线模型性能调优等。"", ""(3) AI应用开发技术支持：支撑客户进行AI应用开发,包括离线模型转换、离线模型性能调优、ACL开发、MindX SDK开发等。"", ""(4) AI模型迁移技术支持：支撑客户进行AI模型迁移,包括训练代码迁移、AI模型精度提升、AI模型性能调优等。"", ""(5) AI模型开发技术支持：支撑客户进行AI模型开发,包括基于Mindspore框架的模型开发、AI模型精度提升、AI模型性能调优等。"", ""任职要求:"", ""接受25/26届毕业考研，考编同学，社招岗位（入职导师带教）"", ""接受二进宫，离职宝子欢迎滴滴"", ""不受限岗位、年限、地域，专业，健身房，年终奖，下午茶蛋糕零食奶茶~"", ""所有语言开发岗位都有岗位，欢迎投递简历~ 欢迎加入~"", ""1、掌握C/C++/Java/Python/Go/JS等主流开发语言的一种，入职有导师代教；"", ""2、了解网络知识、Linux配置和Shell使用；"", ""3、了解常用的软件架构模式、基本的编程编译工具；"", ""4、 具有良好的沟通能力，对技术有激情，喜欢钻研，能快速接受和掌握新技术，有较强的独立、主动的学习能力。""]","[""JavaScript"", ""C++"", ""Spring"", ""C"", ""Mybatis"", ""MySQL"", ""Redis"", ""PostgreSQL"", ""健身房"", ""年终奖"", ""下午茶零食""]","[""JavaScript"", ""C++"", ""Spring"", ""C"", ""Mybatis"", ""MySQL"", ""Redis"", ""PostgreSQL"", ""健身房"", ""年终奖"", ""下午茶零食""]",http://www.zhaopin.com/jobdetail/CCL1480117890J40775572705.htm,2026-06-18T09:55:02.054Z
job_platform,zhaopin,3,40847485511,python工程师/算法工程师,重庆软维科技有限公司,互联网医疗,深圳 南山 科技园,9000,14000,3-5年,本科,2026-06-09 15:47:40,"一、岗位要求
1. **学历背景**：统招**大学本科及以上学历**，计算机科学与技术、软件工程或相关专业优先。 
2. **工作经验**：拥有**3年以上**Python后端开发经验，具备扎实的数据结构和算法基础。 
3. **核心能力**： * 熟练掌握 Python 语言特性，熟悉 Django、Flask、FastAPI 等主流框架中的至少一种。 * **具备独立开发经验**，有从0到1完成完整项目或主导大型模块开发的成功案例者优先。 * 熟悉 MySQL、PostgreSQL 等关系型数据库，以及 Redis、MongoDB 等 NoSQL 数据库的使用与优化。
4. **软性素质**： * **具备优秀的沟通能力和团队协作精神**，能够清晰、准确地表达技术观点，具备良好的跨部门协作意识。 * 责任心强，具备良好的逻辑思维能力和问题解决能力，对技术有热情和追求。
5. **加分项**（非必需，但优先）： * 熟悉 Linux 开发环境及常用运维命令。 * 有微服务架构、Docker/Kubernetes 容器化部署经验。 * 有大数据处理或人工智能相关项目经验者优先。 #### 我们提供： * 具有竞争力的薪酬体系与绩效奖金。 * 完善的五险一金及补充商业保险。 * 弹性工作制，关注工作与生活平衡。 * 广阔的职业发展空间与定期的技术培训机会。","[""一、岗位要求"", ""1. **学历背景**：统招**大学本科及以上学历**，计算机科学与技术、软件工程或相关专业优先。"", ""2. **工作经验**：拥有**3年以上**Python后端开发经验，具备扎实的数据结构和算法基础。"", ""3. **核心能力**： * 熟练掌握 Python 语言特性，熟悉 Django、Flask、FastAPI 等主流框架中的至少一种。 * **具备独立开发经验**，有从0到1完成完整项目或主导大型模块开发的成功案例者优先。 * 熟悉 MySQL、PostgreSQL 等关系型数据库，以及 Redis、MongoDB 等 NoSQL 数据库的使用与优化。"", ""4. **软性素质**： * **具备优秀的沟通能力和团队协作精神**，能够清晰、准确地表达技术观点，具备良好的跨部门协作意识。 * 责任心强，具备良好的逻辑思维能力和问题解决能力，对技术有热情和追求。"", ""5. **加分项**（非必需，但优先）： * 熟悉 Linux 开发环境及常用运维命令。 * 有微服务架构、Docker/Kubernetes 容器化部署经验。 * 有大数据处理或人工智能相关项目经验者优先。 #### 我们提供： * 具有竞争力的薪酬体系与绩效奖金。 * 完善的五险一金及补充商业保险。 * 弹性工作制，关注工作与生活平衡。 * 广阔的职业发展空间与定期的技术培训机会。""]","[""一、岗位要求"", ""1. **学历背景**：统招**大学本科及以上学历**，计算机科学与技术、软件工程或相关专业优先。"", ""2. **工作经验**：拥有**3年以上**Python后端开发经验，具备扎实的数据结构和算法基础。"", ""3. **核心能力**： * 熟练掌握 Python 语言特性，熟悉 Django、Flask、FastAPI 等主流框架中的至少一种。 * **具备独立开发经验**，有从0到1完成完整项目或主导大型模块开发的成功案例者优先。 * 熟悉 MySQL、PostgreSQL 等关系型数据库，以及 Redis、MongoDB 等 NoSQL 数据库的使用与优化。"", ""4. **软性素质**： * **具备优秀的沟通能力和团队协作精神**，能够清晰、准确地表达技术观点，具备良好的跨部门协作意识。 * 责任心强，具备良好的逻辑思维能力和问题解决能力，对技术有热情和追求。"", ""5. **加分项**（非必需，但优先）： * 熟悉 Linux 开发环境及常用运维命令。 * 有微服务架构、Docker/Kubernetes 容器化部署经验。 * 有大数据处理或人工智能相关项目经验者优先。 #### 我们提供： * 具有竞争力的薪酬体系与绩效奖金。 * 完善的五险一金及补充商业保险。 * 弹性工作制，关注工作与生活平衡。 * 广阔的职业发展空间与定期的技术培训机会。""]","[""MongoDB"", ""MySQL"", ""PostgreSQL"", ""Flask"", ""Django""]","[""MongoDB"", ""MySQL"", ""PostgreSQL"", ""Flask"", ""Django""]",http://www.zhaopin.com/jobdetail/CC447211930J40847485511.htm,2026-06-18T09:55:02.054Z
job_platform,zhaopin,3,40556038816,python,软通动力信息技术(集团)股份有限公司,软件/IT服务,深圳 龙岗,1,16000,3-5年,本科,2026-06-09 14:13:43,"1、本科及以上学历，计算机、信息管理等专业，1年以上 Python 开发工作经验；
2、精通至少一种 Python 开发框架 (Python Flask/Django/Tornado/Twisted)
3、具有面向对象分析、设计、开发能力，精通Design Pattern；
4、较好的计算机基础知识和系统设计实施能力，了解远程通信，消息队列，海量数据，分布式缓存，Kubernetes，容器化等技术；
5、熟悉Linux 系统，熟悉Linux文件系统和进程管理；
6、有良好的软件开发素养，能贯彻实施敏捷、测试驱动和持续集成的开发模式；
7、有大数据系统项目经验，掌握如何搭建分布式处理系统，有海量数据处理和分析经验者优先。","[""1、本科及以上学历，计算机、信息管理等专业，1年以上 Python 开发工作经验；"", ""2、精通至少一种 Python 开发框架 (Python Flask/Django/Tornado/Twisted)"", ""3、具有面向对象分析、设计、开发能力，精通Design Pattern；"", ""4、较好的计算机基础知识和系统设计实施能力，了解远程通信，消息队列，海量数据，分布式缓存，Kubernetes，容器化等技术；"", ""5、熟悉Linux 系统，熟悉Linux文件系统和进程管理；"", ""6、有良好的软件开发素养，能贯彻实施敏捷、测试驱动和持续集成的开发模式；"", ""7、有大数据系统项目经验，掌握如何搭建分布式处理系统，有海量数据处理和分析经验者优先。""]","[""1、本科及以上学历，计算机、信息管理等专业，1年以上 Python 开发工作经验；"", ""2、精通至少一种 Python 开发框架 (Python Flask/Django/Tornado/Twisted)"", ""3、具有面向对象分析、设计、开发能力，精通Design Pattern；"", ""4、较好的计算机基础知识和系统设计实施能力，了解远程通信，消息队列，海量数据，分布式缓存，Kubernetes，容器化等技术；"", ""5、熟悉Linux 系统，熟悉Linux文件系统和进程管理；"", ""6、有良好的软件开发素养，能贯彻实施敏捷、测试驱动和持续集成的开发模式；"", ""7、有大数据系统项目经验，掌握如何搭建分布式处理系统，有海量数据处理和分析经验者优先。""]","[""Flask"", ""Python""]","[""Flask"", ""Python""]",http://www.zhaopin.com/jobdetail/CC000544460J40556038816.htm,2026-06-18T09:55:02.054Z
job_platform,zhaopin,3,40865336805,C/C++/JAVA/Python/大数据/AI/开发（一二线城市均有岗位需求）,外企德科数字技术有限公司,软件/IT服务,深圳 龙岗,2,30000,经验不限,本科,2026-06-18 00:33:11,"【C/C++/JAVA/Python/大数据/AI/开发/均有岗位需求] 
PS:北京，上海，南京，杭州，深圳，东莞，成都，西安，武汉，长沙均有需求开放
【福利待遇]
1、六险一金全额缴纳、为期半年的老员工1对1带教，周末双休、年终奖丰厚、双倍加班费、班车福利、每年1-2次调薪机会;
2、初级、中级、高级岗位均有招聘需求
3、每年有一次调薪/职级调整机会;
4、薪资构成:基本薪资+绩效工资，定级薪资和绩效考核标准参考正式员工标准
[岗位要求]
1、本科及以上学历;
2、掌握C++/Java/Go/Web/python其中一种编程语言，有良好的编程习惯、热爱编程;
3、对基本数据结构和算法有一定了解
4、具备良好的解决问题能力、善于沟通、乐于合作;
5、扎实的计算机基础，具备优秀的学习能力和逻辑思维能力，善于分析问题和解决问题有关键独立模块设计、开发和维护经验","[""【C/C++/JAVA/Python/大数据/AI/开发/均有岗位需求]"", ""PS:北京，上海，南京，杭州，深圳，东莞，成都，西安，武汉，长沙均有需求开放"", ""【福利待遇]"", ""1、六险一金全额缴纳、为期半年的老员工1对1带教，周末双休、年终奖丰厚、双倍加班费、班车福利、每年1-2次调薪机会;"", ""2、初级、中级、高级岗位均有招聘需求"", ""3、每年有一次调薪/职级调整机会;"", ""4、薪资构成:基本薪资+绩效工资，定级薪资和绩效考核标准参考正式员工标准"", ""[岗位要求]"", ""1、本科及以上学历;"", ""2、掌握C++/Java/Go/Web/python其中一种编程语言，有良好的编程习惯、热爱编程;"", ""3、对基本数据结构和算法有一定了解"", ""4、具备良好的解决问题能力、善于沟通、乐于合作;"", ""5、扎实的计算机基础，具备优秀的学习能力和逻辑思维能力，善于分析问题和解决问题有关键独立模块设计、开发和维护经验""]","[""【C/C++/JAVA/Python/大数据/AI/开发/均有岗位需求]"", ""PS:北京，上海，南京，杭州，深圳，东莞，成都，西安，武汉，长沙均有需求开放"", ""【福利待遇]"", ""1、六险一金全额缴纳、为期半年的老员工1对1带教，周末双休、年终奖丰厚、双倍加班费、班车福利、每年1-2次调薪机会;"", ""2、初级、中级、高级岗位均有招聘需求"", ""3、每年有一次调薪/职级调整机会;"", ""4、薪资构成:基本薪资+绩效工资，定级薪资和绩效考核标准参考正式员工标准"", ""[岗位要求]"", ""1、本科及以上学历;"", ""2、掌握C++/Java/Go/Web/python其中一种编程语言，有良好的编程习惯、热爱编程;"", ""3、对基本数据结构和算法有一定了解"", ""4、具备良好的解决问题能力、善于沟通、乐于合作;"", ""5、扎实的计算机基础，具备优秀的学习能力和逻辑思维能力，善于分析问题和解决问题有关键独立模块设计、开发和维护经验""]","[""C++"", ""Python"", ""C#""]","[""C++"", ""Python"", ""C#""]",http://www.zhaopin.com/jobdetail/CCL1480117890J40865336805.htm,2026-06-18T09:55:02.054Z
job_platform,zhaopin,3,40847914611,Python开发工程师 （智能体 / Agent方向）,牧原食品集团股份有限公司,畜牧业,深圳 南山,2,25000,5-10年,本科,2026-06-09 01:41:22,"岗位职责：
1、负责基于 Python 的智能体（Agent）研发，参与多智能体架构设计与实现；
2、基于 Agent 框架（如 AgentScope）进行开发，按照官方文档进行功能实现与扩展；
3、参与大模型（LLM）应用落地，包括但不限于：工具调用、多轮对话管理、RAG、任务拆解与规划；
4、负责智能体系统的模块设计，包括但不限于：Agent 编排、Memory、Prompt 设计与优化；
5、对接各类业务系统/API（数据库、业务系统、IoT设备等）实现功能落地；
6、跟踪大模型与 Agent 领域最新技术，并推动技术在业务中的应用；
任职要求
1、本科及以上学历，计算机相关专业优先；
2、熟练掌握 Python，具备良好的代码风格与工程能力；
3、熟悉常见后端开发框架；
4、具备良好的文档阅读能力，能根据官方文档快速上手框架（重点）；""","[""岗位职责："", ""1、负责基于 Python 的智能体（Agent）研发，参与多智能体架构设计与实现；"", ""2、基于 Agent 框架（如 AgentScope）进行开发，按照官方文档进行功能实现与扩展；"", ""3、参与大模型（LLM）应用落地，包括但不限于：工具调用、多轮对话管理、RAG、任务拆解与规划；"", ""4、负责智能体系统的模块设计，包括但不限于：Agent 编排、Memory、Prompt 设计与优化；"", ""5、对接各类业务系统/API（数据库、业务系统、IoT设备等）实现功能落地；"", ""6、跟踪大模型与 Agent 领域最新技术，并推动技术在业务中的应用；"", ""任职要求"", ""1、本科及以上学历，计算机相关专业优先；"", ""2、熟练掌握 Python，具备良好的代码风格与工程能力；"", ""3、熟悉常见后端开发框架；"", ""4、具备良好的文档阅读能力，能根据官方文档快速上手框架（重点）；\""""]","[""岗位职责："", ""1、负责基于 Python 的智能体（Agent）研发，参与多智能体架构设计与实现；"", ""2、基于 Agent 框架（如 AgentScope）进行开发，按照官方文档进行功能实现与扩展；"", ""3、参与大模型（LLM）应用落地，包括但不限于：工具调用、多轮对话管理、RAG、任务拆解与规划；"", ""4、负责智能体系统的模块设计，包括但不限于：Agent 编排、Memory、Prompt 设计与优化；"", ""5、对接各类业务系统/API（数据库、业务系统、IoT设备等）实现功能落地；"", ""6、跟踪大模型与 Agent 领域最新技术，并推动技术在业务中的应用；"", ""任职要求"", ""1、本科及以上学历，计算机相关专业优先；"", ""2、熟练掌握 Python，具备良好的代码风格与工程能力；"", ""3、熟悉常见后端开发框架；"", ""4、具备良好的文档阅读能力，能根据官方文档快速上手框架（重点）；\""""]",[],[],http://www.zhaopin.com/jobdetail/CC495147320J40847914611.htm,2026-06-18T09:55:02.054Z
job_platform,zhaopin,3,40572358716,python开发工程师,软通动力信息技术(集团)股份有限公司,软件/IT服务,深圳 龙岗,1,16000,3-5年,本科,2026-06-09 09:10:22,"1 熟练掌握python后台开发技术，能独立完成软件系统代码的设计与实现
2 熟练使用Django和DjangoRestFrameWork框架，了解RESTful标准
3 熟练掌握mysql和redis数据库
4 熟悉Git，熟悉Linux系统，熟悉nginx服务器，有实际项目部署经验
硬件专业或者接触过硬件设备类","[""1 熟练掌握python后台开发技术，能独立完成软件系统代码的设计与实现"", ""2 熟练使用Django和DjangoRestFrameWork框架，了解RESTful标准"", ""3 熟练掌握mysql和redis数据库"", ""4 熟悉Git，熟悉Linux系统，熟悉nginx服务器，有实际项目部署经验"", ""硬件专业或者接触过硬件设备类""]","[""1 熟练掌握python后台开发技术，能独立完成软件系统代码的设计与实现"", ""2 熟练使用Django和DjangoRestFrameWork框架，了解RESTful标准"", ""3 熟练掌握mysql和redis数据库"", ""4 熟悉Git，熟悉Linux系统，熟悉nginx服务器，有实际项目部署经验"", ""硬件专业或者接触过硬件设备类""]","[""Python"", ""设备"", ""装备测试开发""]","[""Python"", ""设备"", ""装备测试开发""]",http://www.zhaopin.com/jobdetail/CC000544460J40572358716.htm,2026-06-18T09:55:02.054Z
job_platform,zhaopin,3,40813280205,JAVA/C++/C/Python 14薪双休 应届生可投,外企德科数字技术有限公司,软件/IT服务,深圳 福田,2,30000,经验不限,本科,2026-06-18 00:30:54,"任职要求
1.热爱编程、基础扎实、熟练掌握JAVA/C++/C/Python等编程语言中的一种或多种，有良好的编程习惯；
2.对常见数据结构、算法、TCP/IP协议等有一定了解；
3.有很强的钻研技术精神，责任心，具备良好的沟通能力和团队协作能力。","[""任职要求"", ""1.热爱编程、基础扎实、熟练掌握JAVA/C++/C/Python等编程语言中的一种或多种，有良好的编程习惯；"", ""2.对常见数据结构、算法、TCP/IP协议等有一定了解；"", ""3.有很强的钻研技术精神，责任心，具备良好的沟通能力和团队协作能力。""]","[""任职要求"", ""1.热爱编程、基础扎实、熟练掌握JAVA/C++/C/Python等编程语言中的一种或多种，有良好的编程习惯；"", ""2.对常见数据结构、算法、TCP/IP协议等有一定了解；"", ""3.有很强的钻研技术精神，责任心，具备良好的沟通能力和团队协作能力。""]","[""C++"", ""Python"", ""JavaScript"", ""Spring"", ""Hibernate"", ""Struts"", ""MySQL"", ""Oracle"", ""PostgreSQL""]","[""C++"", ""Python"", ""JavaScript"", ""Spring"", ""Hibernate"", ""Struts"", ""MySQL"", ""Oracle"", ""PostgreSQL""]",http://www.zhaopin.com/jobdetail/CCL1480117890J40813280205.htm,2026-06-18T09:55:02.054Z
job_platform,zhaopin,3,40854854911,python后端开发工程师（现场面试）,深圳建广数字科技有限公司青岛分公司,软件/IT服务,深圳 南山 大冲,1,16000,5-10年,本科,2026-06-08 10:36:30,"岗位职责: 
1. 负责基于Python语言的系统开发与维护，具备扎实的编程基础和良好的工程实现能力； 
2. 参与微服务架构下服务模块的设计与开发，熟悉Dubbo框架的服务调用机制和通信协议； 
3. 实现系统间高效的数据交互与接口对接，保障服务的稳定性与可扩展性； 
4. 参与核心功能的代码编写和技术方案的评审与优化； 
5. 配合团队完成系统性能调优、问题排查及技术难点攻关。
任职要求： 
1. 熟悉Python语言，掌握常见的并发编程模型，具备良好的代码设计能力； 
2. 理解微服务架构原理，对主流RPC框架有使用或理解经验； 3.熟悉Java","[""岗位职责:"", ""1. 负责基于Python语言的系统开发与维护，具备扎实的编程基础和良好的工程实现能力；"", ""2. 参与微服务架构下服务模块的设计与开发，熟悉Dubbo框架的服务调用机制和通信协议；"", ""3. 实现系统间高效的数据交互与接口对接，保障服务的稳定性与可扩展性；"", ""4. 参与核心功能的代码编写和技术方案的评审与优化；"", ""5. 配合团队完成系统性能调优、问题排查及技术难点攻关。"", ""任职要求："", ""1. 熟悉Python语言，掌握常见的并发编程模型，具备良好的代码设计能力；"", ""2. 理解微服务架构原理，对主流RPC框架有使用或理解经验； 3.熟悉Java""]","[""岗位职责:"", ""1. 负责基于Python语言的系统开发与维护，具备扎实的编程基础和良好的工程实现能力；"", ""2. 参与微服务架构下服务模块的设计与开发，熟悉Dubbo框架的服务调用机制和通信协议；"", ""3. 实现系统间高效的数据交互与接口对接，保障服务的稳定性与可扩展性；"", ""4. 参与核心功能的代码编写和技术方案的评审与优化；"", ""5. 配合团队完成系统性能调优、问题排查及技术难点攻关。"", ""任职要求："", ""1. 熟悉Python语言，掌握常见的并发编程模型，具备良好的代码设计能力；"", ""2. 理解微服务架构原理，对主流RPC框架有使用或理解经验； 3.熟悉Java""]","[""Java"", ""MySQL"", ""Python""]","[""Java"", ""MySQL"", ""Python""]",http://www.zhaopin.com/jobdetail/CCL1320891960J40854854911.htm,2026-06-18T09:55:02.054Z
job_platform,zhaopin,3,40821404416,python开发工程师,软通动力信息技术(集团)股份有限公司,软件/IT服务,深圳 龙岗,1,13000,3-5年,本科,2026-06-08 17:22:52,"需要现场手撕代码 关键词：了解python语言、前端 + 后端、MySQL数据库部署和开发经验、有熟悉数据库 前后端开发只要1个，软件开发的尽量要3年以上的工作经验，定7级的，工作经验1-2年的客户筛选通率极低，除非特别优秀的，不要爬虫 不要纯数据处理
有2个可以射频来替代，有python经验更好了解代码 
2个高级4个中级 软硬联调--python/c
【岗位要求】
1、负责软件模块的设计、开发联调及版本看护
2. 编写自动化脚本，执行单元测试/集成测试/系统测试
3、负责编写软件的设计文档、开发文档及用户手册
4、负责研发环境整机的装备软件执行及交付
【能力要求】
1、本科及以上学历，计算机或电子信息行业相关专业，1年以上软件开发经验
2、熟练使用Python及常用测试框架
3、熟练掌握Git/SVN版本控制工具
4、逻辑清晰，具备技术文档编写和问题分析能力
5、熟悉常用仪表使用","[""需要现场手撕代码 关键词：了解python语言、前端 + 后端、MySQL数据库部署和开发经验、有熟悉数据库 前后端开发只要1个，软件开发的尽量要3年以上的工作经验，定7级的，工作经验1-2年的客户筛选通率极低，除非特别优秀的，不要爬虫 不要纯数据处理"", ""有2个可以射频来替代，有python经验更好了解代码"", ""2个高级4个中级 软硬联调--python/c"", ""【岗位要求】"", ""1、负责软件模块的设计、开发联调及版本看护"", ""2. 编写自动化脚本，执行单元测试/集成测试/系统测试"", ""3、负责编写软件的设计文档、开发文档及用户手册"", ""4、负责研发环境整机的装备软件执行及交付"", ""【能力要求】"", ""1、本科及以上学历，计算机或电子信息行业相关专业，1年以上软件开发经验"", ""2、熟练使用Python及常用测试框架"", ""3、熟练掌握Git/SVN版本控制工具"", ""4、逻辑清晰，具备技术文档编写和问题分析能力"", ""5、熟悉常用仪表使用""]","[""需要现场手撕代码 关键词：了解python语言、前端 + 后端、MySQL数据库部署和开发经验、有熟悉数据库 前后端开发只要1个，软件开发的尽量要3年以上的工作经验，定7级的，工作经验1-2年的客户筛选通率极低，除非特别优秀的，不要爬虫 不要纯数据处理"", ""有2个可以射频来替代，有python经验更好了解代码"", ""2个高级4个中级 软硬联调--python/c"", ""【岗位要求】"", ""1、负责软件模块的设计、开发联调及版本看护"", ""2. 编写自动化脚本，执行单元测试/集成测试/系统测试"", ""3、负责编写软件的设计文档、开发文档及用户手册"", ""4、负责研发环境整机的装备软件执行及交付"", ""【能力要求】"", ""1、本科及以上学历，计算机或电子信息行业相关专业，1年以上软件开发经验"", ""2、熟练使用Python及常用测试框架"", ""3、熟练掌握Git/SVN版本控制工具"", ""4、逻辑清晰，具备技术文档编写和问题分析能力"", ""5、熟悉常用仪表使用""]","[""SQL"", ""MySQL"", ""Python"", ""核心开发""]","[""SQL"", ""MySQL"", ""Python"", ""核心开发""]",http://www.zhaopin.com/jobdetail/CC000544460J40821404416.htm,2026-06-18T09:55:02.054Z
job_platform,zhaopin,3,40858640805,C/C++/Java/JS/Python软开（接受应届）,外企德科数字技术有限公司,软件/IT服务,深圳 龙岗,2,30000,经验不限,本科,2026-06-18 00:32:46,"主要地点：（东莞、深圳、杭州、 西安，苏州、上海，武汉，成都，南京、北京）十大研究所，少量（广州、长沙、济南）三个办事处
（1）导师制培训机制，新人入职后半年以上会有导师一对一带教
（2） 部门：ICT(公开，光，计算，无线，数存等 ) 、华为云、2012(中硬，中软，中媒)、消费者BG、BPIT、上海海思、Carbu、数字能源等
（3） 全程线上面试，流程随时跟进可查
一、软件开发工程师
热爱编程，熟悉掌握Java/C++/C/Python/Web开发等编程语言中的一种或多种编程语言，扎实的编程功底
二、算法工程师
1、熟练掌握Java/C/C++/Python其中一个或多个编程语言，有扎实的编程功底；熟悉机器学习、深度学习或图像算法
三、软件测试工程师
1. 热爱编程，熟悉掌握C/C++/Java/Python等编程语言中的一种或多种编程语言，扎实的编程功底
2.有web开发或测试经验、自动化开发或测试经验者优先。
3.熟练掌握系统测试、功能测试、专项测试、软件测试、韧性测试、安全测试方法中的一种或多种方法，有相关测试语言/脚本的编写和实践经验优先
四、数据开发、数据分析岗
薪资福利：
1. 底薪+绩效+项目奖金+年终奖
2. 缴纳五险一金
3.一年数次考评，薪资可上浮
4.带薪年假5-15天，双休","[""主要地点：（东莞、深圳、杭州、 西安，苏州、上海，武汉，成都，南京、北京）十大研究所，少量（广州、长沙、济南）三个办事处"", ""（1）导师制培训机制，新人入职后半年以上会有导师一对一带教"", ""（2） 部门：ICT(公开，光，计算，无线，数存等 ) 、华为云、2012(中硬，中软，中媒)、消费者BG、BPIT、上海海思、Carbu、数字能源等"", ""（3） 全程线上面试，流程随时跟进可查"", ""一、软件开发工程师"", ""热爱编程，熟悉掌握Java/C++/C/Python/Web开发等编程语言中的一种或多种编程语言，扎实的编程功底"", ""二、算法工程师"", ""1、熟练掌握Java/C/C++/Python其中一个或多个编程语言，有扎实的编程功底；熟悉机器学习、深度学习或图像算法"", ""三、软件测试工程师"", ""1. 热爱编程，熟悉掌握C/C++/Java/Python等编程语言中的一种或多种编程语言，扎实的编程功底"", ""2.有web开发或测试经验、自动化开发或测试经验者优先。"", ""3.熟练掌握系统测试、功能测试、专项测试、软件测试、韧性测试、安全测试方法中的一种或多种方法，有相关测试语言/脚本的编写和实践经验优先"", ""四、数据开发、数据分析岗"", ""薪资福利："", ""1. 底薪+绩效+项目奖金+年终奖"", ""2. 缴纳五险一金"", ""3.一年数次考评，薪资可上浮"", ""4.带薪年假5-15天，双休""]","[""主要地点：（东莞、深圳、杭州、 西安，苏州、上海，武汉，成都，南京、北京）十大研究所，少量（广州、长沙、济南）三个办事处"", ""（1）导师制培训机制，新人入职后半年以上会有导师一对一带教"", ""（2） 部门：ICT(公开，光，计算，无线，数存等 ) 、华为云、2012(中硬，中软，中媒)、消费者BG、BPIT、上海海思、Carbu、数字能源等"", ""（3） 全程线上面试，流程随时跟进可查"", ""一、软件开发工程师"", ""热爱编程，熟悉掌握Java/C++/C/Python/Web开发等编程语言中的一种或多种编程语言，扎实的编程功底"", ""二、算法工程师"", ""1、熟练掌握Java/C/C++/Python其中一个或多个编程语言，有扎实的编程功底；熟悉机器学习、深度学习或图像算法"", ""三、软件测试工程师"", ""1. 热爱编程，熟悉掌握C/C++/Java/Python等编程语言中的一种或多种编程语言，扎实的编程功底"", ""2.有web开发或测试经验、自动化开发或测试经验者优先。"", ""3.熟练掌握系统测试、功能测试、专项测试、软件测试、韧性测试、安全测试方法中的一种或多种方法，有相关测试语言/脚本的编写和实践经验优先"", ""四、数据开发、数据分析岗"", ""薪资福利："", ""1. 底薪+绩效+项目奖金+年终奖"", ""2. 缴纳五险一金"", ""3.一年数次考评，薪资可上浮"", ""4.带薪年假5-15天，双休""]","[""Java"", ""Python""]","[""Java"", ""Python""]",http://www.zhaopin.com/jobdetail/CCL1480117890J40858640805.htm,2026-06-18T09:55:02.054Z
job_platform,zhaopin,3,40854328011,Python（现场面试，长期项目）,深圳建广数字科技有限公司青岛分公司,软件/IT服务,深圳 南山 大冲,2,16000,3-5年,本科,2026-06-05 11:14:56,"岗位内容：
1. 构建和维护Python应用程序、模块和库。
2. 开发和维护自动化测试套件，确保代码质量和稳定性。
3. 解决软件开发生命周期中出现的各种问题，并提供技术支持。
4. 协助团队开发和维护产品文档和用户手册。
任职要求： 
1. 两年以上Python开发经验。
2. 熟悉Python的常用框架和库，如Django、Flask、Pandas等。
3. 熟悉版控工具Git，具备团队协作经验。
4. 熟悉Linux操作系统，能够独立完成基础系统管理任务。
5. 良好的英文阅读、写作和表达能力。","[""岗位内容："", ""1. 构建和维护Python应用程序、模块和库。"", ""2. 开发和维护自动化测试套件，确保代码质量和稳定性。"", ""3. 解决软件开发生命周期中出现的各种问题，并提供技术支持。"", ""4. 协助团队开发和维护产品文档和用户手册。"", ""任职要求："", ""1. 两年以上Python开发经验。"", ""2. 熟悉Python的常用框架和库，如Django、Flask、Pandas等。"", ""3. 熟悉版控工具Git，具备团队协作经验。"", ""4. 熟悉Linux操作系统，能够独立完成基础系统管理任务。"", ""5. 良好的英文阅读、写作和表达能力。""]","[""岗位内容："", ""1. 构建和维护Python应用程序、模块和库。"", ""2. 开发和维护自动化测试套件，确保代码质量和稳定性。"", ""3. 解决软件开发生命周期中出现的各种问题，并提供技术支持。"", ""4. 协助团队开发和维护产品文档和用户手册。"", ""任职要求："", ""1. 两年以上Python开发经验。"", ""2. 熟悉Python的常用框架和库，如Django、Flask、Pandas等。"", ""3. 熟悉版控工具Git，具备团队协作经验。"", ""4. 熟悉Linux操作系统，能够独立完成基础系统管理任务。"", ""5. 良好的英文阅读、写作和表达能力。""]","[""Java"", ""Django"", ""MySQL"", ""Python""]","[""Java"", ""Django"", ""MySQL"", ""Python""]",http://www.zhaopin.com/jobdetail/CCL1320891960J40854328011.htm,2026-06-18T09:55:02.054Z
job_platform,zhaopin,3,40259414016,python,软通动力信息技术(集团)股份有限公司,软件/IT服务,深圳 龙岗,7000,13000,经验不限,本科,2026-06-07 01:53:14,"Python开发工程师 1）熟练掌握Python脚本开发 
 2）高考统招本科及以上学历至少2年工作经验，学信网可查学位证毕业证都有。 
 JD仅供参考","[""Python开发工程师 1）熟练掌握Python脚本开发"", ""2）高考统招本科及以上学历至少2年工作经验，学信网可查学位证毕业证都有。"", ""JD仅供参考""]","[""Python开发工程师 1）熟练掌握Python脚本开发"", ""2）高考统招本科及以上学历至少2年工作经验，学信网可查学位证毕业证都有。"", ""JD仅供参考""]","[""Python""]","[""Python""]",http://www.zhaopin.com/jobdetail/CC000544460J40259414016.htm,2026-06-18T09:55:02.054Z
job_platform,zhaopin,3,40839721405,通用软件开发（Java/Python/JS/GO/C/C++）,外企德科数字技术有限公司,软件/IT服务,深圳 龙岗,2,25000,1-3年,本科,2026-06-18 00:31:44,"业务技能要求：
1、具备良好的计算机、软件工程领域知识，熟悉软件系统设计、开发、测试等研发领域的流程、工程方法和工具；
2、良好的学习能力、团队协作性好，沟通协调能力强；
3、有研发工具模块设计、接口设计、开发经验优先。
专业知识要求：
1、具备1年以上软件开发经验，熟悉C/C++、JAVA、JS、Html中的至少一种，掌握常见的数据结构、算法；
2、了解软件工程、敏捷开发等知识，熟悉常用设计模式；
3、具备云化、服务化等相关知识并能熟练运用；
4、熟悉Linux，并且能熟练搭建web服务器者优先。","[""业务技能要求："", ""1、具备良好的计算机、软件工程领域知识，熟悉软件系统设计、开发、测试等研发领域的流程、工程方法和工具；"", ""2、良好的学习能力、团队协作性好，沟通协调能力强；"", ""3、有研发工具模块设计、接口设计、开发经验优先。"", ""专业知识要求："", ""1、具备1年以上软件开发经验，熟悉C/C++、JAVA、JS、Html中的至少一种，掌握常见的数据结构、算法；"", ""2、了解软件工程、敏捷开发等知识，熟悉常用设计模式；"", ""3、具备云化、服务化等相关知识并能熟练运用；"", ""4、熟悉Linux，并且能熟练搭建web服务器者优先。""]","[""业务技能要求："", ""1、具备良好的计算机、软件工程领域知识，熟悉软件系统设计、开发、测试等研发领域的流程、工程方法和工具；"", ""2、良好的学习能力、团队协作性好，沟通协调能力强；"", ""3、有研发工具模块设计、接口设计、开发经验优先。"", ""专业知识要求："", ""1、具备1年以上软件开发经验，熟悉C/C++、JAVA、JS、Html中的至少一种，掌握常见的数据结构、算法；"", ""2、了解软件工程、敏捷开发等知识，熟悉常用设计模式；"", ""3、具备云化、服务化等相关知识并能熟练运用；"", ""4、熟悉Linux，并且能熟练搭建web服务器者优先。""]","[""C语言"", ""Java"", ""Python""]","[""C语言"", ""Java"", ""Python""]",http://www.zhaopin.com/jobdetail/CCL1480117890J40839721405.htm,2026-06-18T09:55:02.054Z
job_platform,zhaopin,3,40887116213,Python自动化/嵌入式,湖南拓维云创科技有限责任公司,新能源/燃油整车研发制造,深圳 龙岗,9000,15000,3-5年,本科,2026-06-04 19:25:15,"新能源 控制器项目。本科-理工科专业。1年以上工作经验
1.python自动化用例脚本编写，业务代码是C/C++，需要能看懂代码。熟悉shell,tcl脚本，需要熟悉linux常用命令
2.有开发脚本经验，嵌入式开发经验优先
3.能看懂业务逻辑，CI构建，维护，开发环境linux，","[""新能源 控制器项目。本科-理工科专业。1年以上工作经验"", ""1.python自动化用例脚本编写，业务代码是C/C++，需要能看懂代码。熟悉shell,tcl脚本，需要熟悉linux常用命令"", ""2.有开发脚本经验，嵌入式开发经验优先"", ""3.能看懂业务逻辑，CI构建，维护，开发环境linux，""]","[""新能源 控制器项目。本科-理工科专业。1年以上工作经验"", ""1.python自动化用例脚本编写，业务代码是C/C++，需要能看懂代码。熟悉shell,tcl脚本，需要熟悉linux常用命令"", ""2.有开发脚本经验，嵌入式开发经验优先"", ""3.能看懂业务逻辑，CI构建，维护，开发环境linux，""]","[""C++"", ""C语言"", ""Python""]","[""C++"", ""C语言"", ""Python""]",http://www.zhaopin.com/jobdetail/CC889005020J40887116213.htm,2026-06-18T09:55:02.054Z
job_platform,zhaopin,3,40697980016,python测试工程师（收初中级 支持开发和运维转 HW AI项目外包）,软通动力信息技术(集团)股份有限公司,软件/IT服务,深圳 龙岗 坂田,1,15000,1-3年,本科,2026-06-05 16:28:14,"统招本科，计算机相关专业，学信网可查学历；
岗位职责：
1、根据项目需求，能独立构建软件自动化测试框架，编写自动化测试用例，高效完成自动化测试；
2、针对测试效率提升要求，能够独立设计和开发测试工具，测试平台。
岗位要求：
1、本科2年以上相关领域工作经历;
2、具备软件测试开发经验，熟悉软件行业测试环境及相关技术
3、熟练Linux系统编程，至少精通Python/Java/C/C++/shell中的一种；
4、熟悉数据库，MongoDB,mysql优先
5、具备较强的沟通能力、学习能力，敬业精神和极强的团队合作精神
【项目亮点】
在这里，你可以全方位地、系统性地学习深度学习框架与人工智能技术栈；
在这里，你可以与来自全球500+项目研发人员一同并肩作战，为开创国内首选、全球TOP3深度学习框架贡献一份力量。
在这里，你可以参与自研开源深度学习框架评测与社区治理、建设 ，多维度、多方面评估和验收AI框架能力，共建AI社区生态繁荣；
在这里，你可以持续专注软件测试、自动化开发、持续集成等方面相关知识，构筑业界领先测试能力。","[""统招本科，计算机相关专业，学信网可查学历；"", ""岗位职责："", ""1、根据项目需求，能独立构建软件自动化测试框架，编写自动化测试用例，高效完成自动化测试；"", ""2、针对测试效率提升要求，能够独立设计和开发测试工具，测试平台。"", ""岗位要求："", ""1、本科2年以上相关领域工作经历;"", ""2、具备软件测试开发经验，熟悉软件行业测试环境及相关技术"", ""3、熟练Linux系统编程，至少精通Python/Java/C/C++/shell中的一种；"", ""4、熟悉数据库，MongoDB,mysql优先"", ""5、具备较强的沟通能力、学习能力，敬业精神和极强的团队合作精神"", ""【项目亮点】"", ""在这里，你可以全方位地、系统性地学习深度学习框架与人工智能技术栈；"", ""在这里，你可以与来自全球500+项目研发人员一同并肩作战，为开创国内首选、全球TOP3深度学习框架贡献一份力量。"", ""在这里，你可以参与自研开源深度学习框架评测与社区治理、建设 ，多维度、多方面评估和验收AI框架能力，共建AI社区生态繁荣；"", ""在这里，你可以持续专注软件测试、自动化开发、持续集成等方面相关知识，构筑业界领先测试能力。""]","[""统招本科，计算机相关专业，学信网可查学历；"", ""岗位职责："", ""1、根据项目需求，能独立构建软件自动化测试框架，编写自动化测试用例，高效完成自动化测试；"", ""2、针对测试效率提升要求，能够独立设计和开发测试工具，测试平台。"", ""岗位要求："", ""1、本科2年以上相关领域工作经历;"", ""2、具备软件测试开发经验，熟悉软件行业测试环境及相关技术"", ""3、熟练Linux系统编程，至少精通Python/Java/C/C++/shell中的一种；"", ""4、熟悉数据库，MongoDB,mysql优先"", ""5、具备较强的沟通能力、学习能力，敬业精神和极强的团队合作精神"", ""【项目亮点】"", ""在这里，你可以全方位地、系统性地学习深度学习框架与人工智能技术栈；"", ""在这里，你可以与来自全球500+项目研发人员一同并肩作战，为开创国内首选、全球TOP3深度学习框架贡献一份力量。"", ""在这里，你可以参与自研开源深度学习框架评测与社区治理、建设 ，多维度、多方面评估和验收AI框架能力，共建AI社区生态繁荣；"", ""在这里，你可以持续专注软件测试、自动化开发、持续集成等方面相关知识，构筑业界领先测试能力。""]","[""Python"", ""Linux"", ""测试开发"", ""MySQL""]","[""Python"", ""Linux"", ""测试开发"", ""MySQL""]",http://www.zhaopin.com/jobdetail/CC000544460J40697980016.htm,2026-06-18T09:55:02.054Z
job_platform,zhaopin,3,40836813105,java/Python/C/C++/JS/AI算法/软件测试,外企德科数字技术有限公司,软件/IT服务,深圳 龙岗,2,40000,经验不限,本科,2026-06-18 00:31:36,"1、本科及以上学历毕业生（25届毕业生），学信网可查，毕业证与学位证齐全。；
2、熟悉Java，C/C++，Python等任意一种后端开发技术；
3、编写概要设计能力要强；
4、沟通表达能力较好，逻辑思维清晰；
5、资深导师专业带教，五险一金，法定节假日福利，内部知识论坛；
6、薪资架构：薪资薪资+绩效工资+年终奖，周末加班双倍。
岗位要求
1、计算机、软件、通信等相关专业，统招本科及以上学历；
2、基础扎实，熟悉掌握但不限于Python/JAVA/C++/C/JS/HTML/GO等任一编程语言，有良好的编程习惯；
3、对数据结构、算法有一定了解，有算法编程基础；
4、具备解决问题的能力、善于沟通，乐于合作；","[""1、本科及以上学历毕业生（25届毕业生），学信网可查，毕业证与学位证齐全。；"", ""2、熟悉Java，C/C++，Python等任意一种后端开发技术；"", ""3、编写概要设计能力要强；"", ""4、沟通表达能力较好，逻辑思维清晰；"", ""5、资深导师专业带教，五险一金，法定节假日福利，内部知识论坛；"", ""6、薪资架构：薪资薪资+绩效工资+年终奖，周末加班双倍。"", ""岗位要求"", ""1、计算机、软件、通信等相关专业，统招本科及以上学历；"", ""2、基础扎实，熟悉掌握但不限于Python/JAVA/C++/C/JS/HTML/GO等任一编程语言，有良好的编程习惯；"", ""3、对数据结构、算法有一定了解，有算法编程基础；"", ""4、具备解决问题的能力、善于沟通，乐于合作；""]","[""1、本科及以上学历毕业生（25届毕业生），学信网可查，毕业证与学位证齐全。；"", ""2、熟悉Java，C/C++，Python等任意一种后端开发技术；"", ""3、编写概要设计能力要强；"", ""4、沟通表达能力较好，逻辑思维清晰；"", ""5、资深导师专业带教，五险一金，法定节假日福利，内部知识论坛；"", ""6、薪资架构：薪资薪资+绩效工资+年终奖，周末加班双倍。"", ""岗位要求"", ""1、计算机、软件、通信等相关专业，统招本科及以上学历；"", ""2、基础扎实，熟悉掌握但不限于Python/JAVA/C++/C/JS/HTML/GO等任一编程语言，有良好的编程习惯；"", ""3、对数据结构、算法有一定了解，有算法编程基础；"", ""4、具备解决问题的能力、善于沟通，乐于合作；""]","[""C++"", ""Java"", ""五险一金"", ""全程线上面试"", ""Python""]","[""C++"", ""Java"", ""五险一金"", ""全程线上面试"", ""Python""]",http://www.zhaopin.com/jobdetail/CCL1480117890J40836813105.htm,2026-06-18T09:55:02.054Z
job_platform,zhaopin,3,40887116413,python自动化测试工程师,湖南拓维云创科技有限责任公司,新能源/燃油整车研发制造,深圳 龙岗,9000,15000,3-5年,本科,2026-06-04 19:26:23,"新能源 控制器项目。本科-理工科专业。1年以上工作经验
1.python自动化用例脚本编写，业务代码是C/C++，需要能看懂代码。熟悉shell,tcl脚本，需要熟悉linux常用命令
2.有开发脚本经验，嵌入式开发经验优先
3.能看懂业务逻辑，CI构建，维护，开发环境linux，","[""新能源 控制器项目。本科-理工科专业。1年以上工作经验"", ""1.python自动化用例脚本编写，业务代码是C/C++，需要能看懂代码。熟悉shell,tcl脚本，需要熟悉linux常用命令"", ""2.有开发脚本经验，嵌入式开发经验优先"", ""3.能看懂业务逻辑，CI构建，维护，开发环境linux，""]","[""新能源 控制器项目。本科-理工科专业。1年以上工作经验"", ""1.python自动化用例脚本编写，业务代码是C/C++，需要能看懂代码。熟悉shell,tcl脚本，需要熟悉linux常用命令"", ""2.有开发脚本经验，嵌入式开发经验优先"", ""3.能看懂业务逻辑，CI构建，维护，开发环境linux，""]","[""Python""]","[""Python""]",http://www.zhaopin.com/jobdetail/CC889005020J40887116413.htm,2026-06-18T09:55:02.054Z
job_platform,zhaopin,3,40756409516,python数据挖掘工程师,软通动力信息技术(集团)股份有限公司,软件/IT服务,深圳 龙岗,1,17000,1-3年,本科,2026-06-05 01:53:42,"岗位职责：
1. 负责HW数据平台的需求分析、数据分析及数据挖掘建模等工作；
2. 根据业务需求，研究数据挖掘模型，参与数据挖掘模型的构建、维护、部署和评估工作；
3. 完成需求分析、样本抽样、模型构建、指标定义以及相关文档编写；
任职要求
1. 本科及以上学历；
2. 至上1年以上互联网行业数据分析、数据挖掘工作经验；
3.精通python，熟悉常见的机器学习开发库和框架
4. 有大数据并行处理经验，能使用Hadoop/Hive分析海量数据；能高效的与技术团队进行沟通；
5. 良好的数据敏感度,能从海量数据提炼核心结果；有丰富的数据分析、挖掘、清洗和建模的经验；
6. 对数据驱动业务有深入理解，对数据与业务方面有足够敏感性，有较强的逻辑分析能力，有较强的独立思考能力；
7. 熟练使用各种办公软件，如excel 、ppt等，能独立编写商业数据分析报告，及时发现和分析其中隐含的变化和问题，具备良好的商业敏感度和创新意识，快速识别商业问题和机会。","[""岗位职责："", ""1. 负责HW数据平台的需求分析、数据分析及数据挖掘建模等工作；"", ""2. 根据业务需求，研究数据挖掘模型，参与数据挖掘模型的构建、维护、部署和评估工作；"", ""3. 完成需求分析、样本抽样、模型构建、指标定义以及相关文档编写；"", ""任职要求"", ""1. 本科及以上学历；"", ""2. 至上1年以上互联网行业数据分析、数据挖掘工作经验；"", ""3.精通python，熟悉常见的机器学习开发库和框架"", ""4. 有大数据并行处理经验，能使用Hadoop/Hive分析海量数据；能高效的与技术团队进行沟通；"", ""5. 良好的数据敏感度,能从海量数据提炼核心结果；有丰富的数据分析、挖掘、清洗和建模的经验；"", ""6. 对数据驱动业务有深入理解，对数据与业务方面有足够敏感性，有较强的逻辑分析能力，有较强的独立思考能力；"", ""7. 熟练使用各种办公软件，如excel 、ppt等，能独立编写商业数据分析报告，及时发现和分析其中隐含的变化和问题，具备良好的商业敏感度和创新意识，快速识别商业问题和机会。""]","[""岗位职责："", ""1. 负责HW数据平台的需求分析、数据分析及数据挖掘建模等工作；"", ""2. 根据业务需求，研究数据挖掘模型，参与数据挖掘模型的构建、维护、部署和评估工作；"", ""3. 完成需求分析、样本抽样、模型构建、指标定义以及相关文档编写；"", ""任职要求"", ""1. 本科及以上学历；"", ""2. 至上1年以上互联网行业数据分析、数据挖掘工作经验；"", ""3.精通python，熟悉常见的机器学习开发库和框架"", ""4. 有大数据并行处理经验，能使用Hadoop/Hive分析海量数据；能高效的与技术团队进行沟通；"", ""5. 良好的数据敏感度,能从海量数据提炼核心结果；有丰富的数据分析、挖掘、清洗和建模的经验；"", ""6. 对数据驱动业务有深入理解，对数据与业务方面有足够敏感性，有较强的逻辑分析能力，有较强的独立思考能力；"", ""7. 熟练使用各种办公软件，如excel 、ppt等，能独立编写商业数据分析报告，及时发现和分析其中隐含的变化和问题，具备良好的商业敏感度和创新意识，快速识别商业问题和机会。""]","[""机器学习"", ""深度学习"", ""分类算法"", ""回归算法"", ""聚类算法"", ""图像算法"", ""Python"", ""Pandas""]","[""机器学习"", ""深度学习"", ""分类算法"", ""回归算法"", ""聚类算法"", ""图像算法"", ""Python"", ""Pandas""]",http://www.zhaopin.com/jobdetail/CC000544460J40756409516.htm,2026-06-18T09:55:02.054Z
job_platform,zhaopin,3,40703359505,Java/C/C++/Python/js/软测,外企德科数字技术有限公司,软件/IT服务,深圳 龙岗,2,30000,经验不限,学历不限,2026-06-18 00:30:37,"岗位名称】
C/C++/JAVA/Python/web/GO/大数据开发/算法岗位/测试&运维均有
岗位需求]
PS:办公地点在各个城市的研究所基地(北京、上海、深圳、杭州、苏州、武汉、西安、成都、南京、东莞、长沙)可自行选择一个城市
岗位要求】
1、统招，以上学历；
2、熟悉Java / Python/C/C++/JS/C#/PHP/GO等 ，至少一种主流开发语言。","[""岗位名称】"", ""C/C++/JAVA/Python/web/GO/大数据开发/算法岗位/测试&运维均有"", ""岗位需求]"", ""PS:办公地点在各个城市的研究所基地(北京、上海、深圳、杭州、苏州、武汉、西安、成都、南京、东莞、长沙)可自行选择一个城市"", ""岗位要求】"", ""1、统招，以上学历；"", ""2、熟悉Java / Python/C/C++/JS/C#/PHP/GO等 ，至少一种主流开发语言。""]","[""岗位名称】"", ""C/C++/JAVA/Python/web/GO/大数据开发/算法岗位/测试&运维均有"", ""岗位需求]"", ""PS:办公地点在各个城市的研究所基地(北京、上海、深圳、杭州、苏州、武汉、西安、成都、南京、东莞、长沙)可自行选择一个城市"", ""岗位要求】"", ""1、统招，以上学历；"", ""2、熟悉Java / Python/C/C++/JS/C#/PHP/GO等 ，至少一种主流开发语言。""]","[""Java"", ""Python"", ""C++"", ""C""]","[""Java"", ""Python"", ""C++"", ""C""]",http://www.zhaopin.com/jobdetail/CCL1480117890J40703359505.htm,2026-06-18T09:55:02.054Z
job_platform,zhaopin,3,40871849805,H89856岗 python自动化测试 （东莞岗位,武汉佰钧成技术有限责任公司,软件/IT服务,深圳 龙岗,8000,12000,1-3年,本科,2026-06-03 18:30:25,"1、计算机相关专业毕业；
2、熟悉基本的测试方法和理论，有自动化测试经验优先；
3、熟悉面向对象编程思想，熟练掌握 Python 语言；
4、自己开发过独立特性自动化 AW 或者独立模块功能实现 (偏后台)，熟悉 SQL 语句，能够进行 SQL 相关问题定位定界；
5、主动学习，不要被动追问，遇到问题能够主动问，并解决难点问题；
6、具备 Python 开发经验，能够使用 Python 进行测试脚本开发和测试工具编写；
备注：有丰富的 Python 代码工作经验，愿意从事 AI 测试小工具开发和测试工作也可以","[""1、计算机相关专业毕业；"", ""2、熟悉基本的测试方法和理论，有自动化测试经验优先；"", ""3、熟悉面向对象编程思想，熟练掌握 Python 语言；"", ""4、自己开发过独立特性自动化 AW 或者独立模块功能实现 (偏后台)，熟悉 SQL 语句，能够进行 SQL 相关问题定位定界；"", ""5、主动学习，不要被动追问，遇到问题能够主动问，并解决难点问题；"", ""6、具备 Python 开发经验，能够使用 Python 进行测试脚本开发和测试工具编写；"", ""备注：有丰富的 Python 代码工作经验，愿意从事 AI 测试小工具开发和测试工作也可以""]","[""1、计算机相关专业毕业；"", ""2、熟悉基本的测试方法和理论，有自动化测试经验优先；"", ""3、熟悉面向对象编程思想，熟练掌握 Python 语言；"", ""4、自己开发过独立特性自动化 AW 或者独立模块功能实现 (偏后台)，熟悉 SQL 语句，能够进行 SQL 相关问题定位定界；"", ""5、主动学习，不要被动追问，遇到问题能够主动问，并解决难点问题；"", ""6、具备 Python 开发经验，能够使用 Python 进行测试脚本开发和测试工具编写；"", ""备注：有丰富的 Python 代码工作经验，愿意从事 AI 测试小工具开发和测试工作也可以""]","[""Python"", ""C/C++"", ""Linux""]","[""Python"", ""C/C++"", ""Linux""]",http://www.zhaopin.com/jobdetail/CC364485720J40871849805.htm,2026-06-18T09:55:02.054Z
job_platform,zhaopin,3,40821774416,python开发工程师,软通动力信息技术(集团)股份有限公司,软件/IT服务,深圳 南山,9000,11000,1-3年,大专,2026-06-04 13:42:35,"岗位职责
1、基于 Python 技术栈，参与RPA 平台及自动化系统的功能开发；
2、参与 AI 相关应用功能开发与接口集成，配合业务落地智能化自动化场景；
3、负责项目在信创环境下的适配调试、兼容性改造、问题排查与功能适配；
4、参与需求分析、功能方案讨论，按开发规范完成编码、单元测试及文档编写；
5、配合团队完成自动化项目开发、联调上线，跟进线上问题修复与优化；
6、跟进 Python、自动化、信创相关技术，支撑项目日常开发与技术落地。
任职要求
1、专科及以上学历，1-3 年左右Python 开发工作经验；
2、熟练掌握 Python，具备 AI 应用、接口开发、系统集成落地经验；
3、有 RPA 系统、信创环境适配、国产浏览器兼容开发经验者优先；
4、具备良好的沟通协作能力，有良好的代码规范意识","[""岗位职责"", ""1、基于 Python 技术栈，参与RPA 平台及自动化系统的功能开发；"", ""2、参与 AI 相关应用功能开发与接口集成，配合业务落地智能化自动化场景；"", ""3、负责项目在信创环境下的适配调试、兼容性改造、问题排查与功能适配；"", ""4、参与需求分析、功能方案讨论，按开发规范完成编码、单元测试及文档编写；"", ""5、配合团队完成自动化项目开发、联调上线，跟进线上问题修复与优化；"", ""6、跟进 Python、自动化、信创相关技术，支撑项目日常开发与技术落地。"", ""任职要求"", ""1、专科及以上学历，1-3 年左右Python 开发工作经验；"", ""2、熟练掌握 Python，具备 AI 应用、接口开发、系统集成落地经验；"", ""3、有 RPA 系统、信创环境适配、国产浏览器兼容开发经验者优先；"", ""4、具备良好的沟通协作能力，有良好的代码规范意识""]","[""岗位职责"", ""1、基于 Python 技术栈，参与RPA 平台及自动化系统的功能开发；"", ""2、参与 AI 相关应用功能开发与接口集成，配合业务落地智能化自动化场景；"", ""3、负责项目在信创环境下的适配调试、兼容性改造、问题排查与功能适配；"", ""4、参与需求分析、功能方案讨论，按开发规范完成编码、单元测试及文档编写；"", ""5、配合团队完成自动化项目开发、联调上线，跟进线上问题修复与优化；"", ""6、跟进 Python、自动化、信创相关技术，支撑项目日常开发与技术落地。"", ""任职要求"", ""1、专科及以上学历，1-3 年左右Python 开发工作经验；"", ""2、熟练掌握 Python，具备 AI 应用、接口开发、系统集成落地经验；"", ""3、有 RPA 系统、信创环境适配、国产浏览器兼容开发经验者优先；"", ""4、具备良好的沟通协作能力，有良好的代码规范意识""]","[""Django"", ""Python"", ""RPA"", ""AI""]","[""Django"", ""Python"", ""RPA"", ""AI""]",http://www.zhaopin.com/jobdetail/CC000544460J40821774416.htm,2026-06-18T09:55:02.054Z
job_platform,zhaopin,4,40850026705,Java/Python/C 多岗位双休六 险一金年终奖,外企德科数字技术有限公司,软件/IT服务,深圳 龙岗,2,30000,经验不限,本科,2026-06-18 00:32:17,"软件开发、测试岗、算法岗、数据岗全年在招，各地均有岗(北上广深、南京、成都、杭州、西安、东莞等)
接受考研考公没上岸、空档、延毕、应届生、无经验、转码。
岗位职责：
（一）后端开发
1. 开发和维护后端服务器：负责设计、开发和维护后端服务器，包括数据存储、API接口、业务逻辑等；
2.负责性能优化、代码重构、系统升级等工作；
3.参与技术选型、架构设计、代码评审等工作；
4 协助其他团队完成相关的技术工作。
（二）算法岗
1.负责机器学习、深度学习、自然语言处理、大模型等方向的算法设计与优化； 
2.开展数据建模、特征工程、模型训练与评估，持续提升算法效果与性能； 
3.结合业务场景，推动算法在实际产品中的落地应用，实现技术价值转化； 
4.跟踪学术前沿，参与高水平技术交流与合作，提升团队技术创新能力。
（三）软件测试
1.负责公司WEB端产品软件测试工作，跟踪协调问题的解决；
2.能独立设计合理的测试用例及策略，参与到具体的测试执行工作中，并进行缺陷跟踪和质量分析等；
3.准确地定位并跟踪BUG，推动问题及时合理地解决，确保质量，遇到问题能及时反馈预警；
4.定期提交产品测试总结报告、缺陷统计分析报告，上线前对产品做出客观的风险评估。
（四）数据开发
1.负责实时计算平台产品后端系统开发，处理大数据量、高并发、实时计算等场景下的平台技术架构设计和产品特性的开发工作；
2.负责实时计算平台产品的应用开发实施，解决大数据平台实时计算重大技术疑难问题。
（五）前端开发
1.负责前端页面开发和维护；
2.创造性解决产品在实现过程中的技术难题，应用前沿技术提升产品的核心竞争力；
3.参与业界前沿技术研究和规划，与全球专家一起工作、交流，构建业界影响力。
岗位要求:
1.掌握Java/C++/C/Python/JS/Golang/C#等编程语言中的一种或多种编程语言;
2.具备良好的独立工作能力和解决问题能力，善于沟通，乐于合作，热衷新技术;
3.接受考研考公没上岸、空档、延毕、无经验、转码。","[""软件开发、测试岗、算法岗、数据岗全年在招，各地均有岗(北上广深、南京、成都、杭州、西安、东莞等)"", ""接受考研考公没上岸、空档、延毕、应届生、无经验、转码。"", ""岗位职责："", ""（一）后端开发"", ""1. 开发和维护后端服务器：负责设计、开发和维护后端服务器，包括数据存储、API接口、业务逻辑等；"", ""2.负责性能优化、代码重构、系统升级等工作；"", ""3.参与技术选型、架构设计、代码评审等工作；"", ""4 协助其他团队完成相关的技术工作。"", ""（二）算法岗"", ""1.负责机器学习、深度学习、自然语言处理、大模型等方向的算法设计与优化；"", ""2.开展数据建模、特征工程、模型训练与评估，持续提升算法效果与性能；"", ""3.结合业务场景，推动算法在实际产品中的落地应用，实现技术价值转化；"", ""4.跟踪学术前沿，参与高水平技术交流与合作，提升团队技术创新能力。"", ""（三）软件测试"", ""1.负责公司WEB端产品软件测试工作，跟踪协调问题的解决；"", ""2.能独立设计合理的测试用例及策略，参与到具体的测试执行工作中，并进行缺陷跟踪和质量分析等；"", ""3.准确地定位并跟踪BUG，推动问题及时合理地解决，确保质量，遇到问题能及时反馈预警；"", ""4.定期提交产品测试总结报告、缺陷统计分析报告，上线前对产品做出客观的风险评估。"", ""（四）数据开发"", ""1.负责实时计算平台产品后端系统开发，处理大数据量、高并发、实时计算等场景下的平台技术架构设计和产品特性的开发工作；"", ""2.负责实时计算平台产品的应用开发实施，解决大数据平台实时计算重大技术疑难问题。"", ""（五）前端开发"", ""1.负责前端页面开发和维护；"", ""2.创造性解决产品在实现过程中的技术难题，应用前沿技术提升产品的核心竞争力；"", ""3.参与业界前沿技术研究和规划，与全球专家一起工作、交流，构建业界影响力。""]","[""软件开发、测试岗、算法岗、数据岗全年在招，各地均有岗(北上广深、南京、成都、杭州、西安、东莞等)"", ""接受考研考公没上岸、空档、延毕、应届生、无经验、转码。"", ""岗位职责："", ""（一）后端开发"", ""1. 开发和维护后端服务器：负责设计、开发和维护后端服务器，包括数据存储、API接口、业务逻辑等；"", ""2.负责性能优化、代码重构、系统升级等工作；"", ""3.参与技术选型、架构设计、代码评审等工作；"", ""4 协助其他团队完成相关的技术工作。"", ""（二）算法岗"", ""1.负责机器学习、深度学习、自然语言处理、大模型等方向的算法设计与优化；"", ""2.开展数据建模、特征工程、模型训练与评估，持续提升算法效果与性能；"", ""3.结合业务场景，推动算法在实际产品中的落地应用，实现技术价值转化；"", ""4.跟踪学术前沿，参与高水平技术交流与合作，提升团队技术创新能力。"", ""（三）软件测试"", ""1.负责公司WEB端产品软件测试工作，跟踪协调问题的解决；"", ""2.能独立设计合理的测试用例及策略，参与到具体的测试执行工作中，并进行缺陷跟踪和质量分析等；"", ""3.准确地定位并跟踪BUG，推动问题及时合理地解决，确保质量，遇到问题能及时反馈预警；"", ""4.定期提交产品测试总结报告、缺陷统计分析报告，上线前对产品做出客观的风险评估。"", ""（四）数据开发"", ""1.负责实时计算平台产品后端系统开发，处理大数据量、高并发、实时计算等场景下的平台技术架构设计和产品特性的开发工作；"", ""2.负责实时计算平台产品的应用开发实施，解决大数据平台实时计算重大技术疑难问题。"", ""（五）前端开发"", ""1.负责前端页面开发和维护；"", ""2.创造性解决产品在实现过程中的技术难题，应用前沿技术提升产品的核心竞争力；"", ""3.参与业界前沿技术研究和规划，与全球专家一起工作、交流，构建业界影响力。""]","[""C语言""]","[""C语言""]",http://www.zhaopin.com/jobdetail/CCL1480117890J40850026705.htm,2026-06-18T09:55:02.054Z
job_platform,zhaopin,4,40857026703,软件开发/测试/算法 java、c/c++、python、js（可接24/25应届无经验）,智联猎头,产业互联网平台,深圳 龙岗,2,30000,经验不限,本科,2026-06-03 15:16:37,"职位描述
岗位需求
1、业务方向（后续面试会选业务部门）：智能汽车（自动驾驶、智能座舱、融合感知、车云、车载网络等）、新能源（光伏、电动、充电桩等）、云&AI/高性能计算、5G、芯片、光通信&应用（光纤、车载光）、路由交换机等。
2、具备良好的计算机、软件工程领域知识，熟悉软件系统设计、开发、测试等研发领域的流程、工程方法和工具；
3、良好的学习能力、团队协作性好，沟通协调能力强；
4、有研发工具模块设计、接口设计、开发经验优先。
专业知识要求：
1、开发工程师
有相关经验优先，熟悉C/C++、JAVA、JS、python中的至少一种，掌握常见的数据结构、算法；
2、软件测试工程师
有相关测试语言/脚本的编写和实践经验优先，也可接受纯测试经验的（具备良好的独立工作能力和解决问题能力，善于沟通，乐于合作，热衷新技术）
3、算法工程师
熟练掌握Java/C/C++/Python其中一个或多个编程语言；熟悉机器学习、深度学习或图像算法。
PS:接受24、25届无经验，转行无经验 ,学习能力出色、基础扎实，入职后导师一带一带教培养。","[""职位描述"", ""岗位需求"", ""1、业务方向（后续面试会选业务部门）：智能汽车（自动驾驶、智能座舱、融合感知、车云、车载网络等）、新能源（光伏、电动、充电桩等）、云&AI/高性能计算、5G、芯片、光通信&应用（光纤、车载光）、路由交换机等。"", ""2、具备良好的计算机、软件工程领域知识，熟悉软件系统设计、开发、测试等研发领域的流程、工程方法和工具；"", ""3、良好的学习能力、团队协作性好，沟通协调能力强；"", ""4、有研发工具模块设计、接口设计、开发经验优先。"", ""专业知识要求："", ""1、开发工程师"", ""有相关经验优先，熟悉C/C++、JAVA、JS、python中的至少一种，掌握常见的数据结构、算法；"", ""2、软件测试工程师"", ""有相关测试语言/脚本的编写和实践经验优先，也可接受纯测试经验的（具备良好的独立工作能力和解决问题能力，善于沟通，乐于合作，热衷新技术）"", ""3、算法工程师"", ""熟练掌握Java/C/C++/Python其中一个或多个编程语言；熟悉机器学习、深度学习或图像算法。"", ""PS:接受24、25届无经验，转行无经验 ,学习能力出色、基础扎实，入职后导师一带一带教培养。""]","[""职位描述"", ""岗位需求"", ""1、业务方向（后续面试会选业务部门）：智能汽车（自动驾驶、智能座舱、融合感知、车云、车载网络等）、新能源（光伏、电动、充电桩等）、云&AI/高性能计算、5G、芯片、光通信&应用（光纤、车载光）、路由交换机等。"", ""2、具备良好的计算机、软件工程领域知识，熟悉软件系统设计、开发、测试等研发领域的流程、工程方法和工具；"", ""3、良好的学习能力、团队协作性好，沟通协调能力强；"", ""4、有研发工具模块设计、接口设计、开发经验优先。"", ""专业知识要求："", ""1、开发工程师"", ""有相关经验优先，熟悉C/C++、JAVA、JS、python中的至少一种，掌握常见的数据结构、算法；"", ""2、软件测试工程师"", ""有相关测试语言/脚本的编写和实践经验优先，也可接受纯测试经验的（具备良好的独立工作能力和解决问题能力，善于沟通，乐于合作，热衷新技术）"", ""3、算法工程师"", ""熟练掌握Java/C/C++/Python其中一个或多个编程语言；熟悉机器学习、深度学习或图像算法。"", ""PS:接受24、25届无经验，转行无经验 ,学习能力出色、基础扎实，入职后导师一带一带教培养。""]","[""C语言"", ""C#"", ""Java""]","[""C语言"", ""C#"", ""Java""]",http://www.zhaopin.com/jobdetail/CCL1318355140J40857026703.htm,2026-06-18T09:55:02.054Z
job_platform,zhaopin,4,40821650316,python工程师,软通动力信息技术(集团)股份有限公司,软件/IT服务,深圳 龙岗,8000,10000,1-3年,本科,2026-06-04 09:33:03,"【岗位定位】
本岗位隶属于半导体设备研发测试团队，聚焦于半导体缺陷检测设备、探针台、光刻工艺设备等高端装备的自动化测试体系建设。你将负责编写Python测试脚本/工具，实现设备软硬件的自动化验证、数据采集与分析，与研发团队共同保障设备交付质量。
经验要求： 1-2年经验或优秀应届毕业生
学历要求： 本科及以上（自动化、计算机、测控、电子等相关专业）
【岗位职责】
1、根据产品需求编写测试计划、测试用例和测试报告，对测试问题进行全流程跟踪与反馈，推动问题闭环解决。
2、参与设备的软硬件联调，配合完成串口通讯、TCP/IP通讯等接口的测试验证。
3、参与测试开发框架的搭建与优化，协助工程师进行ATE（自动化测试设备）平台的软件验证。
4、半导体设备（如检测设备、探针台）的自动化测试脚本编写与维护，使用Python实现测试流程自动化，提升测试效率。
2、","[""【岗位定位】"", ""本岗位隶属于半导体设备研发测试团队，聚焦于半导体缺陷检测设备、探针台、光刻工艺设备等高端装备的自动化测试体系建设。你将负责编写Python测试脚本/工具，实现设备软硬件的自动化验证、数据采集与分析，与研发团队共同保障设备交付质量。"", ""经验要求： 1-2年经验或优秀应届毕业生"", ""学历要求： 本科及以上（自动化、计算机、测控、电子等相关专业）"", ""【岗位职责】"", ""1、根据产品需求编写测试计划、测试用例和测试报告，对测试问题进行全流程跟踪与反馈，推动问题闭环解决。"", ""2、参与设备的软硬件联调，配合完成串口通讯、TCP/IP通讯等接口的测试验证。"", ""3、参与测试开发框架的搭建与优化，协助工程师进行ATE（自动化测试设备）平台的软件验证。"", ""4、半导体设备（如检测设备、探针台）的自动化测试脚本编写与维护，使用Python实现测试流程自动化，提升测试效率。"", ""2、""]","[""【岗位定位】"", ""本岗位隶属于半导体设备研发测试团队，聚焦于半导体缺陷检测设备、探针台、光刻工艺设备等高端装备的自动化测试体系建设。你将负责编写Python测试脚本/工具，实现设备软硬件的自动化验证、数据采集与分析，与研发团队共同保障设备交付质量。"", ""经验要求： 1-2年经验或优秀应届毕业生"", ""学历要求： 本科及以上（自动化、计算机、测控、电子等相关专业）"", ""【岗位职责】"", ""1、根据产品需求编写测试计划、测试用例和测试报告，对测试问题进行全流程跟踪与反馈，推动问题闭环解决。"", ""2、参与设备的软硬件联调，配合完成串口通讯、TCP/IP通讯等接口的测试验证。"", ""3、参与测试开发框架的搭建与优化，协助工程师进行ATE（自动化测试设备）平台的软件验证。"", ""4、半导体设备（如检测设备、探针台）的自动化测试脚本编写与维护，使用Python实现测试流程自动化，提升测试效率。"", ""2、""]","[""Python"", ""C++"", ""PyQt"", ""MySQL"", ""Redis""]","[""Python"", ""C++"", ""PyQt"", ""MySQL"", ""Redis""]",http://www.zhaopin.com/jobdetail/CC000544460J40821650316.htm,2026-06-18T09:55:02.054Z
job_platform,zhaopin,4,40796023005,Java/C/C++/Python/前端/测试（接受应届）,外企德科数字技术有限公司,软件/IT服务,深圳 龙岗,2,30000,经验不限,本科,2026-06-18 00:30:41,"【业务介绍】围绕鲲鹏、昇腾生态，负责算力系统基础组件及平台研发，为多样性计算及大集群构建统一的基础软件，包括统一运行时、内存子系统、IO子系统、通信子系统、编译器编程语言、调度器、加速库、分布式中间件等，对上使能应用层充分发挥极致算力。应用场景包括通用计算领域（如HPC、分布式存储、大数据、虚拟化、数据库等）、AI计算领域（大模型、搜索推荐、检索等）应用加速。
打造面向多样算力的统一编程框架、调试调优开发工具链，使能应用开发者一站式高效开发。
【岗位要求:】
1、热爱编程，基础扎实，熟练掌握但不限于C/C++，JAVA，python，GO等编程语言中的一种或几种。
2、熟悉Linux操作系统，对常见的数据结构和算法有一定的了解。
3、具备独立工作能力和解决问题的能力，善于沟通，乐于合作，热衷新技术，善于总结分享。
目前在招聘的岗位：AI软件开发、通用软件开发、应用软件开发、编译器与编程语言开发、大数据开发、数据库开发
【岗位职责】
1、跟踪学术动态，梳理前沿技术，参与计算基础软件系统架构的技术规划和技术创新。
2、负责基础软件领域的大数据，AI，HPC，数据库，网络等领域的系统架构及关键模块的性能优化。
3、负责基础软件业务领域各个模块的开发工作。
【学历要求】：统招学信网可查，毕业证学位证齐全，本科、硕士及以上都可以
【经验要求】:至少会一门主流编程语言，学习能力强，对于一些优秀的应届可以接受无实际工作经验
【福利待遇】：
1、底薪(13-35k)+绩效(2-5k) (根据技术面试能力定级定薪)
2、试用期不打折，年终奖2-4个月
3、入职缴纳五险一金，公积金按底薪全额缴纳
4、入职就有导师一对一，带教半年
5、优质研究所办公环境和技术氛围
6、加班费、交通报销、免费宵夜、班车、健身房、下午茶，团建，带薪年假
在这里，你将从事IT应用层软件、分布式云化软件、互联网软件等的设计开发，可以采用敏捷、Devops、开源等先进的软件设计开发模式，接触最前沿的产品和软件技术，成为大容量高并发技术的专家;你将参与产品的软件研发工作，包括但不限于:
(1)完成从客户需求到软件产品定义、架构设计、开发实现、再到上线运营维护等产品生命周期中的各个环节;
(2)创造性解决产品在实现过程中的技术难题，应用前沿技术提升产品的核心竞争力，如分布式系统、性能调优、可靠性、数据库等;
(3)有机会参与业界前沿技术研究和规划，参与开源社区运作，与全球专家一起工作、交流。
在这里，你将有机会和全球顶尖专家一起并肩作战，快速成长为云领域的技术大牛！。
杭州、深圳、东莞、广州、南京、西安、武汉、长沙、济南、成都均可","[""【业务介绍】围绕鲲鹏、昇腾生态，负责算力系统基础组件及平台研发，为多样性计算及大集群构建统一的基础软件，包括统一运行时、内存子系统、IO子系统、通信子系统、编译器编程语言、调度器、加速库、分布式中间件等，对上使能应用层充分发挥极致算力。应用场景包括通用计算领域（如HPC、分布式存储、大数据、虚拟化、数据库等）、AI计算领域（大模型、搜索推荐、检索等）应用加速。"", ""打造面向多样算力的统一编程框架、调试调优开发工具链，使能应用开发者一站式高效开发。"", ""【岗位要求:】"", ""1、热爱编程，基础扎实，熟练掌握但不限于C/C++，JAVA，python，GO等编程语言中的一种或几种。"", ""2、熟悉Linux操作系统，对常见的数据结构和算法有一定的了解。"", ""3、具备独立工作能力和解决问题的能力，善于沟通，乐于合作，热衷新技术，善于总结分享。"", ""目前在招聘的岗位：AI软件开发、通用软件开发、应用软件开发、编译器与编程语言开发、大数据开发、数据库开发"", ""【岗位职责】"", ""1、跟踪学术动态，梳理前沿技术，参与计算基础软件系统架构的技术规划和技术创新。"", ""2、负责基础软件领域的大数据，AI，HPC，数据库，网络等领域的系统架构及关键模块的性能优化。"", ""3、负责基础软件业务领域各个模块的开发工作。"", ""【学历要求】：统招学信网可查，毕业证学位证齐全，本科、硕士及以上都可以"", ""【经验要求】:至少会一门主流编程语言，学习能力强，对于一些优秀的应届可以接受无实际工作经验"", ""【福利待遇】："", ""1、底薪(13-35k)+绩效(2-5k) (根据技术面试能力定级定薪)"", ""2、试用期不打折，年终奖2-4个月"", ""3、入职缴纳五险一金，公积金按底薪全额缴纳"", ""4、入职就有导师一对一，带教半年"", ""5、优质研究所办公环境和技术氛围"", ""6、加班费、交通报销、免费宵夜、班车、健身房、下午茶，团建，带薪年假"", ""在这里，你将从事IT应用层软件、分布式云化软件、互联网软件等的设计开发，可以采用敏捷、Devops、开源等先进的软件设计开发模式，接触最前沿的产品和软件技术，成为大容量高并发技术的专家;你将参与产品的软件研发工作，包括但不限于:"", ""(1)完成从客户需求到软件产品定义、架构设计、开发实现、再到上线运营维护等产品生命周期中的各个环节;"", ""(2)创造性解决产品在实现过程中的技术难题，应用前沿技术提升产品的核心竞争力，如分布式系统、性能调优、可靠性、数据库等;"", ""(3)有机会参与业界前沿技术研究和规划，参与开源社区运作，与全球专家一起工作、交流。"", ""在这里，你将有机会和全球顶尖专家一起并肩作战，快速成长为云领域的技术大牛！。""]","[""【业务介绍】围绕鲲鹏、昇腾生态，负责算力系统基础组件及平台研发，为多样性计算及大集群构建统一的基础软件，包括统一运行时、内存子系统、IO子系统、通信子系统、编译器编程语言、调度器、加速库、分布式中间件等，对上使能应用层充分发挥极致算力。应用场景包括通用计算领域（如HPC、分布式存储、大数据、虚拟化、数据库等）、AI计算领域（大模型、搜索推荐、检索等）应用加速。"", ""打造面向多样算力的统一编程框架、调试调优开发工具链，使能应用开发者一站式高效开发。"", ""【岗位要求:】"", ""1、热爱编程，基础扎实，熟练掌握但不限于C/C++，JAVA，python，GO等编程语言中的一种或几种。"", ""2、熟悉Linux操作系统，对常见的数据结构和算法有一定的了解。"", ""3、具备独立工作能力和解决问题的能力，善于沟通，乐于合作，热衷新技术，善于总结分享。"", ""目前在招聘的岗位：AI软件开发、通用软件开发、应用软件开发、编译器与编程语言开发、大数据开发、数据库开发"", ""【岗位职责】"", ""1、跟踪学术动态，梳理前沿技术，参与计算基础软件系统架构的技术规划和技术创新。"", ""2、负责基础软件领域的大数据，AI，HPC，数据库，网络等领域的系统架构及关键模块的性能优化。"", ""3、负责基础软件业务领域各个模块的开发工作。"", ""【学历要求】：统招学信网可查，毕业证学位证齐全，本科、硕士及以上都可以"", ""【经验要求】:至少会一门主流编程语言，学习能力强，对于一些优秀的应届可以接受无实际工作经验"", ""【福利待遇】："", ""1、底薪(13-35k)+绩效(2-5k) (根据技术面试能力定级定薪)"", ""2、试用期不打折，年终奖2-4个月"", ""3、入职缴纳五险一金，公积金按底薪全额缴纳"", ""4、入职就有导师一对一，带教半年"", ""5、优质研究所办公环境和技术氛围"", ""6、加班费、交通报销、免费宵夜、班车、健身房、下午茶，团建，带薪年假"", ""在这里，你将从事IT应用层软件、分布式云化软件、互联网软件等的设计开发，可以采用敏捷、Devops、开源等先进的软件设计开发模式，接触最前沿的产品和软件技术，成为大容量高并发技术的专家;你将参与产品的软件研发工作，包括但不限于:"", ""(1)完成从客户需求到软件产品定义、架构设计、开发实现、再到上线运营维护等产品生命周期中的各个环节;"", ""(2)创造性解决产品在实现过程中的技术难题，应用前沿技术提升产品的核心竞争力，如分布式系统、性能调优、可靠性、数据库等;"", ""(3)有机会参与业界前沿技术研究和规划，参与开源社区运作，与全球专家一起工作、交流。"", ""在这里，你将有机会和全球顶尖专家一起并肩作战，快速成长为云领域的技术大牛！。""]","[""C++"", ""Python"", ""Spring""]","[""C++"", ""Python"", ""Spring""]",http://www.zhaopin.com/jobdetail/CCL1480117890J40796023005.htm,2026-06-18T09:55:02.054Z
job_platform,zhaopin,4,40900208003,OD软件开发/测试/算法 java、c/c++、python、js（可接24/25届非it专业）,智联猎头,产业互联网平台,深圳 龙岗,2,30000,经验不限,本科,2026-06-03 15:18:57,"职位描述
岗位需求
1、业务方向（后续面试会选业务部门）：智能汽车（自动驾驶、智能座舱、融合感知、车云、车载网络等）、新能源（光伏、电动、充电桩等）、云&AI/高性能计算、5G、芯片、光通信&应用（光纤、车载光）、路由交换机等。
2、具备良好的计算机、软件工程领域知识，熟悉软件系统设计、开发、测试等研发领域的流程、工程方法和工具；
3、良好的学习能力、团队协作性好，沟通协调能力强；
4、有研发工具模块设计、接口设计、开发经验优先。
专业知识要求：
1、开发工程师
有相关经验优先，熟悉C/C++、JAVA、JS、python中的至少一种，掌握常见的数据结构、算法；
2、软件测试工程师
有相关测试语言/脚本的编写和实践经验优先，也可接受纯测试经验的（具备良好的独立工作能力和解决问题能力，善于沟通，乐于合作，热衷新技术）
3、算法工程师
熟练掌握Java/C/C++/Python其中一个或多个编程语言；熟悉机器学习、深度学习或图像算法。
PS:接受24、25届无经验，转行无经验 ,学习能力出色、基础扎实，入职后导师一带一带教培养。","[""职位描述"", ""岗位需求"", ""1、业务方向（后续面试会选业务部门）：智能汽车（自动驾驶、智能座舱、融合感知、车云、车载网络等）、新能源（光伏、电动、充电桩等）、云&AI/高性能计算、5G、芯片、光通信&应用（光纤、车载光）、路由交换机等。"", ""2、具备良好的计算机、软件工程领域知识，熟悉软件系统设计、开发、测试等研发领域的流程、工程方法和工具；"", ""3、良好的学习能力、团队协作性好，沟通协调能力强；"", ""4、有研发工具模块设计、接口设计、开发经验优先。"", ""专业知识要求："", ""1、开发工程师"", ""有相关经验优先，熟悉C/C++、JAVA、JS、python中的至少一种，掌握常见的数据结构、算法；"", ""2、软件测试工程师"", ""有相关测试语言/脚本的编写和实践经验优先，也可接受纯测试经验的（具备良好的独立工作能力和解决问题能力，善于沟通，乐于合作，热衷新技术）"", ""3、算法工程师"", ""熟练掌握Java/C/C++/Python其中一个或多个编程语言；熟悉机器学习、深度学习或图像算法。"", ""PS:接受24、25届无经验，转行无经验 ,学习能力出色、基础扎实，入职后导师一带一带教培养。""]","[""职位描述"", ""岗位需求"", ""1、业务方向（后续面试会选业务部门）：智能汽车（自动驾驶、智能座舱、融合感知、车云、车载网络等）、新能源（光伏、电动、充电桩等）、云&AI/高性能计算、5G、芯片、光通信&应用（光纤、车载光）、路由交换机等。"", ""2、具备良好的计算机、软件工程领域知识，熟悉软件系统设计、开发、测试等研发领域的流程、工程方法和工具；"", ""3、良好的学习能力、团队协作性好，沟通协调能力强；"", ""4、有研发工具模块设计、接口设计、开发经验优先。"", ""专业知识要求："", ""1、开发工程师"", ""有相关经验优先，熟悉C/C++、JAVA、JS、python中的至少一种，掌握常见的数据结构、算法；"", ""2、软件测试工程师"", ""有相关测试语言/脚本的编写和实践经验优先，也可接受纯测试经验的（具备良好的独立工作能力和解决问题能力，善于沟通，乐于合作，热衷新技术）"", ""3、算法工程师"", ""熟练掌握Java/C/C++/Python其中一个或多个编程语言；熟悉机器学习、深度学习或图像算法。"", ""PS:接受24、25届无经验，转行无经验 ,学习能力出色、基础扎实，入职后导师一带一带教培养。""]","[""JavaScript"", ""Python"", ""C++""]","[""JavaScript"", ""Python"", ""C++""]",http://www.zhaopin.com/jobdetail/CCL1318355140J40900208003.htm,2026-06-18T09:55:02.054Z
job_platform,zhaopin,4,40804476216,python开发,软通动力信息技术(集团)股份有限公司,软件/IT服务,深圳 龙岗,1,17000,1-3年,本科,2026-06-03 15:47:39,"学历：
1、本科级以上学历，计算机、自动化、通信工程等相关专业。
 岗位职责： 
1、使用pyside框架按要求实现模块用户界面和业务逻辑 
2、负责应用程序的界面设计，开发和调试 
3、支持和协调与团队成员和业务部门之间的沟通，并有效解决问题。 
 

 岗位要求： 
1、一年以上python开发经验，有Qt开发经验优先 
2、熟悉常用Linux命令","[""学历："", ""1、本科级以上学历，计算机、自动化、通信工程等相关专业。"", ""岗位职责："", ""1、使用pyside框架按要求实现模块用户界面和业务逻辑"", ""2、负责应用程序的界面设计，开发和调试"", ""3、支持和协调与团队成员和业务部门之间的沟通，并有效解决问题。"", ""岗位要求："", ""1、一年以上python开发经验，有Qt开发经验优先"", ""2、熟悉常用Linux命令""]","[""学历："", ""1、本科级以上学历，计算机、自动化、通信工程等相关专业。"", ""岗位职责："", ""1、使用pyside框架按要求实现模块用户界面和业务逻辑"", ""2、负责应用程序的界面设计，开发和调试"", ""3、支持和协调与团队成员和业务部门之间的沟通，并有效解决问题。"", ""岗位要求："", ""1、一年以上python开发经验，有Qt开发经验优先"", ""2、熟悉常用Linux命令""]","[""Python"", ""PYSIDE"", ""PyQt"", ""QT"", ""Linux""]","[""Python"", ""PYSIDE"", ""PyQt"", ""QT"", ""Linux""]",http://www.zhaopin.com/jobdetail/CC000544460J40804476216.htm,2026-06-18T09:55:02.054Z
job_platform,zhaopin,4,40614947605,java/c++/C/Python/前端开发工程师,外企德科数字技术有限公司,软件/IT服务,深圳 龙岗,2,30000,经验不限,本科,2026-06-18 00:30:35,"岗位职责：
负责云服务云端软件研发工具的后端公共基础服务建设或者业务开发
岗位要求：
1、扎实的编程能力，熟悉算法和数据结构；熟悉计算机的基础理论；
2、熟练使用JAVA，掌握Spring相关生态开源框架，熟悉MySql、MQ、Redis、SpringCloud等，熟悉事务、缓存、消息、负载均衡等；
3、熟悉Linux开发环境；
4、具有大规模高并发云服务设计和开发经验优先；
5、有微服务、容器相关开发经验优先。
任职要求：
1、扎实的编程能力，熟悉算法和数据结构；熟悉计算机的基础理论；
2. 软件基础扎实，熟悉掌握但是不限于Java/Js/C/C++/Python/Go等编程语言，有良好的编程习惯。
3. 具备独立工作能力和独立解决问题的能力，善于沟通，乐于协作，热衷于新技术，善于总结分享，喜欢动手实践。 

 职位福利：五险一金、绩效奖金、加班补助、补充医疗保险、14薪、健身俱乐部、周末双休","[""岗位职责："", ""负责云服务云端软件研发工具的后端公共基础服务建设或者业务开发"", ""岗位要求："", ""1、扎实的编程能力，熟悉算法和数据结构；熟悉计算机的基础理论；"", ""2、熟练使用JAVA，掌握Spring相关生态开源框架，熟悉MySql、MQ、Redis、SpringCloud等，熟悉事务、缓存、消息、负载均衡等；"", ""3、熟悉Linux开发环境；"", ""4、具有大规模高并发云服务设计和开发经验优先；"", ""5、有微服务、容器相关开发经验优先。"", ""任职要求："", ""1、扎实的编程能力，熟悉算法和数据结构；熟悉计算机的基础理论；"", ""2. 软件基础扎实，熟悉掌握但是不限于Java/Js/C/C++/Python/Go等编程语言，有良好的编程习惯。"", ""3. 具备独立工作能力和独立解决问题的能力，善于沟通，乐于协作，热衷于新技术，善于总结分享，喜欢动手实践。"", ""职位福利：五险一金、绩效奖金、加班补助、补充医疗保险、14薪、健身俱乐部、周末双休""]","[""岗位职责："", ""负责云服务云端软件研发工具的后端公共基础服务建设或者业务开发"", ""岗位要求："", ""1、扎实的编程能力，熟悉算法和数据结构；熟悉计算机的基础理论；"", ""2、熟练使用JAVA，掌握Spring相关生态开源框架，熟悉MySql、MQ、Redis、SpringCloud等，熟悉事务、缓存、消息、负载均衡等；"", ""3、熟悉Linux开发环境；"", ""4、具有大规模高并发云服务设计和开发经验优先；"", ""5、有微服务、容器相关开发经验优先。"", ""任职要求："", ""1、扎实的编程能力，熟悉算法和数据结构；熟悉计算机的基础理论；"", ""2. 软件基础扎实，熟悉掌握但是不限于Java/Js/C/C++/Python/Go等编程语言，有良好的编程习惯。"", ""3. 具备独立工作能力和独立解决问题的能力，善于沟通，乐于协作，热衷于新技术，善于总结分享，喜欢动手实践。"", ""职位福利：五险一金、绩效奖金、加班补助、补充医疗保险、14薪、健身俱乐部、周末双休""]","[""C语言"", ""Java"", ""Python""]","[""C语言"", ""Java"", ""Python""]",http://www.zhaopin.com/jobdetail/CCL1480117890J40614947605.htm,2026-06-18T09:55:02.054Z
job_platform,zhaopin,4,40853498107,后台开发工程师（Python/Java）,深圳美乐创科技有限公司,人工智能,深圳 宝安,1,20000,3-5年,大专,2026-06-02 17:15:41,"岗位职责
* 负责公司AI应用后台系统设计与开发。
* 负责AI大模型接口集成与业务逻辑开发。
* 负责知识库、Agent系统、工作流系统开发与维护。
* 负责数据库设计、接口开发及系统性能优化。
* 参与产品架构设计及技术方案制定。
* 保障系统稳定运行及数据安全。
任职要求
* 大专及以上学历，计算机相关专业。
* 3年以上后端开发经验。
* 熟练掌握Python（优先）或Java开发。
* 熟悉FastAPI、Flask、Django、Spring Boot等开发框架。
* 熟悉MySQL、PostgreSQL、Redis等数据库。
* 熟悉Linux服务器部署及运维基础。
* 熟悉RESTful API设计及微服务架构。
* 熟悉AI相关技术及工具：
* OpenAI
* DeepSeek
* Claude
* Gemini
* Dify
* LangChain
* RAG知识库
* MCP协议
* Agent开发框架","[""岗位职责"", ""* 负责公司AI应用后台系统设计与开发。"", ""* 负责AI大模型接口集成与业务逻辑开发。"", ""* 负责知识库、Agent系统、工作流系统开发与维护。"", ""* 负责数据库设计、接口开发及系统性能优化。"", ""* 参与产品架构设计及技术方案制定。"", ""* 保障系统稳定运行及数据安全。"", ""任职要求"", ""* 大专及以上学历，计算机相关专业。"", ""* 3年以上后端开发经验。"", ""* 熟练掌握Python（优先）或Java开发。"", ""* 熟悉FastAPI、Flask、Django、Spring Boot等开发框架。"", ""* 熟悉MySQL、PostgreSQL、Redis等数据库。"", ""* 熟悉Linux服务器部署及运维基础。"", ""* 熟悉RESTful API设计及微服务架构。"", ""* 熟悉AI相关技术及工具："", ""* OpenAI"", ""* DeepSeek"", ""* Claude"", ""* Gemini"", ""* Dify"", ""* LangChain"", ""* RAG知识库"", ""* MCP协议"", ""* Agent开发框架""]","[""岗位职责"", ""* 负责公司AI应用后台系统设计与开发。"", ""* 负责AI大模型接口集成与业务逻辑开发。"", ""* 负责知识库、Agent系统、工作流系统开发与维护。"", ""* 负责数据库设计、接口开发及系统性能优化。"", ""* 参与产品架构设计及技术方案制定。"", ""* 保障系统稳定运行及数据安全。"", ""任职要求"", ""* 大专及以上学历，计算机相关专业。"", ""* 3年以上后端开发经验。"", ""* 熟练掌握Python（优先）或Java开发。"", ""* 熟悉FastAPI、Flask、Django、Spring Boot等开发框架。"", ""* 熟悉MySQL、PostgreSQL、Redis等数据库。"", ""* 熟悉Linux服务器部署及运维基础。"", ""* 熟悉RESTful API设计及微服务架构。"", ""* 熟悉AI相关技术及工具："", ""* OpenAI"", ""* DeepSeek"", ""* Claude"", ""* Gemini"", ""* Dify"", ""* LangChain"", ""* RAG知识库"", ""* MCP协议"", ""* Agent开发框架""]","[""Java"", ""Python"", ""MySQL"", ""PostgreSQL"", ""Redis""]","[""Java"", ""Python"", ""MySQL"", ""PostgreSQL"", ""Redis""]",http://www.zhaopin.com/jobdetail/CCL1388935150J40853498107.htm,2026-06-18T09:55:02.054Z
job_platform,zhaopin,4,40821428016,FPGA/python/C自动化测试,软通动力信息技术(集团)股份有限公司,软件/IT服务,深圳 龙岗,1,15000,3-5年,本科,2026-06-03 12:23:38,"python测试/c++测试/嵌入式(MCU)测试/fpga测试，项目是硬件类的。 懂协议 
和驱动当然最好，懂一些硬件原理也可以 
能投入软件测试(关键词:嵌入式，stm32)或自动化测试脚本开发(关键词:py 
thon，自动化)的软件工程师 
可以参考下: 
1.python测试、C++测试 
2.python测试、嵌入式测试(简历需要体现stm32、mcu、arm) 
3.python测试、装备开发","[""python测试/c++测试/嵌入式(MCU)测试/fpga测试，项目是硬件类的。 懂协议"", ""和驱动当然最好，懂一些硬件原理也可以"", ""能投入软件测试(关键词:嵌入式，stm32)或自动化测试脚本开发(关键词:py"", ""thon，自动化)的软件工程师"", ""可以参考下:"", ""1.python测试、C++测试"", ""2.python测试、嵌入式测试(简历需要体现stm32、mcu、arm)"", ""3.python测试、装备开发""]","[""python测试/c++测试/嵌入式(MCU)测试/fpga测试，项目是硬件类的。 懂协议"", ""和驱动当然最好，懂一些硬件原理也可以"", ""能投入软件测试(关键词:嵌入式，stm32)或自动化测试脚本开发(关键词:py"", ""thon，自动化)的软件工程师"", ""可以参考下:"", ""1.python测试、C++测试"", ""2.python测试、嵌入式测试(简历需要体现stm32、mcu、arm)"", ""3.python测试、装备开发""]","[""Python"", ""C/C++"", ""FPGA"", ""嵌入式""]","[""Python"", ""C/C++"", ""FPGA"", ""嵌入式""]",http://www.zhaopin.com/jobdetail/CC000544460J40821428016.htm,2026-06-18T09:55:02.054Z
job_platform,zhaopin,4,40857152905,高薪Java/c++/python全额社保/双休16薪,外企德科数字技术有限公司,软件/IT服务,深圳 龙岗,2,30000,经验不限,学历不限,2026-06-18 00:32:42,"1：大学，理工科相关。
2：会一种语言就可Python,JAVA,JS，测试3：华为目前在招城市：北京，上海，深圳，杭州，南京，西安，成都 ，武汉，以上研究院均有hc4：华为目前在招产品线：BPIT，消费者终端，2012实验室，carbu,IT装备部，华为云，GTS,数字能源，光，无线，云核，公共开发，计算产品线，数存，数通，存储，数据库，云计算，人工智能，智能驾驶，音视频，实验室，芯片等5：福利待遇 
全程线上面试，全额六险一金，试用期全薪资，有班车和食堂，独立办公园区 
6：工作时间：弹性打卡，周末双休，每天早上9点上班，12-2点午休2小时，提供免费夜宵，周三周五家庭日，月末最后一个周六上班双倍加班费","[""1：大学，理工科相关。"", ""2：会一种语言就可Python,JAVA,JS，测试3：华为目前在招城市：北京，上海，深圳，杭州，南京，西安，成都 ，武汉，以上研究院均有hc4：华为目前在招产品线：BPIT，消费者终端，2012实验室，carbu,IT装备部，华为云，GTS,数字能源，光，无线，云核，公共开发，计算产品线，数存，数通，存储，数据库，云计算，人工智能，智能驾驶，音视频，实验室，芯片等5：福利待遇"", ""全程线上面试，全额六险一金，试用期全薪资，有班车和食堂，独立办公园区"", ""6：工作时间：弹性打卡，周末双休，每天早上9点上班，12-2点午休2小时，提供免费夜宵，周三周五家庭日，月末最后一个周六上班双倍加班费""]","[""1：大学，理工科相关。"", ""2：会一种语言就可Python,JAVA,JS，测试3：华为目前在招城市：北京，上海，深圳，杭州，南京，西安，成都 ，武汉，以上研究院均有hc4：华为目前在招产品线：BPIT，消费者终端，2012实验室，carbu,IT装备部，华为云，GTS,数字能源，光，无线，云核，公共开发，计算产品线，数存，数通，存储，数据库，云计算，人工智能，智能驾驶，音视频，实验室，芯片等5：福利待遇"", ""全程线上面试，全额六险一金，试用期全薪资，有班车和食堂，独立办公园区"", ""6：工作时间：弹性打卡，周末双休，每天早上9点上班，12-2点午休2小时，提供免费夜宵，周三周五家庭日，月末最后一个周六上班双倍加班费""]","[""JavaScript"", ""Python"", ""CSS"", ""Spring"", ""Struts""]","[""JavaScript"", ""Python"", ""CSS"", ""Spring"", ""Struts""]",http://www.zhaopin.com/jobdetail/CCL1480117890J40857152905.htm,2026-06-18T09:55:02.054Z
job_platform,zhaopin,4,40862095410,python后端开发工程师,深圳市联华世纪通信技术有限公司,通信运营商/电信增值服务,深圳 龙华,1,18000,1-3年,本科,2026-06-02 15:52:24,"任职要求： 
1. 负责SDN网络管理系统后台技术组件的规划和研发设计； 
2. 负责前后台系统代码设计与开发，使用敏捷产品开发流程来确保功能按时交付； 
3. 深入理解业务需求，负责架构设计，使用适当创新技术手段促进业务的快速交付。
岗位职责：
1. 熟练掌握 Python，具备良好的后端开发基础；
2. 熟悉 RESTful API 设计，能够对接第三方系统接口；
3. 熟悉 MySQL / PostgreSQL 等关系型数据库的基本使用；
4. 至少使用过一种 AI 编程工具，如 Codex、Claude Code、Roo Code、Kilo Code、Cursor 等；
5. 具备 AI 生成代码的审查能力，能够识别明显的逻辑错误、安全风险和可维护性问题；
公司福利：
地址：深圳市龙华区锦绣科学园三期C栋1212-1213；
工作时间：周末双休，上午：9:00-18:00，5天8小时工作制；
带薪年假、带薪病假，享受国家规定的法定假和福利假等；
下午茶水果经费充足、经常聚餐、生日会，节日福利、绩效奖金、年底双薪等；
工作氛围友好，交流通畅和谐，提供行业内具有竞争力的薪酬；
内部培训，公司提供通用和专业入职培训及后续各种提升培训，提升自身专业能力；
外部培训，公司聘请外部专业培训机构匹配员工需求开展多样性外部培训，提升自身专业能力。","[""任职要求："", ""1. 负责SDN网络管理系统后台技术组件的规划和研发设计；"", ""2. 负责前后台系统代码设计与开发，使用敏捷产品开发流程来确保功能按时交付；"", ""3. 深入理解业务需求，负责架构设计，使用适当创新技术手段促进业务的快速交付。"", ""岗位职责："", ""1. 熟练掌握 Python，具备良好的后端开发基础；"", ""2. 熟悉 RESTful API 设计，能够对接第三方系统接口；"", ""3. 熟悉 MySQL / PostgreSQL 等关系型数据库的基本使用；"", ""4. 至少使用过一种 AI 编程工具，如 Codex、Claude Code、Roo Code、Kilo Code、Cursor 等；"", ""5. 具备 AI 生成代码的审查能力，能够识别明显的逻辑错误、安全风险和可维护性问题；"", ""公司福利："", ""地址：深圳市龙华区锦绣科学园三期C栋1212-1213；"", ""工作时间：周末双休，上午：9:00-18:00，5天8小时工作制；"", ""带薪年假、带薪病假，享受国家规定的法定假和福利假等；"", ""下午茶水果经费充足、经常聚餐、生日会，节日福利、绩效奖金、年底双薪等；"", ""工作氛围友好，交流通畅和谐，提供行业内具有竞争力的薪酬；"", ""内部培训，公司提供通用和专业入职培训及后续各种提升培训，提升自身专业能力；"", ""外部培训，公司聘请外部专业培训机构匹配员工需求开展多样性外部培训，提升自身专业能力。""]","[""任职要求："", ""1. 负责SDN网络管理系统后台技术组件的规划和研发设计；"", ""2. 负责前后台系统代码设计与开发，使用敏捷产品开发流程来确保功能按时交付；"", ""3. 深入理解业务需求，负责架构设计，使用适当创新技术手段促进业务的快速交付。"", ""岗位职责："", ""1. 熟练掌握 Python，具备良好的后端开发基础；"", ""2. 熟悉 RESTful API 设计，能够对接第三方系统接口；"", ""3. 熟悉 MySQL / PostgreSQL 等关系型数据库的基本使用；"", ""4. 至少使用过一种 AI 编程工具，如 Codex、Claude Code、Roo Code、Kilo Code、Cursor 等；"", ""5. 具备 AI 生成代码的审查能力，能够识别明显的逻辑错误、安全风险和可维护性问题；"", ""公司福利："", ""地址：深圳市龙华区锦绣科学园三期C栋1212-1213；"", ""工作时间：周末双休，上午：9:00-18:00，5天8小时工作制；"", ""带薪年假、带薪病假，享受国家规定的法定假和福利假等；"", ""下午茶水果经费充足、经常聚餐、生日会，节日福利、绩效奖金、年底双薪等；"", ""工作氛围友好，交流通畅和谐，提供行业内具有竞争力的薪酬；"", ""内部培训，公司提供通用和专业入职培训及后续各种提升培训，提升自身专业能力；"", ""外部培训，公司聘请外部专业培训机构匹配员工需求开展多样性外部培训，提升自身专业能力。""]","[""SQL"", ""Django""]","[""SQL"", ""Django""]",http://www.zhaopin.com/jobdetail/CC220858110J40862095410.htm,2026-06-18T09:55:02.054Z
job_platform,zhaopin,4,40986650704,Python开发工程师,曼迪匹艾(大连)科技服务有限公司,新闻/出版,深圳 福田,2,25000,3-5年,本科,2026-06-02 13:36:58,"一、工作职责
1. 设计、开发和维护Python应用程序，包括但不限于Web应用，数据处理ETL，网络爬虫等多种业务需求；
2. 编写高质量、可维护的代码，并进行代码评审；
3. 与团队成员协作，制定技术解决方案，解决问题和优化性能；
4. 参与产品开发周期的各个阶段，包括需求分析、设计和测试；
5. 负责确保代码的安全性、可扩展性和可维护性；
6. 解决技术问题，提供技术支持，并与团队合作，确保项目按计划完成。
二、职位要求
1. 本科或以上学历，计算机科学或相关领域；
2. 至少3年的Python开发经验，熟悉Python语言和相关的库和框架；
3. 熟悉Web开发、数据处理ETL、网络爬虫中至少一种方向，并有相应的开发经验；
4. 熟悉版本控制工具（如Git）和协同开发工作流程；
5. 具备良好的问题解决能力和自主学习能力；
6. 逻辑清晰严谨，对数据敏感，跨团队协作能力、沟通能力强。
加分项：
*有良好的英语口语和书面沟通能力；
*具备odoo开发经验。
三、薪资福利
1. 薪酬待遇：15K-25K
2. 基础福利：六险一金，带薪年假，年度体检，节日福利，活动经费，丰富茶歇，营养晚餐等；
3. 进阶福利：子女福利，团队奖励，培训津贴，岗位津贴；
4. 职业发展：导师培养，技能培训，管理培训。
四、办公地点
广东省深圳市福田区福保街道福保社区市花路南侧长富金茂大厦1号楼4106","[""一、工作职责"", ""1. 设计、开发和维护Python应用程序，包括但不限于Web应用，数据处理ETL，网络爬虫等多种业务需求；"", ""2. 编写高质量、可维护的代码，并进行代码评审；"", ""3. 与团队成员协作，制定技术解决方案，解决问题和优化性能；"", ""4. 参与产品开发周期的各个阶段，包括需求分析、设计和测试；"", ""5. 负责确保代码的安全性、可扩展性和可维护性；"", ""6. 解决技术问题，提供技术支持，并与团队合作，确保项目按计划完成。"", ""二、职位要求"", ""1. 本科或以上学历，计算机科学或相关领域；"", ""2. 至少3年的Python开发经验，熟悉Python语言和相关的库和框架；"", ""3. 熟悉Web开发、数据处理ETL、网络爬虫中至少一种方向，并有相应的开发经验；"", ""4. 熟悉版本控制工具（如Git）和协同开发工作流程；"", ""5. 具备良好的问题解决能力和自主学习能力；"", ""6. 逻辑清晰严谨，对数据敏感，跨团队协作能力、沟通能力强。"", ""加分项："", ""*有良好的英语口语和书面沟通能力；"", ""*具备odoo开发经验。"", ""三、薪资福利"", ""1. 薪酬待遇：15K-25K"", ""2. 基础福利：六险一金，带薪年假，年度体检，节日福利，活动经费，丰富茶歇，营养晚餐等；"", ""3. 进阶福利：子女福利，团队奖励，培训津贴，岗位津贴；"", ""4. 职业发展：导师培养，技能培训，管理培训。"", ""四、办公地点"", ""广东省深圳市福田区福保街道福保社区市花路南侧长富金茂大厦1号楼4106""]","[""一、工作职责"", ""1. 设计、开发和维护Python应用程序，包括但不限于Web应用，数据处理ETL，网络爬虫等多种业务需求；"", ""2. 编写高质量、可维护的代码，并进行代码评审；"", ""3. 与团队成员协作，制定技术解决方案，解决问题和优化性能；"", ""4. 参与产品开发周期的各个阶段，包括需求分析、设计和测试；"", ""5. 负责确保代码的安全性、可扩展性和可维护性；"", ""6. 解决技术问题，提供技术支持，并与团队合作，确保项目按计划完成。"", ""二、职位要求"", ""1. 本科或以上学历，计算机科学或相关领域；"", ""2. 至少3年的Python开发经验，熟悉Python语言和相关的库和框架；"", ""3. 熟悉Web开发、数据处理ETL、网络爬虫中至少一种方向，并有相应的开发经验；"", ""4. 熟悉版本控制工具（如Git）和协同开发工作流程；"", ""5. 具备良好的问题解决能力和自主学习能力；"", ""6. 逻辑清晰严谨，对数据敏感，跨团队协作能力、沟通能力强。"", ""加分项："", ""*有良好的英语口语和书面沟通能力；"", ""*具备odoo开发经验。"", ""三、薪资福利"", ""1. 薪酬待遇：15K-25K"", ""2. 基础福利：六险一金，带薪年假，年度体检，节日福利，活动经费，丰富茶歇，营养晚餐等；"", ""3. 进阶福利：子女福利，团队奖励，培训津贴，岗位津贴；"", ""4. 职业发展：导师培养，技能培训，管理培训。"", ""四、办公地点"", ""广东省深圳市福田区福保街道福保社区市花路南侧长富金茂大厦1号楼4106""]","[""Python""]","[""Python""]",http://www.zhaopin.com/jobdetail/CCL1360068390J40986650704.htm,2026-06-18T09:55:02.054Z
job_platform,zhaopin,4,40864540405,软件开发工程师（Java/C/C++/python/JS）,外企德科数字技术有限公司,软件/IT服务,深圳 龙岗,2,30000,经验不限,本科,2026-06-18 00:33:08,"工作职责：；
1、负责研发领域IT系统技术方案的设计、开发等工作；
2、负责项目开发过程中的技术攻关及解决运行中出现的技术问题；
3、负责产品核心模块的代码编写；
4、负责产品疑难问题的分析和定位。
岗位要求：
1、计算机、软件、通信等相关专业本科及以上学历；
2、热爱编程，基础扎实，熟悉掌握但不限于Java/C/C++/Python/JS等编程语言中的一种或数种，有良好的编程习惯；
3、具备独立工作能力和解决问题的能力、善于沟通，乐于合作，热衷新技术。","[""工作职责：；"", ""1、负责研发领域IT系统技术方案的设计、开发等工作；"", ""2、负责项目开发过程中的技术攻关及解决运行中出现的技术问题；"", ""3、负责产品核心模块的代码编写；"", ""4、负责产品疑难问题的分析和定位。"", ""岗位要求："", ""1、计算机、软件、通信等相关专业本科及以上学历；"", ""2、热爱编程，基础扎实，熟悉掌握但不限于Java/C/C++/Python/JS等编程语言中的一种或数种，有良好的编程习惯；"", ""3、具备独立工作能力和解决问题的能力、善于沟通，乐于合作，热衷新技术。""]","[""工作职责：；"", ""1、负责研发领域IT系统技术方案的设计、开发等工作；"", ""2、负责项目开发过程中的技术攻关及解决运行中出现的技术问题；"", ""3、负责产品核心模块的代码编写；"", ""4、负责产品疑难问题的分析和定位。"", ""岗位要求："", ""1、计算机、软件、通信等相关专业本科及以上学历；"", ""2、热爱编程，基础扎实，熟悉掌握但不限于Java/C/C++/Python/JS等编程语言中的一种或数种，有良好的编程习惯；"", ""3、具备独立工作能力和解决问题的能力、善于沟通，乐于合作，热衷新技术。""]","[""C"", ""C++"", ""Python""]","[""C"", ""C++"", ""Python""]",http://www.zhaopin.com/jobdetail/CCL1480117890J40864540405.htm,2026-06-18T09:55:02.054Z
job_platform,zhaopin,4,40767060007,Python开发工程师/软件开发,深圳市有客来品牌策划有限公司,产业互联网平台,深圳 宝安,7000,12000,1年以下,学历不限,2026-06-01 16:46:06,"岗位职责：
核心系统开发： 设计并实现大规模的分布式RPA爬虫系统。
自动化对抗： 利用 Playwright 及 RPA 技术，模拟真实用户行为，突破复杂的反爬策略（如指纹识别、验证码、行为轨迹检测）。
通信组网： 负责爬虫集群的底层网络通信架构，基于 WireGuard (wg0) 搭建高性能的内部组网隧道，解决跨地域、多机房节点的IP池管理与请求转发。
中间件与存储： 基于 Redis 构建去重队列、任务调度及分布式锁；使用 MySQL 进行结构化数据存储与清洗；通过 Docker 实现服务的容器化与快速扩缩容。
API工程化： 使用 FastAPI 开发数据服务接口，实现前后端分离的爬虫管理后台（控制爬虫启停、节点监控、数据预览）。
AI提效实践： 深度使用 Vibe Coding (AI辅助编程) 进行代码生成、重构和单元测试，将更多精力投入架构设计而非重复造轮子。
任职要求：
基本功： 1年以上Python经验，精通异步编程（Asyncio），熟悉分布式计算原理。
爬虫专项：
熟练使用 Playwright（必备），有控制浏览器指纹、代理旋转、Stealth模式实战经验。
有 RPA 自动化经验（如自动化办公、机器人流程自动化在爬虫中的应用）者优先。
组网能力： 必须熟悉 WireGuard，有大规模内网穿透、分布式节点协商、UDP Hole Punching实战经验者加分。
架构能力：
深度掌握 Redis（不仅仅是KV，需了解Stream、Lua脚本、Cluster）。
精通 Docker 网络模式（Host/Bridge/Macvlan）及K8s（可选）。
熟练 FastAPI 与 MySQL 索引优化，能设计高可用的数据管道。
软实力： 拥抱AI Coding工具 具备工程化思维，代码洁癖。
加分项：
有自研爬虫框架/调度中心经验。
对wireguard与代理IP池结合有成熟方案。
具体薪资面议，欢迎有能力的人才加入我们团队","[""岗位职责："", ""核心系统开发： 设计并实现大规模的分布式RPA爬虫系统。"", ""自动化对抗： 利用 Playwright 及 RPA 技术，模拟真实用户行为，突破复杂的反爬策略（如指纹识别、验证码、行为轨迹检测）。"", ""通信组网： 负责爬虫集群的底层网络通信架构，基于 WireGuard (wg0) 搭建高性能的内部组网隧道，解决跨地域、多机房节点的IP池管理与请求转发。"", ""中间件与存储： 基于 Redis 构建去重队列、任务调度及分布式锁；使用 MySQL 进行结构化数据存储与清洗；通过 Docker 实现服务的容器化与快速扩缩容。"", ""API工程化： 使用 FastAPI 开发数据服务接口，实现前后端分离的爬虫管理后台（控制爬虫启停、节点监控、数据预览）。"", ""AI提效实践： 深度使用 Vibe Coding (AI辅助编程) 进行代码生成、重构和单元测试，将更多精力投入架构设计而非重复造轮子。"", ""任职要求："", ""基本功： 1年以上Python经验，精通异步编程（Asyncio），熟悉分布式计算原理。"", ""爬虫专项："", ""熟练使用 Playwright（必备），有控制浏览器指纹、代理旋转、Stealth模式实战经验。"", ""有 RPA 自动化经验（如自动化办公、机器人流程自动化在爬虫中的应用）者优先。"", ""组网能力： 必须熟悉 WireGuard，有大规模内网穿透、分布式节点协商、UDP Hole Punching实战经验者加分。"", ""架构能力："", ""深度掌握 Redis（不仅仅是KV，需了解Stream、Lua脚本、Cluster）。"", ""精通 Docker 网络模式（Host/Bridge/Macvlan）及K8s（可选）。"", ""熟练 FastAPI 与 MySQL 索引优化，能设计高可用的数据管道。"", ""软实力： 拥抱AI Coding工具 具备工程化思维，代码洁癖。"", ""加分项："", ""有自研爬虫框架/调度中心经验。"", ""对wireguard与代理IP池结合有成熟方案。"", ""具体薪资面议，欢迎有能力的人才加入我们团队""]","[""岗位职责："", ""核心系统开发： 设计并实现大规模的分布式RPA爬虫系统。"", ""自动化对抗： 利用 Playwright 及 RPA 技术，模拟真实用户行为，突破复杂的反爬策略（如指纹识别、验证码、行为轨迹检测）。"", ""通信组网： 负责爬虫集群的底层网络通信架构，基于 WireGuard (wg0) 搭建高性能的内部组网隧道，解决跨地域、多机房节点的IP池管理与请求转发。"", ""中间件与存储： 基于 Redis 构建去重队列、任务调度及分布式锁；使用 MySQL 进行结构化数据存储与清洗；通过 Docker 实现服务的容器化与快速扩缩容。"", ""API工程化： 使用 FastAPI 开发数据服务接口，实现前后端分离的爬虫管理后台（控制爬虫启停、节点监控、数据预览）。"", ""AI提效实践： 深度使用 Vibe Coding (AI辅助编程) 进行代码生成、重构和单元测试，将更多精力投入架构设计而非重复造轮子。"", ""任职要求："", ""基本功： 1年以上Python经验，精通异步编程（Asyncio），熟悉分布式计算原理。"", ""爬虫专项："", ""熟练使用 Playwright（必备），有控制浏览器指纹、代理旋转、Stealth模式实战经验。"", ""有 RPA 自动化经验（如自动化办公、机器人流程自动化在爬虫中的应用）者优先。"", ""组网能力： 必须熟悉 WireGuard，有大规模内网穿透、分布式节点协商、UDP Hole Punching实战经验者加分。"", ""架构能力："", ""深度掌握 Redis（不仅仅是KV，需了解Stream、Lua脚本、Cluster）。"", ""精通 Docker 网络模式（Host/Bridge/Macvlan）及K8s（可选）。"", ""熟练 FastAPI 与 MySQL 索引优化，能设计高可用的数据管道。"", ""软实力： 拥抱AI Coding工具 具备工程化思维，代码洁癖。"", ""加分项："", ""有自研爬虫框架/调度中心经验。"", ""对wireguard与代理IP池结合有成熟方案。"", ""具体薪资面议，欢迎有能力的人才加入我们团队""]",[],[],http://www.zhaopin.com/jobdetail/CC677799120J40767060007.htm,2026-06-18T09:55:02.054Z
job_platform,zhaopin,4,40820636616,python测试工程师（全额公积金缴纳+双休+13薪）,软通动力信息技术(集团)股份有限公司,软件/IT服务,深圳 龙岗,1,13000,1-3年,本科,2026-06-01 11:17:25,"核心职责：聚焦服务器、交换机等硬件信号完整性测试，功能测试，压力和稳定性测试。
实际职责：参与硬件产品的信号（如：I2C、SPI、UART、PCIE、LocalBUS、GPIO等）、功能、压力与稳定性测试，编写测试计划、测试用例及测试报告；
使用示波器、负载仪、频率计、相噪仪等工具完成硬件验证；
与研发、质量、生产等部门协作，跟踪并推动问题整改；
2.软件测试工程师： 需求数20个，地域:东莞/杭州/上海
核心职责：服务器/芯片等软件测试，测试用例脚本开发。
实际职责：
1.熟练掌握python，熟悉自动化框架，能独立完成测试脚本编写；
2.熟悉服务器测试，有服务器相关经验优先","[""核心职责：聚焦服务器、交换机等硬件信号完整性测试，功能测试，压力和稳定性测试。"", ""实际职责：参与硬件产品的信号（如：I2C、SPI、UART、PCIE、LocalBUS、GPIO等）、功能、压力与稳定性测试，编写测试计划、测试用例及测试报告；"", ""使用示波器、负载仪、频率计、相噪仪等工具完成硬件验证；"", ""与研发、质量、生产等部门协作，跟踪并推动问题整改；"", ""2.软件测试工程师： 需求数20个，地域:东莞/杭州/上海"", ""核心职责：服务器/芯片等软件测试，测试用例脚本开发。"", ""实际职责："", ""1.熟练掌握python，熟悉自动化框架，能独立完成测试脚本编写；"", ""2.熟悉服务器测试，有服务器相关经验优先""]","[""核心职责：聚焦服务器、交换机等硬件信号完整性测试，功能测试，压力和稳定性测试。"", ""实际职责：参与硬件产品的信号（如：I2C、SPI、UART、PCIE、LocalBUS、GPIO等）、功能、压力与稳定性测试，编写测试计划、测试用例及测试报告；"", ""使用示波器、负载仪、频率计、相噪仪等工具完成硬件验证；"", ""与研发、质量、生产等部门协作，跟踪并推动问题整改；"", ""2.软件测试工程师： 需求数20个，地域:东莞/杭州/上海"", ""核心职责：服务器/芯片等软件测试，测试用例脚本开发。"", ""实际职责："", ""1.熟练掌握python，熟悉自动化框架，能独立完成测试脚本编写；"", ""2.熟悉服务器测试，有服务器相关经验优先""]","[""Python"", ""Linux"", ""测试开发"", ""接口自动化测试"", ""Selenium"", ""Jmeter"", ""Appium""]","[""Python"", ""Linux"", ""测试开发"", ""接口自动化测试"", ""Selenium"", ""Jmeter"", ""Appium""]",http://www.zhaopin.com/jobdetail/CC000544460J40820636616.htm,2026-06-18T09:55:02.054Z
job_platform,zhaopin,4,40603123105,Java/Python/C/C++/数开/测试/算法/前端岗,外企德科数字技术有限公司,软件/IT服务,深圳 龙岗,2,30000,经验不限,本科,2026-06-18 00:30:35,"Java/C/C++/Python/嵌入式/驱动开发/前端/测试/算法/数据开发等 均有岗位！
不卡地域，不卡部门，面试成绩通用~ 
地域：北京/上海/深圳/杭州/成都/西安/东莞/南京/武汉等地域，根据个人意愿选择； 
亮点：年轻团队，核心业务，根据技术能力定级定薪无固定上限，入职即交五险一金，享有年终14-16薪，项目奖金等，享受带薪年假病假等福利，长期稳定晋升发展~ 
能力要求： 
1.熟悉Java/Go/PythonC/C++至少一种语言； 
2.掌握常见的数据结构．算法； 
3.熟悉常用设计模式、数据框架； 
4.具有良好学习能力；","[""Java/C/C++/Python/嵌入式/驱动开发/前端/测试/算法/数据开发等 均有岗位！"", ""不卡地域，不卡部门，面试成绩通用~"", ""地域：北京/上海/深圳/杭州/成都/西安/东莞/南京/武汉等地域，根据个人意愿选择；"", ""亮点：年轻团队，核心业务，根据技术能力定级定薪无固定上限，入职即交五险一金，享有年终14-16薪，项目奖金等，享受带薪年假病假等福利，长期稳定晋升发展~"", ""能力要求："", ""1.熟悉Java/Go/PythonC/C++至少一种语言；"", ""2.掌握常见的数据结构．算法；"", ""3.熟悉常用设计模式、数据框架；"", ""4.具有良好学习能力；""]","[""Java/C/C++/Python/嵌入式/驱动开发/前端/测试/算法/数据开发等 均有岗位！"", ""不卡地域，不卡部门，面试成绩通用~"", ""地域：北京/上海/深圳/杭州/成都/西安/东莞/南京/武汉等地域，根据个人意愿选择；"", ""亮点：年轻团队，核心业务，根据技术能力定级定薪无固定上限，入职即交五险一金，享有年终14-16薪，项目奖金等，享受带薪年假病假等福利，长期稳定晋升发展~"", ""能力要求："", ""1.熟悉Java/Go/PythonC/C++至少一种语言；"", ""2.掌握常见的数据结构．算法；"", ""3.熟悉常用设计模式、数据框架；"", ""4.具有良好学习能力；""]","[""Python"", ""JavaScript"", ""C++"", ""Spring"", ""Hibernate"", ""Struts"", ""MySQL"", ""PostgreSQL"", ""Oracle""]","[""Python"", ""JavaScript"", ""C++"", ""Spring"", ""Hibernate"", ""Struts"", ""MySQL"", ""PostgreSQL"", ""Oracle""]",http://www.zhaopin.com/jobdetail/CCL1480117890J40603123105.htm,2026-06-18T09:55:02.054Z
job_platform,zhaopin,4,40992866004,python开发工程师,奇宏电子(深圳)有限公司,通用设备制造,深圳 宝安,2,18000,3-5年,本科,2026-06-01 10:16:05,"职位描述
1.分析和评估业务场景的AI适用性，设计AI解决方案(如使用大模型进行自动化、预测或优化)。
2.集成开源或商用大模型(如GPT系列、Qwen等)，结合公司数据开发自定义Agent。
3.使用N8N等工具构建AI工作流，并优化代码以确保可扩展性和性能，
4.进行AI模型的训练、测试和部署，监控上线后的效果，并迭代优化以实现ROI最优，
5.提供内部AI知识培训，帮助团队提升技能，
学历:
计算机、数据科学或相关专业本科及以上。
经验:
有全栈开发经验，至少3年AI/ML开发经验，有实际项目落地案例(如计算机视觉、自然语言处理或推荐系统)，能快速实现需求。
技能:
熟练掌握Python，熟悉TensorFlow/PyTorch等框架;了解大模型微调和API集成;
强问题解决能力，能与业务部门沟通;有企业AI落地经验，了解数据隐私合规(如GDPR或国内数据安全法)。","[""职位描述"", ""1.分析和评估业务场景的AI适用性，设计AI解决方案(如使用大模型进行自动化、预测或优化)。"", ""2.集成开源或商用大模型(如GPT系列、Qwen等)，结合公司数据开发自定义Agent。"", ""3.使用N8N等工具构建AI工作流，并优化代码以确保可扩展性和性能，"", ""4.进行AI模型的训练、测试和部署，监控上线后的效果，并迭代优化以实现ROI最优，"", ""5.提供内部AI知识培训，帮助团队提升技能，"", ""学历:"", ""计算机、数据科学或相关专业本科及以上。"", ""经验:"", ""有全栈开发经验，至少3年AI/ML开发经验，有实际项目落地案例(如计算机视觉、自然语言处理或推荐系统)，能快速实现需求。"", ""技能:"", ""熟练掌握Python，熟悉TensorFlow/PyTorch等框架;了解大模型微调和API集成;"", ""强问题解决能力，能与业务部门沟通;有企业AI落地经验，了解数据隐私合规(如GDPR或国内数据安全法)。""]","[""职位描述"", ""1.分析和评估业务场景的AI适用性，设计AI解决方案(如使用大模型进行自动化、预测或优化)。"", ""2.集成开源或商用大模型(如GPT系列、Qwen等)，结合公司数据开发自定义Agent。"", ""3.使用N8N等工具构建AI工作流，并优化代码以确保可扩展性和性能，"", ""4.进行AI模型的训练、测试和部署，监控上线后的效果，并迭代优化以实现ROI最优，"", ""5.提供内部AI知识培训，帮助团队提升技能，"", ""学历:"", ""计算机、数据科学或相关专业本科及以上。"", ""经验:"", ""有全栈开发经验，至少3年AI/ML开发经验，有实际项目落地案例(如计算机视觉、自然语言处理或推荐系统)，能快速实现需求。"", ""技能:"", ""熟练掌握Python，熟悉TensorFlow/PyTorch等框架;了解大模型微调和API集成;"", ""强问题解决能力，能与业务部门沟通;有企业AI落地经验，了解数据隐私合规(如GDPR或国内数据安全法)。""]",[],[],http://www.zhaopin.com/jobdetail/CC200308610J40992866004.htm,2026-06-18T09:55:02.054Z
job_platform,zhaopin,4,40816591916,python开发工程师,软通动力信息技术(集团)股份有限公司,软件/IT服务,深圳 南山,1,16000,3-5年,大专,2026-05-29 18:01:16,"岗位职责
1、基于 Python 技术栈，参与RPA 平台及自动化系统的功能开发；
2、参与 AI 相关应用功能开发与接口集成，配合业务落地智能化自动化场景；
3、负责项目在信创环境下的适配调试、兼容性改造、问题排查与功能适配；
4、参与需求分析、功能方案讨论，按开发规范完成编码、单元测试及文档编写；
5、配合团队完成自动化项目开发、联调上线，跟进线上问题修复与优化；
6、跟进 Python、自动化、信创相关技术，支撑项目日常开发与技术落地。
任职要求
1、专科及以上学历，3-5 年左右Python 开发工作经验；
2、熟练掌握 Python，具备 AI 应用、接口开发、系统集成落地经验；
3、有 RPA 系统、信创环境适配、国产浏览器兼容开发经验者优先；
4、具备良好的沟通协作能力，有良好的代码规范意识","[""岗位职责"", ""1、基于 Python 技术栈，参与RPA 平台及自动化系统的功能开发；"", ""2、参与 AI 相关应用功能开发与接口集成，配合业务落地智能化自动化场景；"", ""3、负责项目在信创环境下的适配调试、兼容性改造、问题排查与功能适配；"", ""4、参与需求分析、功能方案讨论，按开发规范完成编码、单元测试及文档编写；"", ""5、配合团队完成自动化项目开发、联调上线，跟进线上问题修复与优化；"", ""6、跟进 Python、自动化、信创相关技术，支撑项目日常开发与技术落地。"", ""任职要求"", ""1、专科及以上学历，3-5 年左右Python 开发工作经验；"", ""2、熟练掌握 Python，具备 AI 应用、接口开发、系统集成落地经验；"", ""3、有 RPA 系统、信创环境适配、国产浏览器兼容开发经验者优先；"", ""4、具备良好的沟通协作能力，有良好的代码规范意识""]","[""岗位职责"", ""1、基于 Python 技术栈，参与RPA 平台及自动化系统的功能开发；"", ""2、参与 AI 相关应用功能开发与接口集成，配合业务落地智能化自动化场景；"", ""3、负责项目在信创环境下的适配调试、兼容性改造、问题排查与功能适配；"", ""4、参与需求分析、功能方案讨论，按开发规范完成编码、单元测试及文档编写；"", ""5、配合团队完成自动化项目开发、联调上线，跟进线上问题修复与优化；"", ""6、跟进 Python、自动化、信创相关技术，支撑项目日常开发与技术落地。"", ""任职要求"", ""1、专科及以上学历，3-5 年左右Python 开发工作经验；"", ""2、熟练掌握 Python，具备 AI 应用、接口开发、系统集成落地经验；"", ""3、有 RPA 系统、信创环境适配、国产浏览器兼容开发经验者优先；"", ""4、具备良好的沟通协作能力，有良好的代码规范意识""]","[""AI"", ""信创""]","[""AI"", ""信创""]",http://www.zhaopin.com/jobdetail/CC000544460J40816591916.htm,2026-06-18T09:55:02.054Z
job_platform,zhaopin,4,40858716905,java/python/c/c++开发工程师,外企德科数字技术有限公司,软件/IT服务,深圳 龙岗,2,30000,经验不限,本科,2026-06-18 00:32:47,"打造以数据+模型双轮驱动的工业软件aPaaS平台，构建工业软件产业生态资源，联合各方力量协同攻关，攻克核心软件急需解决的核心共性技术难题，助力工业软件国产化的快速发展。
采用互联网的技术和产品，协同现有的终端云和产业上云，提供云原生的根服务，为各行各业实现云化和数字化提供基础服务平台支持。部门提供KooMessage、KooMap、KooSearch等服务
岗位职责：
1、 担任aPaaS底座的开发工程师，负责系统模块的设计、代码编写及看护等工作。
2、 看护产品核心技术，并解决在项目开发过程遇到的关键问题。
岗位要求
1、 本科及以上学历，有力扣牛客刷题基础者优先
2、 具备较强的学习能力和基本沟通能力
我们能提供给您~
①大厂市场领先且稳定的薪酬福利收入（根据面试能力评价等定级定薪）；②个人编程能力的快速学习提升（导师6个月带教）；③行业前沿的技术框架（不用担心未来如果换工作技术框架不适用）；④行业领先的产品研发项目管理流程、编码规范培训、纯粹的工程师氛围（您要相信，和优秀的人一起工作，您也必定变得更优秀）。
您需要经过什么面试流程~
①机考；②综测；③在线面试。","[""打造以数据+模型双轮驱动的工业软件aPaaS平台，构建工业软件产业生态资源，联合各方力量协同攻关，攻克核心软件急需解决的核心共性技术难题，助力工业软件国产化的快速发展。"", ""采用互联网的技术和产品，协同现有的终端云和产业上云，提供云原生的根服务，为各行各业实现云化和数字化提供基础服务平台支持。部门提供KooMessage、KooMap、KooSearch等服务"", ""岗位职责："", ""1、 担任aPaaS底座的开发工程师，负责系统模块的设计、代码编写及看护等工作。"", ""2、 看护产品核心技术，并解决在项目开发过程遇到的关键问题。"", ""岗位要求"", ""1、 本科及以上学历，有力扣牛客刷题基础者优先"", ""2、 具备较强的学习能力和基本沟通能力"", ""我们能提供给您~"", ""①大厂市场领先且稳定的薪酬福利收入（根据面试能力评价等定级定薪）；②个人编程能力的快速学习提升（导师6个月带教）；③行业前沿的技术框架（不用担心未来如果换工作技术框架不适用）；④行业领先的产品研发项目管理流程、编码规范培训、纯粹的工程师氛围（您要相信，和优秀的人一起工作，您也必定变得更优秀）。"", ""您需要经过什么面试流程~"", ""①机考；②综测；③在线面试。""]","[""打造以数据+模型双轮驱动的工业软件aPaaS平台，构建工业软件产业生态资源，联合各方力量协同攻关，攻克核心软件急需解决的核心共性技术难题，助力工业软件国产化的快速发展。"", ""采用互联网的技术和产品，协同现有的终端云和产业上云，提供云原生的根服务，为各行各业实现云化和数字化提供基础服务平台支持。部门提供KooMessage、KooMap、KooSearch等服务"", ""岗位职责："", ""1、 担任aPaaS底座的开发工程师，负责系统模块的设计、代码编写及看护等工作。"", ""2、 看护产品核心技术，并解决在项目开发过程遇到的关键问题。"", ""岗位要求"", ""1、 本科及以上学历，有力扣牛客刷题基础者优先"", ""2、 具备较强的学习能力和基本沟通能力"", ""我们能提供给您~"", ""①大厂市场领先且稳定的薪酬福利收入（根据面试能力评价等定级定薪）；②个人编程能力的快速学习提升（导师6个月带教）；③行业前沿的技术框架（不用担心未来如果换工作技术框架不适用）；④行业领先的产品研发项目管理流程、编码规范培训、纯粹的工程师氛围（您要相信，和优秀的人一起工作，您也必定变得更优秀）。"", ""您需要经过什么面试流程~"", ""①机考；②综测；③在线面试。""]","[""C++"", ""C"", ""Python""]","[""C++"", ""C"", ""Python""]",http://www.zhaopin.com/jobdetail/CCL1480117890J40858716905.htm,2026-06-18T09:55:02.054Z
job_platform,zhaopin,4,40852675411,python全栈开发工程师,深圳建广数字科技有限公司青岛分公司,软件/IT服务,深圳 南山 大冲,1,16000,5-10年,本科,2026-05-29 15:21:29,"岗位职责: 
1. 负责Python全栈系统的开发与维护，具备扎实的编程基础和良好的工程实现能力； 
2. 参与前后端功能模块的设计与实现，保障系统的稳定性与可扩展性； 
3. 实现系统核心逻辑、数据处理及接口对接，支持业务高效运行； 
4. 参与技术方案设计、代码编写及系统性能优化工作； 
5. 配合团队完成问题排查、技术攻关和持续迭代任务。
任职要求： 
1. 熟悉Python语言，掌握react框架，具备良好的代码设计能力； 
2. 理解前后端分离架构，具备全栈开发经验或项目实践；","[""岗位职责:"", ""1. 负责Python全栈系统的开发与维护，具备扎实的编程基础和良好的工程实现能力；"", ""2. 参与前后端功能模块的设计与实现，保障系统的稳定性与可扩展性；"", ""3. 实现系统核心逻辑、数据处理及接口对接，支持业务高效运行；"", ""4. 参与技术方案设计、代码编写及系统性能优化工作；"", ""5. 配合团队完成问题排查、技术攻关和持续迭代任务。"", ""任职要求："", ""1. 熟悉Python语言，掌握react框架，具备良好的代码设计能力；"", ""2. 理解前后端分离架构，具备全栈开发经验或项目实践；""]","[""岗位职责:"", ""1. 负责Python全栈系统的开发与维护，具备扎实的编程基础和良好的工程实现能力；"", ""2. 参与前后端功能模块的设计与实现，保障系统的稳定性与可扩展性；"", ""3. 实现系统核心逻辑、数据处理及接口对接，支持业务高效运行；"", ""4. 参与技术方案设计、代码编写及系统性能优化工作；"", ""5. 配合团队完成问题排查、技术攻关和持续迭代任务。"", ""任职要求："", ""1. 熟悉Python语言，掌握react框架，具备良好的代码设计能力；"", ""2. 理解前后端分离架构，具备全栈开发经验或项目实践；""]","[""前端开发"", ""后端开发"", ""react"", ""Python""]","[""前端开发"", ""后端开发"", ""react"", ""Python""]",http://www.zhaopin.com/jobdetail/CCL1320891960J40852675411.htm,2026-06-18T09:55:02.054Z
job_platform,zhaopin,5,40453375316,python,软通动力信息技术(集团)股份有限公司,软件/IT服务,深圳 龙岗,1,16000,1-3年,本科,2026-05-28 13:35:58,"1、基础能力（必备）
熟悉掌握Python基础语法，具备扎实的后端开发能力，熟悉使用数据结构与算法，代码规范整洁，具备独立开发、调试、排错能力。
2、接口开发能力（必备）
熟悉使用FastAPI/Flask任意一种主流框架，能够独立开发、封装、调试RESTful API接口，熟悉接口请求、参数校验、异常处理、接口联调流程。
3、数据处理能力(必备)
熟悉使用Pandas、Numpy进行数据清洗、去重、结构化处理、格式转换、批量数据加工，能够应对业务各类复杂数据处理场景。
4、ES搜索引擎能力（核心必备）
熟悉Elasticsearch基础原理与实操开发，掌握索引管理、文档增删改查、Match模糊查询、term精准查询、聚合查询、分页排序等常用操作，有知识库检索、文本检索相关开发经验者优先。
5、AI Agent项目基础(加分项)
了解AI Agent基本概念和开发逻辑，熟悉大模型对接、工具调用、Prompt优化、知识库联动等基础流程，有Agent、智能问答、RA G检索增强项目开发经验优先。","[""1、基础能力（必备）"", ""熟悉掌握Python基础语法，具备扎实的后端开发能力，熟悉使用数据结构与算法，代码规范整洁，具备独立开发、调试、排错能力。"", ""2、接口开发能力（必备）"", ""熟悉使用FastAPI/Flask任意一种主流框架，能够独立开发、封装、调试RESTful API接口，熟悉接口请求、参数校验、异常处理、接口联调流程。"", ""3、数据处理能力(必备)"", ""熟悉使用Pandas、Numpy进行数据清洗、去重、结构化处理、格式转换、批量数据加工，能够应对业务各类复杂数据处理场景。"", ""4、ES搜索引擎能力（核心必备）"", ""熟悉Elasticsearch基础原理与实操开发，掌握索引管理、文档增删改查、Match模糊查询、term精准查询、聚合查询、分页排序等常用操作，有知识库检索、文本检索相关开发经验者优先。"", ""5、AI Agent项目基础(加分项)"", ""了解AI Agent基本概念和开发逻辑，熟悉大模型对接、工具调用、Prompt优化、知识库联动等基础流程，有Agent、智能问答、RA G检索增强项目开发经验优先。""]","[""1、基础能力（必备）"", ""熟悉掌握Python基础语法，具备扎实的后端开发能力，熟悉使用数据结构与算法，代码规范整洁，具备独立开发、调试、排错能力。"", ""2、接口开发能力（必备）"", ""熟悉使用FastAPI/Flask任意一种主流框架，能够独立开发、封装、调试RESTful API接口，熟悉接口请求、参数校验、异常处理、接口联调流程。"", ""3、数据处理能力(必备)"", ""熟悉使用Pandas、Numpy进行数据清洗、去重、结构化处理、格式转换、批量数据加工，能够应对业务各类复杂数据处理场景。"", ""4、ES搜索引擎能力（核心必备）"", ""熟悉Elasticsearch基础原理与实操开发，掌握索引管理、文档增删改查、Match模糊查询、term精准查询、聚合查询、分页排序等常用操作，有知识库检索、文本检索相关开发经验者优先。"", ""5、AI Agent项目基础(加分项)"", ""了解AI Agent基本概念和开发逻辑，熟悉大模型对接、工具调用、Prompt优化、知识库联动等基础流程，有Agent、智能问答、RA G检索增强项目开发经验优先。""]","[""Django"", ""Flask"", ""Python"", ""AI AGENT""]","[""Django"", ""Flask"", ""Python"", ""AI AGENT""]",http://www.zhaopin.com/jobdetail/CC000544460J40453375316.htm,2026-06-18T09:55:02.054Z
job_platform,zhaopin,5,40760203305,软件开发工程师【C、C++、JAVA、Python、JS】,外企德科数字技术有限公司,软件/IT服务,深圳 龙岗,2,30000,经验不限,本科,2026-06-18 00:30:38,"工作职责:
1、根据需求进行软件的概要设计和详细设计，学习和使用设计模式;
2、完成代码开发、单元测试、系统测试，掌握代码编写技术和测试技术;
3、完成从需求到设计、再到开发和上线等项目周期中端到端的各个环节。
岗位要求: 
1、熟练掌握java/C++/Js/python/C等任意一种主流开发语言; 
2、熟练掌握常用的软件架构模式，并能熟练使用基本的编程编译工具; 
3、熟悉linux常用命令及开发环境，能用shell脚本实现简单功能; 
4、良好的编码习惯、沟通协作能力和学习能力; 
5、思维缜密，逻辑性强，具有挑战精神和前瞻性，良好的团队协作精神。","[""工作职责:"", ""1、根据需求进行软件的概要设计和详细设计，学习和使用设计模式;"", ""2、完成代码开发、单元测试、系统测试，掌握代码编写技术和测试技术;"", ""3、完成从需求到设计、再到开发和上线等项目周期中端到端的各个环节。"", ""岗位要求:"", ""1、熟练掌握java/C++/Js/python/C等任意一种主流开发语言;"", ""2、熟练掌握常用的软件架构模式，并能熟练使用基本的编程编译工具;"", ""3、熟悉linux常用命令及开发环境，能用shell脚本实现简单功能;"", ""4、良好的编码习惯、沟通协作能力和学习能力;"", ""5、思维缜密，逻辑性强，具有挑战精神和前瞻性，良好的团队协作精神。""]","[""工作职责:"", ""1、根据需求进行软件的概要设计和详细设计，学习和使用设计模式;"", ""2、完成代码开发、单元测试、系统测试，掌握代码编写技术和测试技术;"", ""3、完成从需求到设计、再到开发和上线等项目周期中端到端的各个环节。"", ""岗位要求:"", ""1、熟练掌握java/C++/Js/python/C等任意一种主流开发语言;"", ""2、熟练掌握常用的软件架构模式，并能熟练使用基本的编程编译工具;"", ""3、熟悉linux常用命令及开发环境，能用shell脚本实现简单功能;"", ""4、良好的编码习惯、沟通协作能力和学习能力;"", ""5、思维缜密，逻辑性强，具有挑战精神和前瞻性，良好的团队协作精神。""]","[""C语言"", ""Java"", ""Python""]","[""C语言"", ""Java"", ""Python""]",http://www.zhaopin.com/jobdetail/CCL1480117890J40760203305.htm,2026-06-18T09:55:02.054Z
job_platform,zhaopin,5,40831467701,Python 自动化开发工程师（全栈方向）,深圳市东方合信家族财富管理有限公司,保险,深圳 福田,1,15000,3-5年,本科,2026-05-28 10:05:04,"【职位名称】
Python 自动化开发工程师（全栈方向） 
【技能要求】 
核心语言：精通 Python，有扎实的编程基础；熟悉常用标准库与第三方库，如 requests、pandas、BeautifulSoup 等。 
自动化技术：熟练使用 Playwright 或 Selenium 进行浏览器自动化控制；熟悉 Windows 应用自动化（如 pyautogui、win32gui）及文件/数据处理自动化；具备从零搭建自动化流程的经验，能处理验证码、登录态、反爬等常见问题者优先。 
后端能力：掌握 PHP，熟悉 ThinkPHP 3.2/6 框架，能够维护和开发现有管理系统的后端功能；具备基本的数据库设计与优化能力。 
前端基础：熟悉 HTML、CSS、JavaScript，了解 Bootstrap；掌握 Vue.js 或 uniapp，能进行简单的小程序前端开发和调试。 
数据库：熟练使用 MySQL，能编写高效 SQL 语句，了解索引优化；熟悉 Redis 者优先。 
工具与协作：熟练使用 Git 进行版本管理；具备良好的代码规范和文档习惯；熟悉 Linux 常用命令者优先。 【岗位职责】 
自研 RPA 开发与优化：负责公司内部自动化程序的开发与迭代，利用 Python + Playwright/Selenium 等技术实现浏览器操作、数据抓取、跨系统数据同步、报表自动生成等，提升业务效率。 
现有系统维护：参与基于 ThinkPHP 的管理后台（含小程序后端）的日常维护、Bug 修复及功能升级，保证系统稳定运行。 
全栈协作：根据需要配合前端完成小程序页面调整，或独立完成小型全栈功能开发（从数据库到前端展示）。 
技术沉淀与团队建设：整理自动化模块与技术文档，积累可复用的代码库；未来随着团队扩大，逐步承担新人指导、技术规范制定等工作，成为核心技术骨干。 
 
【任职要求】 
经验：计算机相关专业本科及以上学历，3 年左右开发经验（能力突出者可放宽至 2 年）。 
技术栈匹配度：必须熟练 Python，并有实际的自研自动化项目落地经验（如爬虫、RPA、UI 自动化测试等）；同时具备 PHP 基础，能快速接手 ThinkPHP 项目。 
独立解决问题能力：能独立完成需求分析、技术选型与开发，具备较强的 Troubleshooting 能力，能应对自动化过程中的各种异常。 
学习与成长意愿：对新技术保持好奇，愿意接触多种技术栈；有从技术执行者向技术核心/管理者成长的意愿，乐于分享与协作。 
软素质：良好的沟通能力，能清晰表达技术方案；责任心强，注重代码质量与可维护性；有主人翁意识，愿意与公司共同成长。 

 

 【福利待遇】
 1、五险一金 + 带薪年假 + 各项法定假日+ 不定期员工活动； 

 2、工作时间为：5天/制
 3、五险一金、带薪年假、周末双休、员工活动
 4、公司将提供广阔发展平台、支持与帮助，以及公平、合理、升职发展空间，欢迎踏实努；力、积极创新的人才加入我们的团队。","[""【职位名称】"", ""Python 自动化开发工程师（全栈方向）"", ""【技能要求】"", ""核心语言：精通 Python，有扎实的编程基础；熟悉常用标准库与第三方库，如 requests、pandas、BeautifulSoup 等。"", ""自动化技术：熟练使用 Playwright 或 Selenium 进行浏览器自动化控制；熟悉 Windows 应用自动化（如 pyautogui、win32gui）及文件/数据处理自动化；具备从零搭建自动化流程的经验，能处理验证码、登录态、反爬等常见问题者优先。"", ""后端能力：掌握 PHP，熟悉 ThinkPHP 3.2/6 框架，能够维护和开发现有管理系统的后端功能；具备基本的数据库设计与优化能力。"", ""前端基础：熟悉 HTML、CSS、JavaScript，了解 Bootstrap；掌握 Vue.js 或 uniapp，能进行简单的小程序前端开发和调试。"", ""数据库：熟练使用 MySQL，能编写高效 SQL 语句，了解索引优化；熟悉 Redis 者优先。"", ""工具与协作：熟练使用 Git 进行版本管理；具备良好的代码规范和文档习惯；熟悉 Linux 常用命令者优先。 【岗位职责】"", ""自研 RPA 开发与优化：负责公司内部自动化程序的开发与迭代，利用 Python + Playwright/Selenium 等技术实现浏览器操作、数据抓取、跨系统数据同步、报表自动生成等，提升业务效率。"", ""现有系统维护：参与基于 ThinkPHP 的管理后台（含小程序后端）的日常维护、Bug 修复及功能升级，保证系统稳定运行。"", ""全栈协作：根据需要配合前端完成小程序页面调整，或独立完成小型全栈功能开发（从数据库到前端展示）。"", ""技术沉淀与团队建设：整理自动化模块与技术文档，积累可复用的代码库；未来随着团队扩大，逐步承担新人指导、技术规范制定等工作，成为核心技术骨干。"", ""【任职要求】"", ""经验：计算机相关专业本科及以上学历，3 年左右开发经验（能力突出者可放宽至 2 年）。"", ""技术栈匹配度：必须熟练 Python，并有实际的自研自动化项目落地经验（如爬虫、RPA、UI 自动化测试等）；同时具备 PHP 基础，能快速接手 ThinkPHP 项目。"", ""独立解决问题能力：能独立完成需求分析、技术选型与开发，具备较强的 Troubleshooting 能力，能应对自动化过程中的各种异常。"", ""学习与成长意愿：对新技术保持好奇，愿意接触多种技术栈；有从技术执行者向技术核心/管理者成长的意愿，乐于分享与协作。"", ""软素质：良好的沟通能力，能清晰表达技术方案；责任心强，注重代码质量与可维护性；有主人翁意识，愿意与公司共同成长。"", ""【福利待遇】"", ""1、五险一金 + 带薪年假 + 各项法定假日+ 不定期员工活动；"", ""2、工作时间为：5天/制"", ""3、五险一金、带薪年假、周末双休、员工活动"", ""4、公司将提供广阔发展平台、支持与帮助，以及公平、合理、升职发展空间，欢迎踏实努；力、积极创新的人才加入我们的团队。""]","[""【职位名称】"", ""Python 自动化开发工程师（全栈方向）"", ""【技能要求】"", ""核心语言：精通 Python，有扎实的编程基础；熟悉常用标准库与第三方库，如 requests、pandas、BeautifulSoup 等。"", ""自动化技术：熟练使用 Playwright 或 Selenium 进行浏览器自动化控制；熟悉 Windows 应用自动化（如 pyautogui、win32gui）及文件/数据处理自动化；具备从零搭建自动化流程的经验，能处理验证码、登录态、反爬等常见问题者优先。"", ""后端能力：掌握 PHP，熟悉 ThinkPHP 3.2/6 框架，能够维护和开发现有管理系统的后端功能；具备基本的数据库设计与优化能力。"", ""前端基础：熟悉 HTML、CSS、JavaScript，了解 Bootstrap；掌握 Vue.js 或 uniapp，能进行简单的小程序前端开发和调试。"", ""数据库：熟练使用 MySQL，能编写高效 SQL 语句，了解索引优化；熟悉 Redis 者优先。"", ""工具与协作：熟练使用 Git 进行版本管理；具备良好的代码规范和文档习惯；熟悉 Linux 常用命令者优先。 【岗位职责】"", ""自研 RPA 开发与优化：负责公司内部自动化程序的开发与迭代，利用 Python + Playwright/Selenium 等技术实现浏览器操作、数据抓取、跨系统数据同步、报表自动生成等，提升业务效率。"", ""现有系统维护：参与基于 ThinkPHP 的管理后台（含小程序后端）的日常维护、Bug 修复及功能升级，保证系统稳定运行。"", ""全栈协作：根据需要配合前端完成小程序页面调整，或独立完成小型全栈功能开发（从数据库到前端展示）。"", ""技术沉淀与团队建设：整理自动化模块与技术文档，积累可复用的代码库；未来随着团队扩大，逐步承担新人指导、技术规范制定等工作，成为核心技术骨干。"", ""【任职要求】"", ""经验：计算机相关专业本科及以上学历，3 年左右开发经验（能力突出者可放宽至 2 年）。"", ""技术栈匹配度：必须熟练 Python，并有实际的自研自动化项目落地经验（如爬虫、RPA、UI 自动化测试等）；同时具备 PHP 基础，能快速接手 ThinkPHP 项目。"", ""独立解决问题能力：能独立完成需求分析、技术选型与开发，具备较强的 Troubleshooting 能力，能应对自动化过程中的各种异常。"", ""学习与成长意愿：对新技术保持好奇，愿意接触多种技术栈；有从技术执行者向技术核心/管理者成长的意愿，乐于分享与协作。"", ""软素质：良好的沟通能力，能清晰表达技术方案；责任心强，注重代码质量与可维护性；有主人翁意识，愿意与公司共同成长。"", ""【福利待遇】"", ""1、五险一金 + 带薪年假 + 各项法定假日+ 不定期员工活动；"", ""2、工作时间为：5天/制"", ""3、五险一金、带薪年假、周末双休、员工活动"", ""4、公司将提供广阔发展平台、支持与帮助，以及公平、合理、升职发展空间，欢迎踏实努；力、积极创新的人才加入我们的团队。""]","[""Python"", ""PHP""]","[""Python"", ""PHP""]",http://www.zhaopin.com/jobdetail/CC505937780J40831467701.htm,2026-06-18T09:55:02.054Z
job_platform,zhaopin,5,40508759512,python开发工程师（深圳）,中软国际,软件/IT服务,深圳 龙岗,面议,面议,1-3年,本科,2026-05-27 16:26:25,"1、负责自动化测试装备软件开发，编写软件详细设计文档； 
2、熟悉Python或者C#、C++等编程语言，有较强的逻辑思维能力； 
3、熟悉万用表、示波器、程控电源等优先。 
专业能力要求： 
1、自动化、数学、电子、通信、仪器仪表、测控技术、机械电子等相关专业优先； 
2、热爱编程，基础扎实，掌握常见编程语言，有良好的编程习惯，了解数据结构、算法； 
3、熟悉TCP、串口、Visa等方式控制仪器仪表优先； 
4、有装备软件开发经验优先。 
关键词：python，自动化测试，ATE，硬件测试，测试装备","[""1、负责自动化测试装备软件开发，编写软件详细设计文档；"", ""2、熟悉Python或者C#、C++等编程语言，有较强的逻辑思维能力；"", ""3、熟悉万用表、示波器、程控电源等优先。"", ""专业能力要求："", ""1、自动化、数学、电子、通信、仪器仪表、测控技术、机械电子等相关专业优先；"", ""2、热爱编程，基础扎实，掌握常见编程语言，有良好的编程习惯，了解数据结构、算法；"", ""3、熟悉TCP、串口、Visa等方式控制仪器仪表优先；"", ""4、有装备软件开发经验优先。"", ""关键词：python，自动化测试，ATE，硬件测试，测试装备""]","[""1、负责自动化测试装备软件开发，编写软件详细设计文档；"", ""2、熟悉Python或者C#、C++等编程语言，有较强的逻辑思维能力；"", ""3、熟悉万用表、示波器、程控电源等优先。"", ""专业能力要求："", ""1、自动化、数学、电子、通信、仪器仪表、测控技术、机械电子等相关专业优先；"", ""2、热爱编程，基础扎实，掌握常见编程语言，有良好的编程习惯，了解数据结构、算法；"", ""3、熟悉TCP、串口、Visa等方式控制仪器仪表优先；"", ""4、有装备软件开发经验优先。"", ""关键词：python，自动化测试，ATE，硬件测试，测试装备""]","[""Python"", ""ATE"", ""测试装备""]","[""Python"", ""ATE"", ""测试装备""]",http://www.zhaopin.com/jobdetail/CC508620120J40508759512.htm,2026-06-18T09:55:02.054Z
job_platform,zhaopin,5,40866966805,软件开发（C/C++/Java/Python/Go/JS）,外企德科数字技术有限公司,软件/IT服务,深圳 龙岗,2,25000,经验不限,本科,2026-06-18 00:33:20,"【岗位】 
软件开发、软件测试、大数据开发、大模型、AI、算法（具体岗位可咨询）
【岗位职责】 
1、完成从客户需求到软件产品定义、架构设计、开发实现、再到上线运营维护等产品生命周期中的各个环节； 
2、创造性解决产品在实现过程中的技术难题，应用前沿技术提升产品的核心竞争力，如分布式系统、性能调优、可靠性、数据库等； 
3、参与业界前沿技术研究和规划，与全球专家一起工作、交流，构建华为在业界影响力。
【岗位要求】 
1、熟悉C/C++/Java/python/go中的一种或多种编程语言，掌握常用的数据结构和算法基础；
2、本科及以上学历（也可接受已拿到双证的毕业生），计算机、软件工程等相关专业，具备扎实的计算机基础，常用算法和结构；
4、具备较好的流程和质量意识、对代码性能和风格、测试效率有较高的追求，具有对新技术、新领域知识的探索精神。","[""【岗位】"", ""软件开发、软件测试、大数据开发、大模型、AI、算法（具体岗位可咨询）"", ""【岗位职责】"", ""1、完成从客户需求到软件产品定义、架构设计、开发实现、再到上线运营维护等产品生命周期中的各个环节；"", ""2、创造性解决产品在实现过程中的技术难题，应用前沿技术提升产品的核心竞争力，如分布式系统、性能调优、可靠性、数据库等；"", ""3、参与业界前沿技术研究和规划，与全球专家一起工作、交流，构建华为在业界影响力。"", ""【岗位要求】"", ""1、熟悉C/C++/Java/python/go中的一种或多种编程语言，掌握常用的数据结构和算法基础；"", ""2、本科及以上学历（也可接受已拿到双证的毕业生），计算机、软件工程等相关专业，具备扎实的计算机基础，常用算法和结构；"", ""4、具备较好的流程和质量意识、对代码性能和风格、测试效率有较高的追求，具有对新技术、新领域知识的探索精神。""]","[""【岗位】"", ""软件开发、软件测试、大数据开发、大模型、AI、算法（具体岗位可咨询）"", ""【岗位职责】"", ""1、完成从客户需求到软件产品定义、架构设计、开发实现、再到上线运营维护等产品生命周期中的各个环节；"", ""2、创造性解决产品在实现过程中的技术难题，应用前沿技术提升产品的核心竞争力，如分布式系统、性能调优、可靠性、数据库等；"", ""3、参与业界前沿技术研究和规划，与全球专家一起工作、交流，构建华为在业界影响力。"", ""【岗位要求】"", ""1、熟悉C/C++/Java/python/go中的一种或多种编程语言，掌握常用的数据结构和算法基础；"", ""2、本科及以上学历（也可接受已拿到双证的毕业生），计算机、软件工程等相关专业，具备扎实的计算机基础，常用算法和结构；"", ""4、具备较好的流程和质量意识、对代码性能和风格、测试效率有较高的追求，具有对新技术、新领域知识的探索精神。""]","[""C"", ""C++"", ""Python"", ""Java"", ""JS"", ""GO""]","[""C"", ""C++"", ""Python"", ""Java"", ""JS"", ""GO""]",http://www.zhaopin.com/jobdetail/CCL1480117890J40866966805.htm,2026-06-18T09:55:02.055Z
job_platform,zhaopin,5,40907275612,python后端开发工程师,深圳市大象机器人科技有限公司,通用设备制造,深圳 福田,2,28000,5-10年,本科,2026-05-27 15:47:19,"岗位职责
1.负责公司云端服务的后端系统设计与开发，包括用户账户系统、内容社区模块、数据管理服务等功能。
2.使用 FastAPI 构建高性能、可扩展的 RESTful API 服务。
3.参与设计与实现基于 gRPC 的高效服务间通讯机制。
4.负责数据库模型设计、优化与维护（如 MySQL、PostgreSQL 或 MongoDB）。
5.编写高质量、可维护的代码，确保代码规范、结构清晰。
6.编写相关的技术文档、接口文档，以及与前端、移动端工程师协同开发。
7.负责服务端的性能优化、日志监控、错误处理、线上问题排查与修复。
8.参与后端架构优化，提升系统的扩展性、稳定性和安全性。
9.根据业务需求持续迭代云端服务，提供良好的 API 支持与数据支持。
任职要求
1.计算机科学或相关专业，本科及以上学历（优秀候选人可放宽条件）。
2. 3-10 年 Python 后端开发经验，熟悉主流 Web 框架，特别是 FastAPI。
3.熟练掌握 Python 语言特性、异步编程（async/await）、协程调度等。
4.了解 gRPC / Protobuf 并能在系统中设计和实现服务间通信。
5.具备 Web 后端基础能力，包括：
●RESTful API 设计
●JWT 或 OAuth2 鉴权
●角色权限体系
●文件上传/下载、任务处理、异步任务队列、缓存、本地算法/软件服务化容器化、大文件和长任务稳定性等
6.熟悉 SQL 或 NoSQL 数据库，如 PostgreSQL / MySQL / MongoDB，能进行基本优化。
7.熟悉 Linux 环境、基本 Shell 命令，能部署与维护后端服务。
8.具备自我学习能力，对新技术有探索热情。
9.有责任心和团队协作精神，能快速理解业务和产品需求。","[""岗位职责"", ""1.负责公司云端服务的后端系统设计与开发，包括用户账户系统、内容社区模块、数据管理服务等功能。"", ""2.使用 FastAPI 构建高性能、可扩展的 RESTful API 服务。"", ""3.参与设计与实现基于 gRPC 的高效服务间通讯机制。"", ""4.负责数据库模型设计、优化与维护（如 MySQL、PostgreSQL 或 MongoDB）。"", ""5.编写高质量、可维护的代码，确保代码规范、结构清晰。"", ""6.编写相关的技术文档、接口文档，以及与前端、移动端工程师协同开发。"", ""7.负责服务端的性能优化、日志监控、错误处理、线上问题排查与修复。"", ""8.参与后端架构优化，提升系统的扩展性、稳定性和安全性。"", ""9.根据业务需求持续迭代云端服务，提供良好的 API 支持与数据支持。"", ""任职要求"", ""1.计算机科学或相关专业，本科及以上学历（优秀候选人可放宽条件）。"", ""2. 3-10 年 Python 后端开发经验，熟悉主流 Web 框架，特别是 FastAPI。"", ""3.熟练掌握 Python 语言特性、异步编程（async/await）、协程调度等。"", ""4.了解 gRPC / Protobuf 并能在系统中设计和实现服务间通信。"", ""5.具备 Web 后端基础能力，包括："", ""●RESTful API 设计"", ""●JWT 或 OAuth2 鉴权"", ""●角色权限体系"", ""●文件上传/下载、任务处理、异步任务队列、缓存、本地算法/软件服务化容器化、大文件和长任务稳定性等"", ""6.熟悉 SQL 或 NoSQL 数据库，如 PostgreSQL / MySQL / MongoDB，能进行基本优化。"", ""7.熟悉 Linux 环境、基本 Shell 命令，能部署与维护后端服务。"", ""8.具备自我学习能力，对新技术有探索热情。"", ""9.有责任心和团队协作精神，能快速理解业务和产品需求。""]","[""岗位职责"", ""1.负责公司云端服务的后端系统设计与开发，包括用户账户系统、内容社区模块、数据管理服务等功能。"", ""2.使用 FastAPI 构建高性能、可扩展的 RESTful API 服务。"", ""3.参与设计与实现基于 gRPC 的高效服务间通讯机制。"", ""4.负责数据库模型设计、优化与维护（如 MySQL、PostgreSQL 或 MongoDB）。"", ""5.编写高质量、可维护的代码，确保代码规范、结构清晰。"", ""6.编写相关的技术文档、接口文档，以及与前端、移动端工程师协同开发。"", ""7.负责服务端的性能优化、日志监控、错误处理、线上问题排查与修复。"", ""8.参与后端架构优化，提升系统的扩展性、稳定性和安全性。"", ""9.根据业务需求持续迭代云端服务，提供良好的 API 支持与数据支持。"", ""任职要求"", ""1.计算机科学或相关专业，本科及以上学历（优秀候选人可放宽条件）。"", ""2. 3-10 年 Python 后端开发经验，熟悉主流 Web 框架，特别是 FastAPI。"", ""3.熟练掌握 Python 语言特性、异步编程（async/await）、协程调度等。"", ""4.了解 gRPC / Protobuf 并能在系统中设计和实现服务间通信。"", ""5.具备 Web 后端基础能力，包括："", ""●RESTful API 设计"", ""●JWT 或 OAuth2 鉴权"", ""●角色权限体系"", ""●文件上传/下载、任务处理、异步任务队列、缓存、本地算法/软件服务化容器化、大文件和长任务稳定性等"", ""6.熟悉 SQL 或 NoSQL 数据库，如 PostgreSQL / MySQL / MongoDB，能进行基本优化。"", ""7.熟悉 Linux 环境、基本 Shell 命令，能部署与维护后端服务。"", ""8.具备自我学习能力，对新技术有探索热情。"", ""9.有责任心和团队协作精神，能快速理解业务和产品需求。""]","[""MySQL"", ""PostgreSQL"", ""Linux""]","[""MySQL"", ""PostgreSQL"", ""Linux""]",http://www.zhaopin.com/jobdetail/CC574316530J40907275612.htm,2026-06-18T09:55:02.055Z
job_platform,zhaopin,5,40800064816,python开发/测试开发,软通动力信息技术(集团)股份有限公司,软件/IT服务,深圳 龙岗,1,16000,1-3年,本科,2026-05-26 20:23:53,"办公地址：罗山C 文科大厦 中科谷6F 都可以的
python 开发岗位要求
软硬联调--python/c
【岗位要求】
1、负责软件模块的设计、开发联调及版本看护
2. 编写自动化脚本，执行单元测试/集成测试/系统测试
3、负责编写软件的设计文档、开发文档及用户手册
4、负责研发环境整机的装备软件执行及交付
【能力要求】
1、本科及以上学历，计算机或电子信息行业相关专业，1年以上软件开发经验
2、熟练使用Python及常用测试框架
3、熟练掌握Git/SVN版本控制工具
4、逻辑清晰，具备技术文档编写和问题分析能力
5、熟悉常用仪表使用
测试技能要求
技能要求：1、python语言基础扎实，能使用python等脚本开发语言编程；
2、熟悉Linux/Windows操作系统；
3、熟悉shell、批处理命令脚本编程语言
4、了解持续集成、流水线概念；
5、了解pytest、gtest测试框架，能使用pytest、gtest框架进行测试；
6、计算机、软件、通信等相关专业；
7、热爱编程，基础扎实，掌握常见编程语言，有良好的编程习惯，对数据结构、算法有一定了解；
岗位职责：
1.负责提供的C++接口转Python，适配Pytest框架；
2.负责测试自动化用例的写作、调试及上库；
3.负责支撑软件平台自动化用例的稳定运行；","[""办公地址：罗山C 文科大厦 中科谷6F 都可以的"", ""python 开发岗位要求"", ""软硬联调--python/c"", ""【岗位要求】"", ""1、负责软件模块的设计、开发联调及版本看护"", ""2. 编写自动化脚本，执行单元测试/集成测试/系统测试"", ""3、负责编写软件的设计文档、开发文档及用户手册"", ""4、负责研发环境整机的装备软件执行及交付"", ""【能力要求】"", ""1、本科及以上学历，计算机或电子信息行业相关专业，1年以上软件开发经验"", ""2、熟练使用Python及常用测试框架"", ""3、熟练掌握Git/SVN版本控制工具"", ""4、逻辑清晰，具备技术文档编写和问题分析能力"", ""5、熟悉常用仪表使用"", ""测试技能要求"", ""技能要求：1、python语言基础扎实，能使用python等脚本开发语言编程；"", ""2、熟悉Linux/Windows操作系统；"", ""3、熟悉shell、批处理命令脚本编程语言"", ""4、了解持续集成、流水线概念；"", ""5、了解pytest、gtest测试框架，能使用pytest、gtest框架进行测试；"", ""6、计算机、软件、通信等相关专业；"", ""7、热爱编程，基础扎实，掌握常见编程语言，有良好的编程习惯，对数据结构、算法有一定了解；"", ""岗位职责："", ""1.负责提供的C++接口转Python，适配Pytest框架；"", ""2.负责测试自动化用例的写作、调试及上库；""]","[""办公地址：罗山C 文科大厦 中科谷6F 都可以的"", ""python 开发岗位要求"", ""软硬联调--python/c"", ""【岗位要求】"", ""1、负责软件模块的设计、开发联调及版本看护"", ""2. 编写自动化脚本，执行单元测试/集成测试/系统测试"", ""3、负责编写软件的设计文档、开发文档及用户手册"", ""4、负责研发环境整机的装备软件执行及交付"", ""【能力要求】"", ""1、本科及以上学历，计算机或电子信息行业相关专业，1年以上软件开发经验"", ""2、熟练使用Python及常用测试框架"", ""3、熟练掌握Git/SVN版本控制工具"", ""4、逻辑清晰，具备技术文档编写和问题分析能力"", ""5、熟悉常用仪表使用"", ""测试技能要求"", ""技能要求：1、python语言基础扎实，能使用python等脚本开发语言编程；"", ""2、熟悉Linux/Windows操作系统；"", ""3、熟悉shell、批处理命令脚本编程语言"", ""4、了解持续集成、流水线概念；"", ""5、了解pytest、gtest测试框架，能使用pytest、gtest框架进行测试；"", ""6、计算机、软件、通信等相关专业；"", ""7、热爱编程，基础扎实，掌握常见编程语言，有良好的编程习惯，对数据结构、算法有一定了解；"", ""岗位职责："", ""1.负责提供的C++接口转Python，适配Pytest框架；"", ""2.负责测试自动化用例的写作、调试及上库；""]","[""JavaScript"", ""Django"", ""Tornado"", ""Flask"", ""MySQL"", ""PostgreSQL"", ""Oracle""]","[""JavaScript"", ""Django"", ""Tornado"", ""Flask"", ""MySQL"", ""PostgreSQL"", ""Oracle""]",http://www.zhaopin.com/jobdetail/CC000544460J40800064816.htm,2026-06-18T09:55:02.055Z
job_platform,zhaopin,5,40624436405,java/python/c/c++ 应届可培养,外企德科数字技术有限公司,软件/IT服务,深圳 龙岗,2,24000,经验不限,本科,2026-06-18 00:30:35,"职位描述： 

 岗位地点：
 北京，上海，南京， 杭州，深圳，东莞，长沙，武汉，西安，成都华研所
 

 岗位要求：
 本科及以上学历，计算机、软件工程、通信等相关专业优先，转行，转专业都欢迎。
 

 （机考：提供复习资料，每个环节 TIPS 辅导，通过率高！！-直达面试！！！全程流程随时跟进可查, 一个部门不满意可转推不同部门）：
 

 岗位： C/C++，java，JS，python、Go通用软件开发工程师，软件测试工程师，大数据开发，网络安全
 

 （ 社招模式），各产品线各类语言开发岗位开放，只要你懂一门语言，就有合适的岗位! 工作稳定，工作内容相同（pl无差异分配任务）
 

 管理:面试、绩效评定、均由 管理层进行，满一年即有名额转正 ，转 的要求透明，量化，达到要求即可
 

 工作：接触并开发核心业务代码，技术栈全面，技术牛人多，技术氛围好。
 

 一、软件开发工程师
 1. 热爱编程，熟悉掌握Java/C++/C/Python/Web开发等编程语言中的一种或多种编程语言，扎实的编程功底；
 2. 具备良好的独立工作能力和解决问题能力，善于沟通，乐于合作，热衷新技术；
 

 二、软件测试工程师：
 1. 热爱编程，熟悉掌握C/C++/Java/Python等编程语言中的一种或多种编程语言，扎实的编程功底；
 2.有web开发或测试经验、自动化开发或测试经验者优先。
 3.熟练掌握系统测试、功能测试、专项测试、软件测试、韧性测试、安全测试方法中的一种或多种测试方法，有相关测试语言/脚本的编写和实践经验优先，也可接受纯测试经验的。
 4.具备良好的独立工作能力和解决问题能力，善于沟通，乐于合作，热衷新技术；
 

 三、算法工程师：
 1、熟练掌握Java/C/C++/Python其中一个或多个编程语言，有扎实的编程功底；
 2、熟悉机器学习、深度学习或图像算法。
 

 公司福利：
 1. 底薪+绩效+项目奖金+年终奖；
 2. 缴纳社保及五险一金；
 3.一年数次考评，薪资可上浮~
 4.带薪年假5-15天，双休。","[""职位描述："", ""岗位地点："", ""北京，上海，南京， 杭州，深圳，东莞，长沙，武汉，西安，成都华研所"", ""岗位要求："", ""本科及以上学历，计算机、软件工程、通信等相关专业优先，转行，转专业都欢迎。"", ""（机考：提供复习资料，每个环节 TIPS 辅导，通过率高！！-直达面试！！！全程流程随时跟进可查, 一个部门不满意可转推不同部门）："", ""岗位： C/C++，java，JS，python、Go通用软件开发工程师，软件测试工程师，大数据开发，网络安全"", ""（ 社招模式），各产品线各类语言开发岗位开放，只要你懂一门语言，就有合适的岗位! 工作稳定，工作内容相同（pl无差异分配任务）"", ""管理:面试、绩效评定、均由 管理层进行，满一年即有名额转正 ，转 的要求透明，量化，达到要求即可"", ""工作：接触并开发核心业务代码，技术栈全面，技术牛人多，技术氛围好。"", ""一、软件开发工程师"", ""1. 热爱编程，熟悉掌握Java/C++/C/Python/Web开发等编程语言中的一种或多种编程语言，扎实的编程功底；"", ""2. 具备良好的独立工作能力和解决问题能力，善于沟通，乐于合作，热衷新技术；"", ""二、软件测试工程师："", ""1. 热爱编程，熟悉掌握C/C++/Java/Python等编程语言中的一种或多种编程语言，扎实的编程功底；"", ""2.有web开发或测试经验、自动化开发或测试经验者优先。"", ""3.熟练掌握系统测试、功能测试、专项测试、软件测试、韧性测试、安全测试方法中的一种或多种测试方法，有相关测试语言/脚本的编写和实践经验优先，也可接受纯测试经验的。"", ""4.具备良好的独立工作能力和解决问题能力，善于沟通，乐于合作，热衷新技术；"", ""三、算法工程师："", ""1、熟练掌握Java/C/C++/Python其中一个或多个编程语言，有扎实的编程功底；"", ""2、熟悉机器学习、深度学习或图像算法。"", ""公司福利："", ""1. 底薪+绩效+项目奖金+年终奖；"", ""2. 缴纳社保及五险一金；"", ""3.一年数次考评，薪资可上浮~""]","[""职位描述："", ""岗位地点："", ""北京，上海，南京， 杭州，深圳，东莞，长沙，武汉，西安，成都华研所"", ""岗位要求："", ""本科及以上学历，计算机、软件工程、通信等相关专业优先，转行，转专业都欢迎。"", ""（机考：提供复习资料，每个环节 TIPS 辅导，通过率高！！-直达面试！！！全程流程随时跟进可查, 一个部门不满意可转推不同部门）："", ""岗位： C/C++，java，JS，python、Go通用软件开发工程师，软件测试工程师，大数据开发，网络安全"", ""（ 社招模式），各产品线各类语言开发岗位开放，只要你懂一门语言，就有合适的岗位! 工作稳定，工作内容相同（pl无差异分配任务）"", ""管理:面试、绩效评定、均由 管理层进行，满一年即有名额转正 ，转 的要求透明，量化，达到要求即可"", ""工作：接触并开发核心业务代码，技术栈全面，技术牛人多，技术氛围好。"", ""一、软件开发工程师"", ""1. 热爱编程，熟悉掌握Java/C++/C/Python/Web开发等编程语言中的一种或多种编程语言，扎实的编程功底；"", ""2. 具备良好的独立工作能力和解决问题能力，善于沟通，乐于合作，热衷新技术；"", ""二、软件测试工程师："", ""1. 热爱编程，熟悉掌握C/C++/Java/Python等编程语言中的一种或多种编程语言，扎实的编程功底；"", ""2.有web开发或测试经验、自动化开发或测试经验者优先。"", ""3.熟练掌握系统测试、功能测试、专项测试、软件测试、韧性测试、安全测试方法中的一种或多种测试方法，有相关测试语言/脚本的编写和实践经验优先，也可接受纯测试经验的。"", ""4.具备良好的独立工作能力和解决问题能力，善于沟通，乐于合作，热衷新技术；"", ""三、算法工程师："", ""1、熟练掌握Java/C/C++/Python其中一个或多个编程语言，有扎实的编程功底；"", ""2、熟悉机器学习、深度学习或图像算法。"", ""公司福利："", ""1. 底薪+绩效+项目奖金+年终奖；"", ""2. 缴纳社保及五险一金；"", ""3.一年数次考评，薪资可上浮~""]","[""C++"", ""Python"", ""JavaScript""]","[""C++"", ""Python"", ""JavaScript""]",http://www.zhaopin.com/jobdetail/CCL1480117890J40624436405.htm,2026-06-18T09:55:02.055Z
job_platform,zhaopin,5,40897675803,java / c++ / c / python / JS/嵌入式等研发岗位,科锐尔人力资源服务(苏州)有限公司,人力资源,深圳 龙岗,2,35000,经验不限,本科,2026-05-24 13:21:24,"岗位要求:本科及以上学历，计算机、软件工程、通信等相关专业优先，转行，转专业都欢迎
岗位:C/C++，java，JS，python、Go通用软件开发工程师，软件测试工程师，大数据开发，网络安全
工作:接触并开发核心业务代码，技术栈全面，技术牛人多，技术氛围好
一、软件开发工程师
1.热爱编程，熟悉掌握Java/C++/C/Python/Web开发等编程语言中的一种或多种编程语言，扎实的编程功底:
2.具备良好的独立工作能力和解决问题能力，善于沟通，乐于合作，热衷新技术
二、软件测试工程师
1.热爱编程，熟悉掌握C/C++/ava/Python等编程语言中的一种或多种编程语言，扎实的编程功底:
2.有web开发或测试经验、自动化开发或测试经验者优先。
3.十大/HZ测试、韧性测试、安全测试方法中的一种或多种测试方法，有相关测试语言/脚本的编写和实践经验优先，也可接受纯测试经验的。
4.具备良好的独立工作能力和解决问题能力，善于沟通，乐于合作，热衷新技术:
三、算法工程师
1、熟练掌握Java/C/C++/Python其中一个或多个编程语言，有扎实的编程功底:
2、熟悉机器学习、深度学习或图像算法。","[""岗位要求:本科及以上学历，计算机、软件工程、通信等相关专业优先，转行，转专业都欢迎"", ""岗位:C/C++，java，JS，python、Go通用软件开发工程师，软件测试工程师，大数据开发，网络安全"", ""工作:接触并开发核心业务代码，技术栈全面，技术牛人多，技术氛围好"", ""一、软件开发工程师"", ""1.热爱编程，熟悉掌握Java/C++/C/Python/Web开发等编程语言中的一种或多种编程语言，扎实的编程功底:"", ""2.具备良好的独立工作能力和解决问题能力，善于沟通，乐于合作，热衷新技术"", ""二、软件测试工程师"", ""1.热爱编程，熟悉掌握C/C++/ava/Python等编程语言中的一种或多种编程语言，扎实的编程功底:"", ""2.有web开发或测试经验、自动化开发或测试经验者优先。"", ""3.十大/HZ测试、韧性测试、安全测试方法中的一种或多种测试方法，有相关测试语言/脚本的编写和实践经验优先，也可接受纯测试经验的。"", ""4.具备良好的独立工作能力和解决问题能力，善于沟通，乐于合作，热衷新技术:"", ""三、算法工程师"", ""1、熟练掌握Java/C/C++/Python其中一个或多个编程语言，有扎实的编程功底:"", ""2、熟悉机器学习、深度学习或图像算法。""]","[""岗位要求:本科及以上学历，计算机、软件工程、通信等相关专业优先，转行，转专业都欢迎"", ""岗位:C/C++，java，JS，python、Go通用软件开发工程师，软件测试工程师，大数据开发，网络安全"", ""工作:接触并开发核心业务代码，技术栈全面，技术牛人多，技术氛围好"", ""一、软件开发工程师"", ""1.热爱编程，熟悉掌握Java/C++/C/Python/Web开发等编程语言中的一种或多种编程语言，扎实的编程功底:"", ""2.具备良好的独立工作能力和解决问题能力，善于沟通，乐于合作，热衷新技术"", ""二、软件测试工程师"", ""1.热爱编程，熟悉掌握C/C++/ava/Python等编程语言中的一种或多种编程语言，扎实的编程功底:"", ""2.有web开发或测试经验、自动化开发或测试经验者优先。"", ""3.十大/HZ测试、韧性测试、安全测试方法中的一种或多种测试方法，有相关测试语言/脚本的编写和实践经验优先，也可接受纯测试经验的。"", ""4.具备良好的独立工作能力和解决问题能力，善于沟通，乐于合作，热衷新技术:"", ""三、算法工程师"", ""1、熟练掌握Java/C/C++/Python其中一个或多个编程语言，有扎实的编程功底:"", ""2、熟悉机器学习、深度学习或图像算法。""]","[""Python"", ""Java"", ""C语言"", ""Linux开发"", ""嵌入式开发""]","[""Python"", ""Java"", ""C语言"", ""Linux开发"", ""嵌入式开发""]",http://www.zhaopin.com/jobdetail/CC453635220J40897675803.htm,2026-06-18T09:55:02.055Z
job_platform,zhaopin,5,40818710416,python自动化测试工程师（稳定项目+反馈快）,软通动力信息技术(集团)股份有限公司,软件/IT服务,深圳 龙岗,9000,15000,3-5年,本科,2026-05-25 22:56:41,"1、熟悉python等自动化语言
2、有测试开发经验，熟悉常用的自动化测试框架；
3、熟悉常用测试用例设计方法，能够编写测试用例；
4、有穿戴产品相关经验者优先。
要求：踏实稳定，有服务意识，沟通良好。","[""1、熟悉python等自动化语言"", ""2、有测试开发经验，熟悉常用的自动化测试框架；"", ""3、熟悉常用测试用例设计方法，能够编写测试用例；"", ""4、有穿戴产品相关经验者优先。"", ""要求：踏实稳定，有服务意识，沟通良好。""]","[""1、熟悉python等自动化语言"", ""2、有测试开发经验，熟悉常用的自动化测试框架；"", ""3、熟悉常用测试用例设计方法，能够编写测试用例；"", ""4、有穿戴产品相关经验者优先。"", ""要求：踏实稳定，有服务意识，沟通良好。""]","[""Python""]","[""Python""]",http://www.zhaopin.com/jobdetail/CC000544460J40818710416.htm,2026-06-18T09:55:02.055Z
job_platform,zhaopin,5,40859354405,C/C++/Python/JS/C#/JAVA软件开发工程师,外企德科数字技术有限公司,软件/IT服务,深圳 龙岗,2,30000,1-3年,本科,2026-06-18 00:32:49,"全国均有岗位(开发、测试、算法、数据分析等)
岗位要求:
一、软件开发工程师
1.热爱编程，熟悉掌握Java/C++/C/Python/Web开发等编程语言中的一种或多种编程语言扎实的编程功底:
2.具备良好的独立工作能力和解决问题能力，善于沟通，乐于合作，热衷新技术;
二、软件测试工程师:
1.热爱编程，熟悉掌握C/C++/Java/Python等编程语言中的一种或多种编程语言，扎实的编程功底;
2.有web开发或测试经验、自动化开发或测试经验者优先。
3.熟练掌握系统测试、功能测试、专项测试、软件测试、韧性测试、安全测试方法中的一种或多种测试方法，有相关测试语言/脚本的编写和实践经验优先，也可接受纯测试经验的。
4.具备良好的独立工作能力和解决问题能力，善于沟通，乐于合作，热衷新技术;
上班时间：
早上上班打卡时间：8:30-9:00下午下班打卡时间：17:30-18:30
福利待遇：
1：双休，入职缴纳五险一金
2：超长带薪年假
工作地点：深圳/上海/杭州/东莞/南京/武汉/成都","[""全国均有岗位(开发、测试、算法、数据分析等)"", ""岗位要求:"", ""一、软件开发工程师"", ""1.热爱编程，熟悉掌握Java/C++/C/Python/Web开发等编程语言中的一种或多种编程语言扎实的编程功底:"", ""2.具备良好的独立工作能力和解决问题能力，善于沟通，乐于合作，热衷新技术;"", ""二、软件测试工程师:"", ""1.热爱编程，熟悉掌握C/C++/Java/Python等编程语言中的一种或多种编程语言，扎实的编程功底;"", ""2.有web开发或测试经验、自动化开发或测试经验者优先。"", ""3.熟练掌握系统测试、功能测试、专项测试、软件测试、韧性测试、安全测试方法中的一种或多种测试方法，有相关测试语言/脚本的编写和实践经验优先，也可接受纯测试经验的。"", ""4.具备良好的独立工作能力和解决问题能力，善于沟通，乐于合作，热衷新技术;"", ""上班时间："", ""早上上班打卡时间：8:30-9:00下午下班打卡时间：17:30-18:30"", ""福利待遇："", ""1：双休，入职缴纳五险一金"", ""2：超长带薪年假"", ""工作地点：深圳/上海/杭州/东莞/南京/武汉/成都""]","[""全国均有岗位(开发、测试、算法、数据分析等)"", ""岗位要求:"", ""一、软件开发工程师"", ""1.热爱编程，熟悉掌握Java/C++/C/Python/Web开发等编程语言中的一种或多种编程语言扎实的编程功底:"", ""2.具备良好的独立工作能力和解决问题能力，善于沟通，乐于合作，热衷新技术;"", ""二、软件测试工程师:"", ""1.热爱编程，熟悉掌握C/C++/Java/Python等编程语言中的一种或多种编程语言，扎实的编程功底;"", ""2.有web开发或测试经验、自动化开发或测试经验者优先。"", ""3.熟练掌握系统测试、功能测试、专项测试、软件测试、韧性测试、安全测试方法中的一种或多种测试方法，有相关测试语言/脚本的编写和实践经验优先，也可接受纯测试经验的。"", ""4.具备良好的独立工作能力和解决问题能力，善于沟通，乐于合作，热衷新技术;"", ""上班时间："", ""早上上班打卡时间：8:30-9:00下午下班打卡时间：17:30-18:30"", ""福利待遇："", ""1：双休，入职缴纳五险一金"", ""2：超长带薪年假"", ""工作地点：深圳/上海/杭州/东莞/南京/武汉/成都""]","[""C语言"", ""Java"", ""Python""]","[""C语言"", ""Java"", ""Python""]",http://www.zhaopin.com/jobdetail/CCL1480117890J40859354405.htm,2026-06-18T09:55:02.055Z
job_platform,zhaopin,5,40850948307,python开发工程师,深圳市速智翼科技有限公司,软件/IT服务,深圳 福田 车公庙,1,14000,1-3年,本科,2026-05-23 16:42:12,"岗位职责： 1. 参与公司产品或后台系统的架构设计、模块开发与维护，使用Python编写清晰、高效的代码。
 2. 负责后端服务、API接口、数据处理流程或自动化脚本的开发与优化。
 3. 根据业务需求，完成数据库设计、SQL优化及ORM（如SQLAlchemy、Django ORM）的使用。
 4. 参与常见Python Web框架（Django、Flask、FastAPI等）的项目开发，实现业务逻辑。
 5. 编写技术文档、接口文档及运维手册。
 6. 持续改进代码质量、系统性能及安全性，参与代码审查。 
 
 
 岗位描述： 
 1. 计算机相关专业本科及以上学历，1年以上Python开发经验，基础扎实。 
 2. 熟练掌握Python语言，熟悉常用标准库，理解面向对象编程、装饰器、迭代器、上下文管理等特性。 
 3. 至少熟悉一种主流Python Web框架（Django/Flask/FastAPI/Tornado），有实际项目经验。 
 4. 掌握关系型数据库（MySQL/PostgreSQL）及SQL优化，了解Redis/MongoDB等NoSQL。 
 5. 熟悉Linux环境，能够编写Shell脚本，熟练使用Git进行版本管理。 
 
 
 福利待遇： 
1. 正常缴纳五险一金 
2. 正常双休已经法定节假日，加班有加班费或调休。 
3. 公司提供零食，茶饮等。节假日有额外购物卡或礼品。","[""岗位职责： 1. 参与公司产品或后台系统的架构设计、模块开发与维护，使用Python编写清晰、高效的代码。"", ""2. 负责后端服务、API接口、数据处理流程或自动化脚本的开发与优化。"", ""3. 根据业务需求，完成数据库设计、SQL优化及ORM（如SQLAlchemy、Django ORM）的使用。"", ""4. 参与常见Python Web框架（Django、Flask、FastAPI等）的项目开发，实现业务逻辑。"", ""5. 编写技术文档、接口文档及运维手册。"", ""6. 持续改进代码质量、系统性能及安全性，参与代码审查。"", ""岗位描述："", ""1. 计算机相关专业本科及以上学历，1年以上Python开发经验，基础扎实。"", ""2. 熟练掌握Python语言，熟悉常用标准库，理解面向对象编程、装饰器、迭代器、上下文管理等特性。"", ""3. 至少熟悉一种主流Python Web框架（Django/Flask/FastAPI/Tornado），有实际项目经验。"", ""4. 掌握关系型数据库（MySQL/PostgreSQL）及SQL优化，了解Redis/MongoDB等NoSQL。"", ""5. 熟悉Linux环境，能够编写Shell脚本，熟练使用Git进行版本管理。"", ""福利待遇："", ""1. 正常缴纳五险一金"", ""2. 正常双休已经法定节假日，加班有加班费或调休。"", ""3. 公司提供零食，茶饮等。节假日有额外购物卡或礼品。""]","[""岗位职责： 1. 参与公司产品或后台系统的架构设计、模块开发与维护，使用Python编写清晰、高效的代码。"", ""2. 负责后端服务、API接口、数据处理流程或自动化脚本的开发与优化。"", ""3. 根据业务需求，完成数据库设计、SQL优化及ORM（如SQLAlchemy、Django ORM）的使用。"", ""4. 参与常见Python Web框架（Django、Flask、FastAPI等）的项目开发，实现业务逻辑。"", ""5. 编写技术文档、接口文档及运维手册。"", ""6. 持续改进代码质量、系统性能及安全性，参与代码审查。"", ""岗位描述："", ""1. 计算机相关专业本科及以上学历，1年以上Python开发经验，基础扎实。"", ""2. 熟练掌握Python语言，熟悉常用标准库，理解面向对象编程、装饰器、迭代器、上下文管理等特性。"", ""3. 至少熟悉一种主流Python Web框架（Django/Flask/FastAPI/Tornado），有实际项目经验。"", ""4. 掌握关系型数据库（MySQL/PostgreSQL）及SQL优化，了解Redis/MongoDB等NoSQL。"", ""5. 熟悉Linux环境，能够编写Shell脚本，熟练使用Git进行版本管理。"", ""福利待遇："", ""1. 正常缴纳五险一金"", ""2. 正常双休已经法定节假日，加班有加班费或调休。"", ""3. 公司提供零食，茶饮等。节假日有额外购物卡或礼品。""]","[""MySQL"", ""Flask"", ""Django""]","[""MySQL"", ""Flask"", ""Django""]",http://www.zhaopin.com/jobdetail/CCL1524503660J40850948307.htm,2026-06-18T09:55:02.055Z
job_platform,zhaopin,5,40811078716,Python服务器测试工程师(东莞办公+13薪+全额公积金+双休),软通动力信息技术(集团)股份有限公司,软件/IT服务,深圳 龙岗,9000,13000,1-3年,本科,2026-05-22 10:24:36,"岗位职责
 
负责服务器端功能、接口、性能及稳定性测试

 
使用Python/shell开发自动化测试框架和测试工具

 
编写、维护和执行自动化测试用例

 
设计并实施性能测试方案，定位系统瓶颈

 
分析测试结果，撰写测试报告，跟踪问题解决

 
参与需求评审，制定测试计划和测试策略

 
搭建和维护测试环境，包括CI/CD流水线集成

 任职要求
基本要求
 
计算机或相关专业本科及以上学历

 
1年以上服务器测试或开发经验

 
熟练掌握Python编程，有良好的编码习惯

 技术能力
 
熟悉Linux操作系统和常用命令

 
掌握HTTP/HTTPS、TCP/IP等网络协议

 
熟悉至少一种数据库（MySQL/Redis）

 
了解Docker容器技术和常用中间件

 
有性能测试经验，熟悉压测工具（如Locust、JMeter）

 测试技能
 
熟悉软件测试流程和方法

 
掌握自动化测试框架（如pytest、unittest）

 
熟悉接口测试工具（如Postman）

 
了解持续集成工具（如Jenkins、GitLab CI）","[""岗位职责"", ""负责服务器端功能、接口、性能及稳定性测试"", ""使用Python/shell开发自动化测试框架和测试工具"", ""编写、维护和执行自动化测试用例"", ""设计并实施性能测试方案，定位系统瓶颈"", ""分析测试结果，撰写测试报告，跟踪问题解决"", ""参与需求评审，制定测试计划和测试策略"", ""搭建和维护测试环境，包括CI/CD流水线集成"", ""任职要求"", ""基本要求"", ""计算机或相关专业本科及以上学历"", ""1年以上服务器测试或开发经验"", ""熟练掌握Python编程，有良好的编码习惯"", ""技术能力"", ""熟悉Linux操作系统和常用命令"", ""掌握HTTP/HTTPS、TCP/IP等网络协议"", ""熟悉至少一种数据库（MySQL/Redis）"", ""了解Docker容器技术和常用中间件"", ""有性能测试经验，熟悉压测工具（如Locust、JMeter）"", ""测试技能"", ""熟悉软件测试流程和方法"", ""掌握自动化测试框架（如pytest、unittest）"", ""熟悉接口测试工具（如Postman）"", ""了解持续集成工具（如Jenkins、GitLab CI）""]","[""岗位职责"", ""负责服务器端功能、接口、性能及稳定性测试"", ""使用Python/shell开发自动化测试框架和测试工具"", ""编写、维护和执行自动化测试用例"", ""设计并实施性能测试方案，定位系统瓶颈"", ""分析测试结果，撰写测试报告，跟踪问题解决"", ""参与需求评审，制定测试计划和测试策略"", ""搭建和维护测试环境，包括CI/CD流水线集成"", ""任职要求"", ""基本要求"", ""计算机或相关专业本科及以上学历"", ""1年以上服务器测试或开发经验"", ""熟练掌握Python编程，有良好的编码习惯"", ""技术能力"", ""熟悉Linux操作系统和常用命令"", ""掌握HTTP/HTTPS、TCP/IP等网络协议"", ""熟悉至少一种数据库（MySQL/Redis）"", ""了解Docker容器技术和常用中间件"", ""有性能测试经验，熟悉压测工具（如Locust、JMeter）"", ""测试技能"", ""熟悉软件测试流程和方法"", ""掌握自动化测试框架（如pytest、unittest）"", ""熟悉接口测试工具（如Postman）"", ""了解持续集成工具（如Jenkins、GitLab CI）""]","[""Python"", ""Shell"", ""测试开发"", ""服务端测试"", ""接口测试"", ""Selenium"", ""Jmeter""]","[""Python"", ""Shell"", ""测试开发"", ""服务端测试"", ""接口测试"", ""Selenium"", ""Jmeter""]",http://www.zhaopin.com/jobdetail/CC000544460J40811078716.htm,2026-06-18T09:55:02.055Z
job_platform,zhaopin,5,40865268705,Java/C/C++/Python/JS 软件开发测试,外企德科数字技术有限公司,软件/IT服务,深圳 龙岗,2,30000,经验不限,本科,2026-06-18 00:33:11,"面向全国研究所招聘，挂的是通用岗位JD，各种技术岗位都有哦！接受无经验转行的同学！ 业务技能要求： 
1、掌握C/C++/Java/Python/JS等主流开发语言的一种； 
2、有Linux开发经验和Shell等脚本使用经验；了解常用的软件架构模式、基本的编程编译工具； 
3、 具有良好的沟通能力，对技术有激情，喜欢钻研，能快速接受和掌握新技术，有较强的独立、主动的学习能力。 
 【福利】 
 入职全额缴纳六险一金，试用期不打折，绩效双薪，每年两次绩效调薪机会，带薪年假，有班车和食堂，独立办公园区，转行转专业的同学也可以，试用期有大佬带教！","[""面向全国研究所招聘，挂的是通用岗位JD，各种技术岗位都有哦！接受无经验转行的同学！ 业务技能要求："", ""1、掌握C/C++/Java/Python/JS等主流开发语言的一种；"", ""2、有Linux开发经验和Shell等脚本使用经验；了解常用的软件架构模式、基本的编程编译工具；"", ""3、 具有良好的沟通能力，对技术有激情，喜欢钻研，能快速接受和掌握新技术，有较强的独立、主动的学习能力。"", ""【福利】"", ""入职全额缴纳六险一金，试用期不打折，绩效双薪，每年两次绩效调薪机会，带薪年假，有班车和食堂，独立办公园区，转行转专业的同学也可以，试用期有大佬带教！""]","[""面向全国研究所招聘，挂的是通用岗位JD，各种技术岗位都有哦！接受无经验转行的同学！ 业务技能要求："", ""1、掌握C/C++/Java/Python/JS等主流开发语言的一种；"", ""2、有Linux开发经验和Shell等脚本使用经验；了解常用的软件架构模式、基本的编程编译工具；"", ""3、 具有良好的沟通能力，对技术有激情，喜欢钻研，能快速接受和掌握新技术，有较强的独立、主动的学习能力。"", ""【福利】"", ""入职全额缴纳六险一金，试用期不打折，绩效双薪，每年两次绩效调薪机会，带薪年假，有班车和食堂，独立办公园区，转行转专业的同学也可以，试用期有大佬带教！""]","[""C++"", ""Python"", ""C"", ""Java"", ""JS""]","[""C++"", ""Python"", ""C"", ""Java"", ""JS""]",http://www.zhaopin.com/jobdetail/CCL1480117890J40865268705.htm,2026-06-18T09:55:02.055Z
job_platform,zhaopin,5,40942700602,Python,成都迈思信息技术有限公司,软件/IT服务,深圳 南山,1,18000,3-5年,大专,2026-05-21 13:53:23,"1、3 年及以上 Python 开发经验；
2、熟练掌握 Python 及常用生态：FastAPI/Flask/Django、Asyncio、Pydantic、SQLAlchemy 等；
3、良好的系统设计能力、问题排查能力与代码规范意识；
4、具备自动化工作流、AI 应用产品落地经验优先；
5、具备 LangChain/LangGraph/AgentScope 等框架实际使用经验优先。
加分项：
1、有实际 AI Agent 项目开发经验，理解并实现过：ReAct、Reflection、Tool Use、Agent 调度/编排；
2、熟悉数据库（MySQL/PostgreSQL）、Redis、消息队列、Docker 部署；
3、熟悉Java/TypeScript/Rust等其他开发语言等。","[""1、3 年及以上 Python 开发经验；"", ""2、熟练掌握 Python 及常用生态：FastAPI/Flask/Django、Asyncio、Pydantic、SQLAlchemy 等；"", ""3、良好的系统设计能力、问题排查能力与代码规范意识；"", ""4、具备自动化工作流、AI 应用产品落地经验优先；"", ""5、具备 LangChain/LangGraph/AgentScope 等框架实际使用经验优先。"", ""加分项："", ""1、有实际 AI Agent 项目开发经验，理解并实现过：ReAct、Reflection、Tool Use、Agent 调度/编排；"", ""2、熟悉数据库（MySQL/PostgreSQL）、Redis、消息队列、Docker 部署；"", ""3、熟悉Java/TypeScript/Rust等其他开发语言等。""]","[""1、3 年及以上 Python 开发经验；"", ""2、熟练掌握 Python 及常用生态：FastAPI/Flask/Django、Asyncio、Pydantic、SQLAlchemy 等；"", ""3、良好的系统设计能力、问题排查能力与代码规范意识；"", ""4、具备自动化工作流、AI 应用产品落地经验优先；"", ""5、具备 LangChain/LangGraph/AgentScope 等框架实际使用经验优先。"", ""加分项："", ""1、有实际 AI Agent 项目开发经验，理解并实现过：ReAct、Reflection、Tool Use、Agent 调度/编排；"", ""2、熟悉数据库（MySQL/PostgreSQL）、Redis、消息队列、Docker 部署；"", ""3、熟悉Java/TypeScript/Rust等其他开发语言等。""]","[""Django"", ""Flask"", ""SQLServer""]","[""Django"", ""Flask"", ""SQLServer""]",http://www.zhaopin.com/jobdetail/CC153170410J40942700602.htm,2026-06-18T09:55:02.055Z
job_platform,zhaopin,5,40905219312,Python开发工程师（周末双休，长期稳定）,中软国际,软件/IT服务,深圳 龙岗,面议,面议,3-5年,本科,2026-05-20 14:53:03,"工作职责
 负责基于Python技术栈的业务系统开发、功能迭代与代码维护。
 参与需求分析与技术方案设计，确保开发成果符合业务需求与质量标准。
 排查并解决系统运行中的技术问题，保障服务的稳定性与性能优化。
 与产品、测试团队协作，推动项目高效交付。
 
任职要求
 本科及以上学历，计算机相关专业，基础扎实。
 2年以上Python开发经验，精通Python语法及常用数据结构。
 熟悉至少一种Web框架（如Django、Flask），掌握数据库（MySQL/PostgreSQL）操作与SQL优化。
 具备良好的代码规范意识与问题排查能力，能独立完成模块开发。","[""工作职责"", ""负责基于Python技术栈的业务系统开发、功能迭代与代码维护。"", ""参与需求分析与技术方案设计，确保开发成果符合业务需求与质量标准。"", ""排查并解决系统运行中的技术问题，保障服务的稳定性与性能优化。"", ""与产品、测试团队协作，推动项目高效交付。"", ""任职要求"", ""本科及以上学历，计算机相关专业，基础扎实。"", ""2年以上Python开发经验，精通Python语法及常用数据结构。"", ""熟悉至少一种Web框架（如Django、Flask），掌握数据库（MySQL/PostgreSQL）操作与SQL优化。"", ""具备良好的代码规范意识与问题排查能力，能独立完成模块开发。""]","[""工作职责"", ""负责基于Python技术栈的业务系统开发、功能迭代与代码维护。"", ""参与需求分析与技术方案设计，确保开发成果符合业务需求与质量标准。"", ""排查并解决系统运行中的技术问题，保障服务的稳定性与性能优化。"", ""与产品、测试团队协作，推动项目高效交付。"", ""任职要求"", ""本科及以上学历，计算机相关专业，基础扎实。"", ""2年以上Python开发经验，精通Python语法及常用数据结构。"", ""熟悉至少一种Web框架（如Django、Flask），掌握数据库（MySQL/PostgreSQL）操作与SQL优化。"", ""具备良好的代码规范意识与问题排查能力，能独立完成模块开发。""]","[""Django"", ""Flask"", ""Shell"", ""MySQL"", ""Oracle""]","[""Django"", ""Flask"", ""Shell"", ""MySQL"", ""Oracle""]",http://www.zhaopin.com/jobdetail/CC508620120J40905219312.htm,2026-06-18T09:55:02.055Z
job_platform,zhaopin,5,40871869205,软件开发工程师（Python/Java方向）,外企德科数字技术有限公司,软件/IT服务,深圳 龙岗,2,25000,经验不限,本科,2026-06-18 00:33:43,"职位描述
我们正在招聘软件开发工程师，工作地点深圳，参与大型科技研发项目。项目方向涵盖智能汽车、智能座舱、车云、车载网络、新能源、云与AI、高性能计算、5G、芯片、光通信、路由交换等领域。
岗位会根据候选人的技术背景、项目需求和面试情况进行方向匹配，不要求候选人同时具备全部领域经验。
岗位职责
参与业务系统、平台工具或相关软件模块的开发与维护；
根据需求完成功能开发、接口联调、问题定位与优化；
编写清晰、可维护的代码，保障版本质量与稳定交付；
配合测试、产品及研发团队推动项目落地；
参与自动化工具、平台能力或工程效率相关建设工作。
任职要求
本科及以上学历，计算机、软件、通信、电子、自动化等相关专业优先；
熟悉 Python、Java、C/C++、JavaScript 等至少一种编程语言；
具备基础编程能力和良好的编码习惯；
了解常见数据结构与算法，能够完成基础编码题；
具备良好的学习能力、分析能力和沟通协作能力；
有开发、脚本、自动化、工具平台相关经验者优先；
1年以上相关经验优先，优秀应届毕业生也可投递。
面试说明
面试包含机试，主要考察基础编程能力、逻辑分析能力以及常见数据结构与算法应用能力。
薪酬福利
12K-25K，具体根据经验和能力综合评定；
底薪+绩效+年终奖；
五险一金全额缴纳；
双休，带薪年假5-15天；
健身房、班车、加班打车报销等福利。","[""职位描述"", ""我们正在招聘软件开发工程师，工作地点深圳，参与大型科技研发项目。项目方向涵盖智能汽车、智能座舱、车云、车载网络、新能源、云与AI、高性能计算、5G、芯片、光通信、路由交换等领域。"", ""岗位会根据候选人的技术背景、项目需求和面试情况进行方向匹配，不要求候选人同时具备全部领域经验。"", ""岗位职责"", ""参与业务系统、平台工具或相关软件模块的开发与维护；"", ""根据需求完成功能开发、接口联调、问题定位与优化；"", ""编写清晰、可维护的代码，保障版本质量与稳定交付；"", ""配合测试、产品及研发团队推动项目落地；"", ""参与自动化工具、平台能力或工程效率相关建设工作。"", ""任职要求"", ""本科及以上学历，计算机、软件、通信、电子、自动化等相关专业优先；"", ""熟悉 Python、Java、C/C++、JavaScript 等至少一种编程语言；"", ""具备基础编程能力和良好的编码习惯；"", ""了解常见数据结构与算法，能够完成基础编码题；"", ""具备良好的学习能力、分析能力和沟通协作能力；"", ""有开发、脚本、自动化、工具平台相关经验者优先；"", ""1年以上相关经验优先，优秀应届毕业生也可投递。"", ""面试说明"", ""面试包含机试，主要考察基础编程能力、逻辑分析能力以及常见数据结构与算法应用能力。"", ""薪酬福利"", ""12K-25K，具体根据经验和能力综合评定；"", ""底薪+绩效+年终奖；"", ""五险一金全额缴纳；"", ""双休，带薪年假5-15天；"", ""健身房、班车、加班打车报销等福利。""]","[""职位描述"", ""我们正在招聘软件开发工程师，工作地点深圳，参与大型科技研发项目。项目方向涵盖智能汽车、智能座舱、车云、车载网络、新能源、云与AI、高性能计算、5G、芯片、光通信、路由交换等领域。"", ""岗位会根据候选人的技术背景、项目需求和面试情况进行方向匹配，不要求候选人同时具备全部领域经验。"", ""岗位职责"", ""参与业务系统、平台工具或相关软件模块的开发与维护；"", ""根据需求完成功能开发、接口联调、问题定位与优化；"", ""编写清晰、可维护的代码，保障版本质量与稳定交付；"", ""配合测试、产品及研发团队推动项目落地；"", ""参与自动化工具、平台能力或工程效率相关建设工作。"", ""任职要求"", ""本科及以上学历，计算机、软件、通信、电子、自动化等相关专业优先；"", ""熟悉 Python、Java、C/C++、JavaScript 等至少一种编程语言；"", ""具备基础编程能力和良好的编码习惯；"", ""了解常见数据结构与算法，能够完成基础编码题；"", ""具备良好的学习能力、分析能力和沟通协作能力；"", ""有开发、脚本、自动化、工具平台相关经验者优先；"", ""1年以上相关经验优先，优秀应届毕业生也可投递。"", ""面试说明"", ""面试包含机试，主要考察基础编程能力、逻辑分析能力以及常见数据结构与算法应用能力。"", ""薪酬福利"", ""12K-25K，具体根据经验和能力综合评定；"", ""底薪+绩效+年终奖；"", ""五险一金全额缴纳；"", ""双休，带薪年假5-15天；"", ""健身房、班车、加班打车报销等福利。""]","[""Java"", ""Shell"", ""Python""]","[""Java"", ""Shell"", ""Python""]",http://www.zhaopin.com/jobdetail/CCL1480117890J40871869205.htm,2026-06-18T09:55:02.055Z
job_platform,zhaopin,5,40856264614,python后端开发工程师助理,深圳市智元数创科技有限公司,软件/IT服务,深圳 南山,8000,13000,1-3年,本科,2026-05-18 10:21:25,"工作职责
1. 参与后端服务基础功能的编码实现与日常运维，保障系统稳定运行。
2. 在技术指导下完成接口定义、数据交互逻辑的开发与调试工作。
3. 协助编写单元测试用例，参与系统模块的问题排查与缺陷修复。
4. 负责技术文档的整理与更新，确保开发流程的规范性与可追溯性。
5. 配合前后端团队完成系统集成与联调，支撑业务功能的端到端交付。
任职要求
1. 本科及以上学历，计算机相关专业优先。
2. 熟练掌握Python语言，具备基础编程能力及相关项目实践经验。
3. 了解Django/Flask等主流Web框架的基本使用逻辑。
4. 熟悉MySQL等关系型数据库操作，能独立编写常规SQL语句。
5. 掌握Git等版本控制工具的基础操作，了解团队协作流程。
6. 具备良好的逻辑思维与快速学习能力，能高效掌握新技术栈。
7. 拥有团队协作意识，沟通积极主动，工作态度严谨负责。","[""工作职责"", ""1. 参与后端服务基础功能的编码实现与日常运维，保障系统稳定运行。"", ""2. 在技术指导下完成接口定义、数据交互逻辑的开发与调试工作。"", ""3. 协助编写单元测试用例，参与系统模块的问题排查与缺陷修复。"", ""4. 负责技术文档的整理与更新，确保开发流程的规范性与可追溯性。"", ""5. 配合前后端团队完成系统集成与联调，支撑业务功能的端到端交付。"", ""任职要求"", ""1. 本科及以上学历，计算机相关专业优先。"", ""2. 熟练掌握Python语言，具备基础编程能力及相关项目实践经验。"", ""3. 了解Django/Flask等主流Web框架的基本使用逻辑。"", ""4. 熟悉MySQL等关系型数据库操作，能独立编写常规SQL语句。"", ""5. 掌握Git等版本控制工具的基础操作，了解团队协作流程。"", ""6. 具备良好的逻辑思维与快速学习能力，能高效掌握新技术栈。"", ""7. 拥有团队协作意识，沟通积极主动，工作态度严谨负责。""]","[""工作职责"", ""1. 参与后端服务基础功能的编码实现与日常运维，保障系统稳定运行。"", ""2. 在技术指导下完成接口定义、数据交互逻辑的开发与调试工作。"", ""3. 协助编写单元测试用例，参与系统模块的问题排查与缺陷修复。"", ""4. 负责技术文档的整理与更新，确保开发流程的规范性与可追溯性。"", ""5. 配合前后端团队完成系统集成与联调，支撑业务功能的端到端交付。"", ""任职要求"", ""1. 本科及以上学历，计算机相关专业优先。"", ""2. 熟练掌握Python语言，具备基础编程能力及相关项目实践经验。"", ""3. 了解Django/Flask等主流Web框架的基本使用逻辑。"", ""4. 熟悉MySQL等关系型数据库操作，能独立编写常规SQL语句。"", ""5. 掌握Git等版本控制工具的基础操作，了解团队协作流程。"", ""6. 具备良好的逻辑思维与快速学习能力，能高效掌握新技术栈。"", ""7. 拥有团队协作意识，沟通积极主动，工作态度严谨负责。""]","[""Flask"", ""MySQL"", ""后端服务开发"", ""系统集成与联调"", ""技术文档整理"", ""Python""]","[""Flask"", ""MySQL"", ""后端服务开发"", ""系统集成与联调"", ""技术文档整理"", ""Python""]",http://www.zhaopin.com/jobdetail/CCL1522430040J40856264614.htm,2026-06-18T09:55:02.055Z
job_platform,zhaopin,5,40774491406,python开发（AI应用）,深圳市法本信息技术股份有限公司,软件/IT服务,深圳 南山,1,14000,3-5年,本科,2026-05-14 17:05:14,"岗位职责：
1、与产品、算法、前端协作，落地智能助理、自动化工作流、多Agent协同等场景;
2、参与Agent架构优化、性能调优、稳定性保障与异常处理;
3、参与编写技术文档、单元测试与集成测试，保障代码质里与可维护性。
任职要求：
1、3年及以上Python开发经验;
2、熟练握 Python 及常用生态:FastAPI/Flask/Django、AsyneioPydantic、 SQLAlchemy 等;
3、良好的系统设计能力、问题排查能力与代码规范意识;
4、具备自动化工作流、AI应用产品落地经验优先;","[""岗位职责："", ""1、与产品、算法、前端协作，落地智能助理、自动化工作流、多Agent协同等场景;"", ""2、参与Agent架构优化、性能调优、稳定性保障与异常处理;"", ""3、参与编写技术文档、单元测试与集成测试，保障代码质里与可维护性。"", ""任职要求："", ""1、3年及以上Python开发经验;"", ""2、熟练握 Python 及常用生态:FastAPI/Flask/Django、AsyneioPydantic、 SQLAlchemy 等;"", ""3、良好的系统设计能力、问题排查能力与代码规范意识;"", ""4、具备自动化工作流、AI应用产品落地经验优先;""]","[""岗位职责："", ""1、与产品、算法、前端协作，落地智能助理、自动化工作流、多Agent协同等场景;"", ""2、参与Agent架构优化、性能调优、稳定性保障与异常处理;"", ""3、参与编写技术文档、单元测试与集成测试，保障代码质里与可维护性。"", ""任职要求："", ""1、3年及以上Python开发经验;"", ""2、熟练握 Python 及常用生态:FastAPI/Flask/Django、AsyneioPydantic、 SQLAlchemy 等;"", ""3、良好的系统设计能力、问题排查能力与代码规范意识;"", ""4、具备自动化工作流、AI应用产品落地经验优先;""]","[""AI应用""]","[""AI应用""]",http://www.zhaopin.com/jobdetail/CC385622410J40774491406.htm,2026-06-18T09:55:02.055Z
job_platform,zhaopin,5,40840047005,JAVA/C++/C/Python 14薪双休 应届生可投,外企德科数字技术有限公司,软件/IT服务,深圳 龙岗,2,30000,经验不限,本科,2026-06-18 00:31:45,"任职要求
1.热爱编程、基础扎实、熟练掌握JAVA/C++/C/Python等编程语言中的一种或多种，有良好的编程习惯；
2.对常见数据结构、算法、TCP/IP协议等有一定了解；
3.有很强的钻研技术精神，责任心，具备良好的沟通能力和团队协作能力。","[""任职要求"", ""1.热爱编程、基础扎实、熟练掌握JAVA/C++/C/Python等编程语言中的一种或多种，有良好的编程习惯；"", ""2.对常见数据结构、算法、TCP/IP协议等有一定了解；"", ""3.有很强的钻研技术精神，责任心，具备良好的沟通能力和团队协作能力。""]","[""任职要求"", ""1.热爱编程、基础扎实、熟练掌握JAVA/C++/C/Python等编程语言中的一种或多种，有良好的编程习惯；"", ""2.对常见数据结构、算法、TCP/IP协议等有一定了解；"", ""3.有很强的钻研技术精神，责任心，具备良好的沟通能力和团队协作能力。""]","[""JavaScript"", ""Python"", ""C++""]","[""JavaScript"", ""Python"", ""C++""]",http://www.zhaopin.com/jobdetail/CCL1480117890J40840047005.htm,2026-06-18T09:55:02.055Z
job_platform,zhaopin,1,40828774116,python开发,软通动力信息技术(集团)股份有限公司,软件/IT服务,深圳 南山 粤海,14001,18000,5-10年,本科,2026-07-03 17:59:10,"<div> 优先熟悉python、LangChain、LangGraph，熟悉Java的可加分</div><div> 
</div>1、负责人工智能核心算法设计、建模、训练、调优与落地
2、基于业务需求梳理数据逻辑，设计数据预处理、特征工程、模型训练全流程方案，使用 PyTorch/TensorFlow/JAX 等框架搭建深度学习网络；
3、对接工程、产品团队，输出可部署的模型权重、推理脚本，配合完成模型压缩、量化、蒸馏，实现线上服务化；"" ""一、工作经验
1. 具备6-7年整体软件技术开发工作经验；
2. 拥有至少2年AI相关技术独立开发落地经验。
二、专业能力
1. 熟练掌握至少一门主流开发语言，具备完整项目从需求、编码、测试到上线的全流程开发能力；
2. 熟悉AI相关技术体系，如大模型应用、向量数据库、提示词工程、AI微调、RAG、多模态等至少一类技术实战落地经验；
3. 具备独立负责AI模块/AI项目开发、问题调优、性能优化能力，有完整AI项目落地案例；
4. 熟悉后端架构、接口开发、数据处理，能结合业务场景完成AI方案设计与开发；
5. 具备良好的代码规范、单元测试、文档编写习惯，具备线上问题排查与解决能力。
三、综合素养
1. 逻辑思维清晰，具备较强自主学习能力，跟进AI新技术并落地实践；
2. 良好沟通协作能力，可与产品、测试、业务团队对接需求；
3. 责任心强，抗压能力良好，有独立攻坚复杂技术问题的能力。","[""<div> 优先熟悉python、LangChain、LangGraph，熟悉Java的可加分</div><div>"", ""</div>1、负责人工智能核心算法设计、建模、训练、调优与落地"", ""2、基于业务需求梳理数据逻辑，设计数据预处理、特征工程、模型训练全流程方案，使用 PyTorch/TensorFlow/JAX 等框架搭建深度学习网络；"", ""3、对接工程、产品团队，输出可部署的模型权重、推理脚本，配合完成模型压缩、量化、蒸馏，实现线上服务化；\"" \""一、工作经验"", ""1. 具备6-7年整体软件技术开发工作经验；"", ""2. 拥有至少2年AI相关技术独立开发落地经验。"", ""二、专业能力"", ""1. 熟练掌握至少一门主流开发语言，具备完整项目从需求、编码、测试到上线的全流程开发能力；"", ""2. 熟悉AI相关技术体系，如大模型应用、向量数据库、提示词工程、AI微调、RAG、多模态等至少一类技术实战落地经验；"", ""3. 具备独立负责AI模块/AI项目开发、问题调优、性能优化能力，有完整AI项目落地案例；"", ""4. 熟悉后端架构、接口开发、数据处理，能结合业务场景完成AI方案设计与开发；"", ""5. 具备良好的代码规范、单元测试、文档编写习惯，具备线上问题排查与解决能力。"", ""三、综合素养"", ""1. 逻辑思维清晰，具备较强自主学习能力，跟进AI新技术并落地实践；"", ""2. 良好沟通协作能力，可与产品、测试、业务团队对接需求；"", ""3. 责任心强，抗压能力良好，有独立攻坚复杂技术问题的能力。""]","[""<div> 优先熟悉python、LangChain、LangGraph，熟悉Java的可加分</div><div>"", ""</div>1、负责人工智能核心算法设计、建模、训练、调优与落地"", ""2、基于业务需求梳理数据逻辑，设计数据预处理、特征工程、模型训练全流程方案，使用 PyTorch/TensorFlow/JAX 等框架搭建深度学习网络；"", ""3、对接工程、产品团队，输出可部署的模型权重、推理脚本，配合完成模型压缩、量化、蒸馏，实现线上服务化；\"" \""一、工作经验"", ""1. 具备6-7年整体软件技术开发工作经验；"", ""2. 拥有至少2年AI相关技术独立开发落地经验。"", ""二、专业能力"", ""1. 熟练掌握至少一门主流开发语言，具备完整项目从需求、编码、测试到上线的全流程开发能力；"", ""2. 熟悉AI相关技术体系，如大模型应用、向量数据库、提示词工程、AI微调、RAG、多模态等至少一类技术实战落地经验；"", ""3. 具备独立负责AI模块/AI项目开发、问题调优、性能优化能力，有完整AI项目落地案例；"", ""4. 熟悉后端架构、接口开发、数据处理，能结合业务场景完成AI方案设计与开发；"", ""5. 具备良好的代码规范、单元测试、文档编写习惯，具备线上问题排查与解决能力。"", ""三、综合素养"", ""1. 逻辑思维清晰，具备较强自主学习能力，跟进AI新技术并落地实践；"", ""2. 良好沟通协作能力，可与产品、测试、业务团队对接需求；"", ""3. 责任心强，抗压能力良好，有独立攻坚复杂技术问题的能力。""]","[""Python"", ""本科"", ""5-10年"", ""人工智能""]","[""Python"", ""本科"", ""5-10年"", ""人工智能""]",http://www.zhaopin.com/jobdetail/CC000544460J40828774116.htm,2026-07-04T08:09:11.797Z
job_platform,zhaopin,1,40835283105,Java/python/JS/C++/测试(核心项目 年终奖),外企德科数字技术有限公司,软件/IT服务,深圳 龙岗 坂田,18001,35000,经验不限,本科,2026-07-04 00:30:58,"核心项目开发
Java/python/JS/C++/测试，均有岗位在招聘
【福利待遇】
1、薪资open+14-16薪
2、入职全额六险一金+双休，双倍加班费+加班餐补+加班打车 报销
3、上下班有班车，园区有饭堂、免费健身房
4、资深导师一对一带教
【岗位要求】
1、计算机、软件、通信等相关专业本科及以上学历，专业优秀者可放宽；
2、热爱编程，基础扎实，熟悉掌握 测试/Java/python/JS/C++编程语言，有良好的编程习惯；
3、具备独立工作能力和解决问题的能力、善于沟通，乐于合作，热衷新技术，善于总结分享，喜欢动手实践；
4、对数据结构、算法有一定了解；","[""核心项目开发"", ""Java/python/JS/C++/测试，均有岗位在招聘"", ""【福利待遇】"", ""1、薪资open+14-16薪"", ""2、入职全额六险一金+双休，双倍加班费+加班餐补+加班打车 报销"", ""3、上下班有班车，园区有饭堂、免费健身房"", ""4、资深导师一对一带教"", ""【岗位要求】"", ""1、计算机、软件、通信等相关专业本科及以上学历，专业优秀者可放宽；"", ""2、热爱编程，基础扎实，熟悉掌握 测试/Java/python/JS/C++编程语言，有良好的编程习惯；"", ""3、具备独立工作能力和解决问题的能力、善于沟通，乐于合作，热衷新技术，善于总结分享，喜欢动手实践；"", ""4、对数据结构、算法有一定了解；""]","[""核心项目开发"", ""Java/python/JS/C++/测试，均有岗位在招聘"", ""【福利待遇】"", ""1、薪资open+14-16薪"", ""2、入职全额六险一金+双休，双倍加班费+加班餐补+加班打车 报销"", ""3、上下班有班车，园区有饭堂、免费健身房"", ""4、资深导师一对一带教"", ""【岗位要求】"", ""1、计算机、软件、通信等相关专业本科及以上学历，专业优秀者可放宽；"", ""2、热爱编程，基础扎实，熟悉掌握 测试/Java/python/JS/C++编程语言，有良好的编程习惯；"", ""3、具备独立工作能力和解决问题的能力、善于沟通，乐于合作，热衷新技术，善于总结分享，喜欢动手实践；"", ""4、对数据结构、算法有一定了解；""]","[""Java"", ""Python"", ""Golang"", ""C/C++"", ""软件测试"", ""Windows"", ""Linux"", ""本科"", ""计算机软件"", ""软件/IT服务"", ""年终奖"", ""14-16薪"", ""六险一金"", ""双倍加班费"", ""加班餐补"", ""上下班有班车"", ""免费健身房"", ""导师一对一带教"", ""加班补助"", ""免费班车"", ""免费健身"", ""大牛带队""]","[""Java"", ""Python"", ""Golang"", ""C/C++"", ""软件测试"", ""Windows"", ""Linux"", ""本科"", ""计算机软件"", ""软件/IT服务"", ""年终奖"", ""14-16薪"", ""六险一金"", ""双倍加班费"", ""加班餐补"", ""上下班有班车"", ""免费健身房"", ""导师一对一带教"", ""加班补助"", ""免费班车"", ""免费健身"", ""大牛带队""]",http://www.zhaopin.com/jobdetail/CCL1480117890J40835283105.htm,2026-07-04T08:09:11.797Z
job_platform,zhaopin,1,40828540716,Python（HW业务+急招骨干+入职offer快）,软通动力信息技术(集团)股份有限公司,软件/IT服务,深圳 龙岗 坂田,9001,15000,1-3年,本科,2026-07-02 18:00:14,"1. 负责基于python的软件快速开发、相关优化以及产品部署 ； 
2、搭建系统开发环境，完成系统框架和核心代码的实现，负责解决开发过程中的技术问题； 
3、精通 python 语言开发，有1-3年以上后台开发经验； 
4、熟悉web开发框架（django/tornado/flask），熟悉Linux操作系统及shell编程，熟悉BootStrap，熟练使用HTML，CSS，JavaScript等基本前端技术； 
5、熟悉mysql，redis，mongo等常用数据库，具有数据库开发和设计能力； 
6、了解异步框架、集群与负载均衡，消息中间件，容灾备份等技术；
职位福利：五险一金、绩效奖金、加班补助、定期体检、节日福利、带薪年假、周末双休、公司重点项目","[""1. 负责基于python的软件快速开发、相关优化以及产品部署 ；"", ""2、搭建系统开发环境，完成系统框架和核心代码的实现，负责解决开发过程中的技术问题；"", ""3、精通 python 语言开发，有1-3年以上后台开发经验；"", ""4、熟悉web开发框架（django/tornado/flask），熟悉Linux操作系统及shell编程，熟悉BootStrap，熟练使用HTML，CSS，JavaScript等基本前端技术；"", ""5、熟悉mysql，redis，mongo等常用数据库，具有数据库开发和设计能力；"", ""6、了解异步框架、集群与负载均衡，消息中间件，容灾备份等技术；"", ""职位福利：五险一金、绩效奖金、加班补助、定期体检、节日福利、带薪年假、周末双休、公司重点项目""]","[""1. 负责基于python的软件快速开发、相关优化以及产品部署 ；"", ""2、搭建系统开发环境，完成系统框架和核心代码的实现，负责解决开发过程中的技术问题；"", ""3、精通 python 语言开发，有1-3年以上后台开发经验；"", ""4、熟悉web开发框架（django/tornado/flask），熟悉Linux操作系统及shell编程，熟悉BootStrap，熟练使用HTML，CSS，JavaScript等基本前端技术；"", ""5、熟悉mysql，redis，mongo等常用数据库，具有数据库开发和设计能力；"", ""6、了解异步框架、集群与负载均衡，消息中间件，容灾备份等技术；"", ""职位福利：五险一金、绩效奖金、加班补助、定期体检、节日福利、带薪年假、周末双休、公司重点项目""]","[""Python"", ""本科"", ""1-3年"", ""软件/IT服务"", ""五险一金"", ""绩效奖金"", ""加班补助"", ""定期体检"", ""节日福利"", ""带薪年假"", ""周末双休"", ""体检福利"", ""节日慰问"", ""带薪假期""]","[""Python"", ""本科"", ""1-3年"", ""软件/IT服务"", ""五险一金"", ""绩效奖金"", ""加班补助"", ""定期体检"", ""节日福利"", ""带薪年假"", ""周末双休"", ""体检福利"", ""节日慰问"", ""带薪假期""]",http://www.zhaopin.com/jobdetail/CC000544460J40828540716.htm,2026-07-04T08:09:11.797Z
job_platform,zhaopin,1,40906642303,后端开发工程师（python/Java/golang）,科锐尔人力资源服务(苏州)有限公司,人力资源,深圳 南山 西丽,10001,17000,5-10年,大专,2026-07-02 15:59:09,"岗位职责：
1. 负责自动驾驶相关业务系统或企业IT系统的设计开发和维护，及相关AI Agent的开发工作；
2. 根据业务需求进行系统设计和开发，确保系统的稳定性和可扩展性；
3. 负责跟进系统线上问题排查解决，持续优化改进系统使用体验。
任职要求：
1. 大专及以上学历，计算机、电子工程或相关专业优先，5年以上Java/Python后端开发经验；
2. 熟悉Spring/SpringBoot/SpringCloud或FastApi/django等框架；
3. 熟悉常见的数据库或中间件，包括但不限于MySQL/Redis/MongoDB/Kafka等；
4. 了解AI Agent开发，了解langchain/openai-agents-sdk等框架，对常用AI工具或组件有一定的了解；
5. 良好的代码与文档编写习惯，对设计模式有一定的了解，熟练掌握常用研发工具使用；
6. 具备较强的技术和业务的学习能力、良好的沟通与团队协作能力，有较强责任心。","[""岗位职责："", ""1. 负责自动驾驶相关业务系统或企业IT系统的设计开发和维护，及相关AI Agent的开发工作；"", ""2. 根据业务需求进行系统设计和开发，确保系统的稳定性和可扩展性；"", ""3. 负责跟进系统线上问题排查解决，持续优化改进系统使用体验。"", ""任职要求："", ""1. 大专及以上学历，计算机、电子工程或相关专业优先，5年以上Java/Python后端开发经验；"", ""2. 熟悉Spring/SpringBoot/SpringCloud或FastApi/django等框架；"", ""3. 熟悉常见的数据库或中间件，包括但不限于MySQL/Redis/MongoDB/Kafka等；"", ""4. 了解AI Agent开发，了解langchain/openai-agents-sdk等框架，对常用AI工具或组件有一定的了解；"", ""5. 良好的代码与文档编写习惯，对设计模式有一定的了解，熟练掌握常用研发工具使用；"", ""6. 具备较强的技术和业务的学习能力、良好的沟通与团队协作能力，有较强责任心。""]","[""岗位职责："", ""1. 负责自动驾驶相关业务系统或企业IT系统的设计开发和维护，及相关AI Agent的开发工作；"", ""2. 根据业务需求进行系统设计和开发，确保系统的稳定性和可扩展性；"", ""3. 负责跟进系统线上问题排查解决，持续优化改进系统使用体验。"", ""任职要求："", ""1. 大专及以上学历，计算机、电子工程或相关专业优先，5年以上Java/Python后端开发经验；"", ""2. 熟悉Spring/SpringBoot/SpringCloud或FastApi/django等框架；"", ""3. 熟悉常见的数据库或中间件，包括但不限于MySQL/Redis/MongoDB/Kafka等；"", ""4. 了解AI Agent开发，了解langchain/openai-agents-sdk等框架，对常用AI工具或组件有一定的了解；"", ""5. 良好的代码与文档编写习惯，对设计模式有一定的了解，熟练掌握常用研发工具使用；"", ""6. 具备较强的技术和业务的学习能力、良好的沟通与团队协作能力，有较强责任心。""]","[""Java"", ""Python"", ""Golang"", ""大专"", ""5-10年""]","[""Java"", ""Python"", ""Golang"", ""大专"", ""5-10年""]",http://www.zhaopin.com/jobdetail/CC453635220J40906642303.htm,2026-07-04T08:09:11.797Z
job_platform,zhaopin,1,40304899916,Python开发工程师,软通动力信息技术(集团)股份有限公司,软件/IT服务,深圳 龙岗 坂田,10001,15000,1-3年,本科,2026-07-02 15:38:18,"Python岗位职责：
1、参与自动化框架功能设计、开发，包括可用性，性能优化；
2、参与手机、平板、车载、穿戴等设备的自动化能力建设；
3、参与框架对接安卓接口，提升白盒自动化能力；
Python任职资格：
1、 统招本科及以上学历，计算机、软件、通信等相关专业；
2、 有终端、车载测试经验，具备相关自动化业务经验优先;
3、 熟练掌握python基础、Linux命令，常见ADB命令；
4、 具备脚本开发能力，熟悉UnitTest、Pytest框架优先；
 
<div>  
</div>","[""Python岗位职责："", ""1、参与自动化框架功能设计、开发，包括可用性，性能优化；"", ""2、参与手机、平板、车载、穿戴等设备的自动化能力建设；"", ""3、参与框架对接安卓接口，提升白盒自动化能力；"", ""Python任职资格："", ""1、 统招本科及以上学历，计算机、软件、通信等相关专业；"", ""2、 有终端、车载测试经验，具备相关自动化业务经验优先;"", ""3、 熟练掌握python基础、Linux命令，常见ADB命令；"", ""4、 具备脚本开发能力，熟悉UnitTest、Pytest框架优先；"", ""<div>"", ""</div>""]","[""Python岗位职责："", ""1、参与自动化框架功能设计、开发，包括可用性，性能优化；"", ""2、参与手机、平板、车载、穿戴等设备的自动化能力建设；"", ""3、参与框架对接安卓接口，提升白盒自动化能力；"", ""Python任职资格："", ""1、 统招本科及以上学历，计算机、软件、通信等相关专业；"", ""2、 有终端、车载测试经验，具备相关自动化业务经验优先;"", ""3、 熟练掌握python基础、Linux命令，常见ADB命令；"", ""4、 具备脚本开发能力，熟悉UnitTest、Pytest框架优先；"", ""<div>"", ""</div>""]","[""Linux"", ""Python"", ""本科"", ""1-3年""]","[""Linux"", ""Python"", ""本科"", ""1-3年""]",http://www.zhaopin.com/jobdetail/CC000544460J40304899916.htm,2026-07-04T08:09:11.797Z
job_platform,zhaopin,1,40906603603,后端开发（python）,科锐尔人力资源服务(苏州)有限公司,人力资源,深圳 南山 西丽,13001,17000,5-10年,大专,2026-07-02 14:34:54,"位职责：
1. 负责自动驾驶相关业务系统或企业IT系统的设计开发和维护，及相关AI Agent的开发工作；
2. 根据业务需求进行系统设计和开发，确保系统的稳定性和可扩展性；
3. 负责跟进系统线上问题排查解决，持续优化改进系统使用体验。
任职要求：
1. 大专及以上学历，计算机、电子工程或相关专业优先，5年以上Java/Python后端开发经验；
2. 熟悉Spring/SpringBoot/SpringCloud或FastApi/django等框架；
3. 熟悉常见的数据库或中间件，包括但不限于MySQL/Redis/MongoDB/Kafka等；
4. 了解AI Agent开发，了解langchain/openai-agents-sdk等框架，对常用AI工具或组件有一定的了解；
5. 良好的代码与文档编写习惯，对设计模式有一定的了解，熟练掌握常用研发工具使用；
6. 具备较强的技术和业务的学习能力、良好的沟通与团队协作能力，有较强责任心。","[""位职责："", ""1. 负责自动驾驶相关业务系统或企业IT系统的设计开发和维护，及相关AI Agent的开发工作；"", ""2. 根据业务需求进行系统设计和开发，确保系统的稳定性和可扩展性；"", ""3. 负责跟进系统线上问题排查解决，持续优化改进系统使用体验。"", ""任职要求："", ""1. 大专及以上学历，计算机、电子工程或相关专业优先，5年以上Java/Python后端开发经验；"", ""2. 熟悉Spring/SpringBoot/SpringCloud或FastApi/django等框架；"", ""3. 熟悉常见的数据库或中间件，包括但不限于MySQL/Redis/MongoDB/Kafka等；"", ""4. 了解AI Agent开发，了解langchain/openai-agents-sdk等框架，对常用AI工具或组件有一定的了解；"", ""5. 良好的代码与文档编写习惯，对设计模式有一定的了解，熟练掌握常用研发工具使用；"", ""6. 具备较强的技术和业务的学习能力、良好的沟通与团队协作能力，有较强责任心。""]","[""位职责："", ""1. 负责自动驾驶相关业务系统或企业IT系统的设计开发和维护，及相关AI Agent的开发工作；"", ""2. 根据业务需求进行系统设计和开发，确保系统的稳定性和可扩展性；"", ""3. 负责跟进系统线上问题排查解决，持续优化改进系统使用体验。"", ""任职要求："", ""1. 大专及以上学历，计算机、电子工程或相关专业优先，5年以上Java/Python后端开发经验；"", ""2. 熟悉Spring/SpringBoot/SpringCloud或FastApi/django等框架；"", ""3. 熟悉常见的数据库或中间件，包括但不限于MySQL/Redis/MongoDB/Kafka等；"", ""4. 了解AI Agent开发，了解langchain/openai-agents-sdk等框架，对常用AI工具或组件有一定的了解；"", ""5. 良好的代码与文档编写习惯，对设计模式有一定的了解，熟练掌握常用研发工具使用；"", ""6. 具备较强的技术和业务的学习能力、良好的沟通与团队协作能力，有较强责任心。""]","[""大专"", ""5-10年"", ""产业互联网平台""]","[""大专"", ""5-10年"", ""产业互联网平台""]",http://www.zhaopin.com/jobdetail/CC453635220J40906603603.htm,2026-07-04T08:09:11.797Z
job_platform,zhaopin,1,40569563616,python开发工程师,软通动力信息技术(集团)股份有限公司,软件/IT服务,深圳 龙岗 坂田,12001,18000,经验不限,本科,2026-07-02 10:19:27,"1、1年以上Python工作经验，有VUE开发经验者优先考虑；
2、熟练使用postgres等关系型数据库或mongodb等非关系型数据库；
3、熟悉pandas、numpy等科学计算工具，对Python代码性能优化有一定的了解；
4、优先考虑：计算机/数据科学相关专业，熟悉自然语言处理常用算法；参与过对话机器人、搜索引擎、知识图谱等工程落地项目。","[""1、1年以上Python工作经验，有VUE开发经验者优先考虑；"", ""2、熟练使用postgres等关系型数据库或mongodb等非关系型数据库；"", ""3、熟悉pandas、numpy等科学计算工具，对Python代码性能优化有一定的了解；"", ""4、优先考虑：计算机/数据科学相关专业，熟悉自然语言处理常用算法；参与过对话机器人、搜索引擎、知识图谱等工程落地项目。""]","[""1、1年以上Python工作经验，有VUE开发经验者优先考虑；"", ""2、熟练使用postgres等关系型数据库或mongodb等非关系型数据库；"", ""3、熟悉pandas、numpy等科学计算工具，对Python代码性能优化有一定的了解；"", ""4、优先考虑：计算机/数据科学相关专业，熟悉自然语言处理常用算法；参与过对话机器人、搜索引擎、知识图谱等工程落地项目。""]","[""Python"", ""Vue"", ""Pandas"", ""NumPy"", ""本科"", ""人工智能"", ""产业互联网平台"", ""计算机软件""]","[""Python"", ""Vue"", ""Pandas"", ""NumPy"", ""本科"", ""人工智能"", ""产业互联网平台"", ""计算机软件""]",http://www.zhaopin.com/jobdetail/CC000544460J40569563616.htm,2026-07-04T08:09:11.797Z
job_platform,zhaopin,2,40828250916,python开发工程师 双休 【线上面试】,软通动力信息技术(集团)股份有限公司,软件/IT服务,深圳 龙岗 平湖,10001,20000,1-3年,本科,2026-07-01 21:14:45,"1、使用pyside框架按要求实现模块用户界面和业务逻辑
2、负责应用程序的界面设计，开发和调试
3、2年以上python开发经验，有Qt开发经验优先
4、熟悉常用Linux命令","[""1、使用pyside框架按要求实现模块用户界面和业务逻辑"", ""2、负责应用程序的界面设计，开发和调试"", ""3、2年以上python开发经验，有Qt开发经验优先"", ""4、熟悉常用Linux命令""]","[""1、使用pyside框架按要求实现模块用户界面和业务逻辑"", ""2、负责应用程序的界面设计，开发和调试"", ""3、2年以上python开发经验，有Qt开发经验优先"", ""4、熟悉常用Linux命令""]","[""QT"", ""本科"", ""1-3年"", ""PYTHON"", ""PYTHON 后端开发""]","[""QT"", ""本科"", ""1-3年"", ""PYTHON"", ""PYTHON 后端开发""]",http://www.zhaopin.com/jobdetail/CC000544460J40828250916.htm,2026-07-04T08:09:11.797Z
job_platform,zhaopin,2,40952746015,python工程师（AI方向）,天智云算(深圳)科技有限公司,产业互联网平台,深圳 福田 莲花,12001,16000,3-5年,大专,2026-07-01 15:52:13,"岗位职责
1、负责公司大模型、多模态AI场景落地，完成模型接口封装、服务适配、参数调优、请求调度等后端开发，实现AI能力与业务深度融合落地。
2、参与AI系统架构设计与迭代，负责线上问题排查、性能调优、稳定性优化，保障服务高效稳定。
3、负责AI应用及配套系统的开发、迭代与维护，跟进前沿AI技术，落地业务创新应用。
任职要求
1、3年以上开发经验，熟练使用Python，精通面向对象、数据结构与算法，熟悉Linux环境，编码功底扎实。
2、具备AI项目落地经验，熟悉大模型服务对接、Prompt工程、向量数据库、RAG架构，有智能问答、AIGC、多模态应用经验优先。
3、了解LLM推理原理，熟悉深度学习框架，熟练使用vLLM、SGLang等工具，具备模型部署、推理加速、性能优化经验。
4、熟练使用LangChain、LangGraph、Dify等AI框架，可独立开发扩展功能，熟悉Agent工具调用、记忆及任务编排机制。
5、逻辑清晰、善沟通、学习能力强，可抗压解决技术问题，有AI平台、企业中台研发经验优先。","[""岗位职责"", ""1、负责公司大模型、多模态AI场景落地，完成模型接口封装、服务适配、参数调优、请求调度等后端开发，实现AI能力与业务深度融合落地。"", ""2、参与AI系统架构设计与迭代，负责线上问题排查、性能调优、稳定性优化，保障服务高效稳定。"", ""3、负责AI应用及配套系统的开发、迭代与维护，跟进前沿AI技术，落地业务创新应用。"", ""任职要求"", ""1、3年以上开发经验，熟练使用Python，精通面向对象、数据结构与算法，熟悉Linux环境，编码功底扎实。"", ""2、具备AI项目落地经验，熟悉大模型服务对接、Prompt工程、向量数据库、RAG架构，有智能问答、AIGC、多模态应用经验优先。"", ""3、了解LLM推理原理，熟悉深度学习框架，熟练使用vLLM、SGLang等工具，具备模型部署、推理加速、性能优化经验。"", ""4、熟练使用LangChain、LangGraph、Dify等AI框架，可独立开发扩展功能，熟悉Agent工具调用、记忆及任务编排机制。"", ""5、逻辑清晰、善沟通、学习能力强，可抗压解决技术问题，有AI平台、企业中台研发经验优先。""]","[""岗位职责"", ""1、负责公司大模型、多模态AI场景落地，完成模型接口封装、服务适配、参数调优、请求调度等后端开发，实现AI能力与业务深度融合落地。"", ""2、参与AI系统架构设计与迭代，负责线上问题排查、性能调优、稳定性优化，保障服务高效稳定。"", ""3、负责AI应用及配套系统的开发、迭代与维护，跟进前沿AI技术，落地业务创新应用。"", ""任职要求"", ""1、3年以上开发经验，熟练使用Python，精通面向对象、数据结构与算法，熟悉Linux环境，编码功底扎实。"", ""2、具备AI项目落地经验，熟悉大模型服务对接、Prompt工程、向量数据库、RAG架构，有智能问答、AIGC、多模态应用经验优先。"", ""3、了解LLM推理原理，熟悉深度学习框架，熟练使用vLLM、SGLang等工具，具备模型部署、推理加速、性能优化经验。"", ""4、熟练使用LangChain、LangGraph、Dify等AI框架，可独立开发扩展功能，熟悉Agent工具调用、记忆及任务编排机制。"", ""5、逻辑清晰、善沟通、学习能力强，可抗压解决技术问题，有AI平台、企业中台研发经验优先。""]","[""Java"", ""Python"", ""大专"", ""3-5年""]","[""Java"", ""Python"", ""大专"", ""3-5年""]",http://www.zhaopin.com/jobdetail/CCL1525199740J40952746015.htm,2026-07-04T08:09:11.797Z
job_platform,zhaopin,2,40445658512,python自动化测试工程师,中软国际,软件/IT服务,深圳 龙岗 坂田,0,0,3-5年,本科,2026-06-30 20:19:37,"【我们需要您来完成】
 
1、负责大型系统的测试工作，参与测试需求分析、测试用例设计;
 
2、执行测试用例，记录测试结果，分折测试发现的问题，跟踪并验证bug并确认问题，编写测试报告;
 
3、按时、保质、保量地完成各项分配的任务;
 
4、编写自动化测试及性能测试脚本，开发辅助测试工具;
 
5、负责搭建和维护基于linux和windows下的测试环境，执行自动化测试，提交测试报告;
 
【我们期待这样的您】
 
1.具有清晰的逻辑思维，熟练掌握自动化测试理论，软件测试流程，具备扎实的手动测试基础
 
2.具有分析产品需求的能力，能够根据需求文档独立编写测试用例和测试报告，熟悉BUG管理工具和流程
 
3.掌握性能测试相关技能，能够运用工具对系统进行相关的性能测试
 
4.善于沟通，能够很好的和研发团队保持较好的协调沟通，对待工作热情，有较高的质量意识
 
5.有相关3年以上性能测试经验，可接受少部分功能测试；自动化测试工作经验者优先
 
 
<div>  
职位福利：五险一金、加班补助、弹性工作、定期体检、周末双休、节日福利、公司重点项目、大牛带队  
</div>","[""【我们需要您来完成】"", ""1、负责大型系统的测试工作，参与测试需求分析、测试用例设计;"", ""2、执行测试用例，记录测试结果，分折测试发现的问题，跟踪并验证bug并确认问题，编写测试报告;"", ""3、按时、保质、保量地完成各项分配的任务;"", ""4、编写自动化测试及性能测试脚本，开发辅助测试工具;"", ""5、负责搭建和维护基于linux和windows下的测试环境，执行自动化测试，提交测试报告;"", ""【我们期待这样的您】"", ""1.具有清晰的逻辑思维，熟练掌握自动化测试理论，软件测试流程，具备扎实的手动测试基础"", ""2.具有分析产品需求的能力，能够根据需求文档独立编写测试用例和测试报告，熟悉BUG管理工具和流程"", ""3.掌握性能测试相关技能，能够运用工具对系统进行相关的性能测试"", ""4.善于沟通，能够很好的和研发团队保持较好的协调沟通，对待工作热情，有较高的质量意识"", ""5.有相关3年以上性能测试经验，可接受少部分功能测试；自动化测试工作经验者优先"", ""<div>"", ""职位福利：五险一金、加班补助、弹性工作、定期体检、周末双休、节日福利、公司重点项目、大牛带队"", ""</div>""]","[""【我们需要您来完成】"", ""1、负责大型系统的测试工作，参与测试需求分析、测试用例设计;"", ""2、执行测试用例，记录测试结果，分折测试发现的问题，跟踪并验证bug并确认问题，编写测试报告;"", ""3、按时、保质、保量地完成各项分配的任务;"", ""4、编写自动化测试及性能测试脚本，开发辅助测试工具;"", ""5、负责搭建和维护基于linux和windows下的测试环境，执行自动化测试，提交测试报告;"", ""【我们期待这样的您】"", ""1.具有清晰的逻辑思维，熟练掌握自动化测试理论，软件测试流程，具备扎实的手动测试基础"", ""2.具有分析产品需求的能力，能够根据需求文档独立编写测试用例和测试报告，熟悉BUG管理工具和流程"", ""3.掌握性能测试相关技能，能够运用工具对系统进行相关的性能测试"", ""4.善于沟通，能够很好的和研发团队保持较好的协调沟通，对待工作热情，有较高的质量意识"", ""5.有相关3年以上性能测试经验，可接受少部分功能测试；自动化测试工作经验者优先"", ""<div>"", ""职位福利：五险一金、加班补助、弹性工作、定期体检、周末双休、节日福利、公司重点项目、大牛带队"", ""</div>""]","[""本科"", ""3-5年"", ""五险一金"", ""加班补助"", ""弹性工作"", ""定期体检"", ""周末双休"", ""节日福利"", ""大牛带队"", ""体检福利"", ""节日慰问""]","[""本科"", ""3-5年"", ""五险一金"", ""加班补助"", ""弹性工作"", ""定期体检"", ""周末双休"", ""节日福利"", ""大牛带队"", ""体检福利"", ""节日慰问""]",http://www.zhaopin.com/jobdetail/CC508620120J40445658512.htm,2026-07-04T08:09:11.797Z
job_platform,zhaopin,2,40827945416,python开发(深圳上班+线上面试),软通动力信息技术(集团)股份有限公司,软件/IT服务,深圳 龙岗 平湖,8001,15000,1-3年,本科,2026-06-30 17:49:48,"要求问候选人：是否具备python后端开发能力
（Python后端必须有，Qt/Pyside是加分项），是否写过python相关脚本
关键字：Python后端开发+QT（界面设计）PyQt，Pyside,Linux，PyQt5框架
做后端开发，qt界面，爬虫和大数据不合适，离职快速到岗、算法方向有意愿也可推送 
1、Python后端编程经验丰富，具备Qt前端开发经验
2、学历合适（能一本最好）
3、工作经验长（最好能超过2年）
学历：
1、本科级以上学历，计算机、自动化、通信工程等相关专业。
岗位职责：
1、使用pyside框架按要求实现模块用户界面和业务逻辑
2、负责应用程序的界面设计，开发和调试
3、支持和协调与团队成员和业务部门之间的沟通，并有效解决问","[""要求问候选人：是否具备python后端开发能力"", ""（Python后端必须有，Qt/Pyside是加分项），是否写过python相关脚本"", ""关键字：Python后端开发+QT（界面设计）PyQt，Pyside,Linux，PyQt5框架"", ""做后端开发，qt界面，爬虫和大数据不合适，离职快速到岗、算法方向有意愿也可推送"", ""1、Python后端编程经验丰富，具备Qt前端开发经验"", ""2、学历合适（能一本最好）"", ""3、工作经验长（最好能超过2年）"", ""学历："", ""1、本科级以上学历，计算机、自动化、通信工程等相关专业。"", ""岗位职责："", ""1、使用pyside框架按要求实现模块用户界面和业务逻辑"", ""2、负责应用程序的界面设计，开发和调试"", ""3、支持和协调与团队成员和业务部门之间的沟通，并有效解决问""]","[""要求问候选人：是否具备python后端开发能力"", ""（Python后端必须有，Qt/Pyside是加分项），是否写过python相关脚本"", ""关键字：Python后端开发+QT（界面设计）PyQt，Pyside,Linux，PyQt5框架"", ""做后端开发，qt界面，爬虫和大数据不合适，离职快速到岗、算法方向有意愿也可推送"", ""1、Python后端编程经验丰富，具备Qt前端开发经验"", ""2、学历合适（能一本最好）"", ""3、工作经验长（最好能超过2年）"", ""学历："", ""1、本科级以上学历，计算机、自动化、通信工程等相关专业。"", ""岗位职责："", ""1、使用pyside框架按要求实现模块用户界面和业务逻辑"", ""2、负责应用程序的界面设计，开发和调试"", ""3、支持和协调与团队成员和业务部门之间的沟通，并有效解决问""]","[""AI算法"", ""PYQT5框架"", ""PyQt"", ""linux"", ""PYSIDE"", ""QT前端开发"", ""本科"", ""1-3年"", ""PYTHON维护"", ""PYTHON开发""]","[""AI算法"", ""PYQT5框架"", ""PyQt"", ""linux"", ""PYSIDE"", ""QT前端开发"", ""本科"", ""1-3年"", ""PYTHON维护"", ""PYTHON开发""]",http://www.zhaopin.com/jobdetail/CC000544460J40827945416.htm,2026-07-04T08:09:11.797Z
job_platform,zhaopin,2,40837271212,python发工程师,中软国际,软件/IT服务,深圳 龙岗 坂田,0,0,3-5年,本科,2026-06-30 20:17:52,"<div> 办公地：深圳、西安、武汉 均可</div><div> 
</div><div>  岗位要求：</div><div>  有AI经验优先，python基础良好，熟悉常用的数据结构和算法，有大模型使用经验优先、</div><div>  【福利待遇】：</div><div>  1.薪资待遇可根据能力调整，每年都有相对应的调整薪资机会。</div><div>  2. 健康体检：年度体检、常规体检等健康关怀；</div><div>  3. 及时激励：工作中表现优秀，对团队、公司有贡献者，发红包或者积分奖励；</div><div>  4. 节日福利：年节礼品，春节、38女神节、端午节、中秋节、元宵节，例假 等等福利；</div><div>  5.公司提供免费温馨的茶水间，内置微波炉，等设备。</div><div>  休假政策</div><div>  1. 国家法定假日：</div><div>  所有员工可以按国家规定享受以下带薪假日：元旦、春节、劳动节、端午节、中秋节、国庆节等。其中根据公司的实际情况，</div><div>  2. 年休假：</div><div>  司龄满一年的员工可享受年休假。</div><div>  3.女员工产假、男职工的陪产假等休假制度，均按""劳动法""和国家有关规定制定执行</div><div>  
职位福利：五险一金、带薪年假、定期团建、弹性工作、餐补  
</div><div>  
职位亮点：五险一金 双休</div>","[""<div> 办公地：深圳、西安、武汉 均可</div><div>"", ""</div><div>  岗位要求：</div><div>  有AI经验优先，python基础良好，熟悉常用的数据结构和算法，有大模型使用经验优先、</div><div>  【福利待遇】：</div><div>  1.薪资待遇可根据能力调整，每年都有相对应的调整薪资机会。</div><div>  2. 健康体检：年度体检、常规体检等健康关怀；</div><div>  3. 及时激励：工作中表现优秀，对团队、公司有贡献者，发红包或者积分奖励；</div><div>  4. 节日福利：年节礼品，春节、38女神节、端午节、中秋节、元宵节，例假 等等福利；</div><div>  5.公司提供免费温馨的茶水间，内置微波炉，等设备。</div><div>  休假政策</div><div>  1. 国家法定假日：</div><div>  所有员工可以按国家规定享受以下带薪假日：元旦、春节、劳动节、端午节、中秋节、国庆节等。其中根据公司的实际情况，</div><div>  2. 年休假：</div><div>  司龄满一年的员工可享受年休假。</div><div>  3.女员工产假、男职工的陪产假等休假制度，均按\""劳动法\""和国家有关规定制定执行</div><div>"", ""职位福利：五险一金、带薪年假、定期团建、弹性工作、餐补"", ""</div><div>"", ""职位亮点：五险一金 双休</div>""]","[""<div> 办公地：深圳、西安、武汉 均可</div><div>"", ""</div><div>  岗位要求：</div><div>  有AI经验优先，python基础良好，熟悉常用的数据结构和算法，有大模型使用经验优先、</div><div>  【福利待遇】：</div><div>  1.薪资待遇可根据能力调整，每年都有相对应的调整薪资机会。</div><div>  2. 健康体检：年度体检、常规体检等健康关怀；</div><div>  3. 及时激励：工作中表现优秀，对团队、公司有贡献者，发红包或者积分奖励；</div><div>  4. 节日福利：年节礼品，春节、38女神节、端午节、中秋节、元宵节，例假 等等福利；</div><div>  5.公司提供免费温馨的茶水间，内置微波炉，等设备。</div><div>  休假政策</div><div>  1. 国家法定假日：</div><div>  所有员工可以按国家规定享受以下带薪假日：元旦、春节、劳动节、端午节、中秋节、国庆节等。其中根据公司的实际情况，</div><div>  2. 年休假：</div><div>  司龄满一年的员工可享受年休假。</div><div>  3.女员工产假、男职工的陪产假等休假制度，均按\""劳动法\""和国家有关规定制定执行</div><div>"", ""职位福利：五险一金、带薪年假、定期团建、弹性工作、餐补"", ""</div><div>"", ""职位亮点：五险一金 双休</div>""]","[""Python"", ""本科"", ""3-5年"", ""互联网电商"", ""产业互联网平台"", ""计算机软件"", ""健康体检"", ""年度体检"", ""常规体检"", ""健康关怀"", ""积分奖励"", ""节日福利"", ""年节礼品"", ""女神节"", ""休假"", ""国家法定假日"", ""带薪假日"", ""劳动节"", ""国庆节"", ""年休假"", ""女员工产假"", ""陪产假"", ""五险一金"", ""带薪年假"", ""定期团建"", ""弹性工作"", ""餐补"", ""体检福利"", ""节日慰问"", ""法定节假日"", ""带薪假期"", ""有餐补""]","[""Python"", ""本科"", ""3-5年"", ""互联网电商"", ""产业互联网平台"", ""计算机软件"", ""健康体检"", ""年度体检"", ""常规体检"", ""健康关怀"", ""积分奖励"", ""节日福利"", ""年节礼品"", ""女神节"", ""休假"", ""国家法定假日"", ""带薪假日"", ""劳动节"", ""国庆节"", ""年休假"", ""女员工产假"", ""陪产假"", ""五险一金"", ""带薪年假"", ""定期团建"", ""弹性工作"", ""餐补"", ""体检福利"", ""节日慰问"", ""法定节假日"", ""带薪假期"", ""有餐补""]",http://www.zhaopin.com/jobdetail/CC508620120J40837271212.htm,2026-07-04T08:09:11.797Z
job_platform,zhaopin,2,40796131516,python开发工程师,软通动力信息技术(集团)股份有限公司,软件/IT服务,深圳 龙岗 平湖,11001,18000,1-3年,本科,2026-06-30 15:58:26,"【岗位要求】
1、负责软件模块的设计、开发联调及版本看护
2. 编写自动化脚本，执行单元测试/集成测试/系统测试
3、负责编写软件的设计文档、开发文档及用户手册
4、负责研发环境整机的装备软件执行及交付
【能力要求】
1、本科及以上学历，1年以上软件开发经验
2、掌握Python及常用测试框架
3、掌握Git/SVN版本控制工具
4、逻辑清晰，具备技术文档编写和问题分析能力
5、熟悉常用仪表使用","[""【岗位要求】"", ""1、负责软件模块的设计、开发联调及版本看护"", ""2. 编写自动化脚本，执行单元测试/集成测试/系统测试"", ""3、负责编写软件的设计文档、开发文档及用户手册"", ""4、负责研发环境整机的装备软件执行及交付"", ""【能力要求】"", ""1、本科及以上学历，1年以上软件开发经验"", ""2、掌握Python及常用测试框架"", ""3、掌握Git/SVN版本控制工具"", ""4、逻辑清晰，具备技术文档编写和问题分析能力"", ""5、熟悉常用仪表使用""]","[""【岗位要求】"", ""1、负责软件模块的设计、开发联调及版本看护"", ""2. 编写自动化脚本，执行单元测试/集成测试/系统测试"", ""3、负责编写软件的设计文档、开发文档及用户手册"", ""4、负责研发环境整机的装备软件执行及交付"", ""【能力要求】"", ""1、本科及以上学历，1年以上软件开发经验"", ""2、掌握Python及常用测试框架"", ""3、掌握Git/SVN版本控制工具"", ""4、逻辑清晰，具备技术文档编写和问题分析能力"", ""5、熟悉常用仪表使用""]","[""Python"", ""开发联调"", ""GIT/SVN版本控制工具"", ""本科"", ""1-3年""]","[""Python"", ""开发联调"", ""GIT/SVN版本控制工具"", ""本科"", ""1-3年""]",http://www.zhaopin.com/jobdetail/CC000544460J40796131516.htm,2026-07-04T08:09:11.797Z
job_platform,zhaopin,2,40871516210,国企正编-python工程师,宣城职来职网络科技有限公司,人力资源,深圳 南山 粤海,20001,30000,1-3年,本科,2026-06-30 13:09:36,"岗位职责
1、负责汽车金融核心体系后端开发维护，涵盖零售车贷、经销商库存融资、集团司库资金管理、智能风控、贷后催收等微服务中台的迭代建设。
2、常态化运用AI编码工具辅助日常开发，快速生成业务接口、工具类、单元测试、业务逻辑模板，辅助代码重构、线上问题排查，持续提升研发交付效率与代码规范性。
3、参与私有化大模型业务后端建设，负责RAG知识库、智能合规问答、合同AI审核、风控智能推理、催收话术生成等AI场景的接口开发、服务封装与能力落地。
4、负责微服务架构设计、数据库优化、缓存与消息队列调优，解决高并发、数据一致性、分布式事务等问题，保障金融系统高可用、高稳定运行。
5、参与技术方案评审、版本迭代复盘，严格落实金融合规与数据安全要求，配合完成系统整改、风险管控与线上故障闭环。
任职要求
1、本科及以上学历python、SpringCloud微服务架构。
2、精通MySQL数据库优化，熟练使用Redis、MQ等中间件，熟悉分布式系统、高并发场景解决方案。
3、具备常态化AI编码使用习惯，能够借助AI高效开发、纠错优化，具备甄别代码质量、修复AI代码BUG的能力。
4、有金融信贷、汽车金融、风控、资金平台开发经验优先，了解向量数据库、大模型业务对接流程者优先。","[""岗位职责"", ""1、负责汽车金融核心体系后端开发维护，涵盖零售车贷、经销商库存融资、集团司库资金管理、智能风控、贷后催收等微服务中台的迭代建设。"", ""2、常态化运用AI编码工具辅助日常开发，快速生成业务接口、工具类、单元测试、业务逻辑模板，辅助代码重构、线上问题排查，持续提升研发交付效率与代码规范性。"", ""3、参与私有化大模型业务后端建设，负责RAG知识库、智能合规问答、合同AI审核、风控智能推理、催收话术生成等AI场景的接口开发、服务封装与能力落地。"", ""4、负责微服务架构设计、数据库优化、缓存与消息队列调优，解决高并发、数据一致性、分布式事务等问题，保障金融系统高可用、高稳定运行。"", ""5、参与技术方案评审、版本迭代复盘，严格落实金融合规与数据安全要求，配合完成系统整改、风险管控与线上故障闭环。"", ""任职要求"", ""1、本科及以上学历python、SpringCloud微服务架构。"", ""2、精通MySQL数据库优化，熟练使用Redis、MQ等中间件，熟悉分布式系统、高并发场景解决方案。"", ""3、具备常态化AI编码使用习惯，能够借助AI高效开发、纠错优化，具备甄别代码质量、修复AI代码BUG的能力。"", ""4、有金融信贷、汽车金融、风控、资金平台开发经验优先，了解向量数据库、大模型业务对接流程者优先。""]","[""岗位职责"", ""1、负责汽车金融核心体系后端开发维护，涵盖零售车贷、经销商库存融资、集团司库资金管理、智能风控、贷后催收等微服务中台的迭代建设。"", ""2、常态化运用AI编码工具辅助日常开发，快速生成业务接口、工具类、单元测试、业务逻辑模板，辅助代码重构、线上问题排查，持续提升研发交付效率与代码规范性。"", ""3、参与私有化大模型业务后端建设，负责RAG知识库、智能合规问答、合同AI审核、风控智能推理、催收话术生成等AI场景的接口开发、服务封装与能力落地。"", ""4、负责微服务架构设计、数据库优化、缓存与消息队列调优，解决高并发、数据一致性、分布式事务等问题，保障金融系统高可用、高稳定运行。"", ""5、参与技术方案评审、版本迭代复盘，严格落实金融合规与数据安全要求，配合完成系统整改、风险管控与线上故障闭环。"", ""任职要求"", ""1、本科及以上学历python、SpringCloud微服务架构。"", ""2、精通MySQL数据库优化，熟练使用Redis、MQ等中间件，熟悉分布式系统、高并发场景解决方案。"", ""3、具备常态化AI编码使用习惯，能够借助AI高效开发、纠错优化，具备甄别代码质量、修复AI代码BUG的能力。"", ""4、有金融信贷、汽车金融、风控、资金平台开发经验优先，了解向量数据库、大模型业务对接流程者优先。""]","[""Python"", ""本科"", ""1-3年""]","[""Python"", ""本科"", ""1-3年""]",http://www.zhaopin.com/jobdetail/CCL1407834640J40871516210.htm,2026-07-04T08:09:11.797Z
job_platform,zhaopin,2,40803780616,python开发工程师,软通动力信息技术(集团)股份有限公司,软件/IT服务,深圳 龙岗 平湖,11001,19000,1-3年,本科,2026-06-29 16:10:56,"1、理工科，精通Python, 熟悉常用类库；至少1年以上python开发经验； 
 2.对Linux开发环境比较熟悉，能够熟练使用Shell
3、了解主流数据库的使用MySQL/PostgreSQL，理解面向对象的设计和编程方法;
4、工作细致认真，开放和积极的工作态度，有良好的团队意识,乐于学习新知识和新技能；","[""1、理工科，精通Python, 熟悉常用类库；至少1年以上python开发经验；"", ""2.对Linux开发环境比较熟悉，能够熟练使用Shell"", ""3、了解主流数据库的使用MySQL/PostgreSQL，理解面向对象的设计和编程方法;"", ""4、工作细致认真，开放和积极的工作态度，有良好的团队意识,乐于学习新知识和新技能；""]","[""1、理工科，精通Python, 熟悉常用类库；至少1年以上python开发经验；"", ""2.对Linux开发环境比较熟悉，能够熟练使用Shell"", ""3、了解主流数据库的使用MySQL/PostgreSQL，理解面向对象的设计和编程方法;"", ""4、工作细致认真，开放和积极的工作态度，有良好的团队意识,乐于学习新知识和新技能；""]","[""Python"", ""Django"", ""Redis"", ""本科"", ""1-3年"", ""计算机软件"", ""产业互联网平台""]","[""Python"", ""Django"", ""Redis"", ""本科"", ""1-3年"", ""计算机软件"", ""产业互联网平台""]",http://www.zhaopin.com/jobdetail/CC000544460J40803780616.htm,2026-07-04T08:09:11.797Z
job_platform,zhaopin,2,40877389305,软件开发（Java c c++ python）全国有岗,外企德科数字技术有限公司,软件/IT服务,深圳 龙岗 坂田,15001,30000,经验不限,本科,2026-07-04 00:33:09,"<div> <div>  福利待遇]  
1、六险一金全额缴纳、为期半年的老员工1对1带教，周末双休、年终奖丰厚、双倍加班费、班车福利、每年1-2次调薪机会;  
2、初级、中级、高级岗位均有招聘需求  
3、每年有一次调薪/职级调整机会;  
4、薪资构成:基本薪资+绩效工资，定级薪资和绩效考核标准参考正式员工标准  
[岗位要求]  
1、本科及以上学历;  
2、掌握C++/Java/Go/Web/python其中一种编程语言，有良好的编程习惯、热爱编程;  
3、对基本数据结构和算法有一定了解  
4、具备良好的解决问题能力、善于沟通、乐于合作;  
5、扎实的计算机基础，具备优秀的学习能力和逻辑思维能力，善于分析问题和解决问题有关键独立模块设计、开发和维护经 </div></div>","[""<div> <div>  福利待遇]"", ""1、六险一金全额缴纳、为期半年的老员工1对1带教，周末双休、年终奖丰厚、双倍加班费、班车福利、每年1-2次调薪机会;"", ""2、初级、中级、高级岗位均有招聘需求"", ""3、每年有一次调薪/职级调整机会;"", ""4、薪资构成:基本薪资+绩效工资，定级薪资和绩效考核标准参考正式员工标准"", ""[岗位要求]"", ""1、本科及以上学历;"", ""2、掌握C++/Java/Go/Web/python其中一种编程语言，有良好的编程习惯、热爱编程;"", ""3、对基本数据结构和算法有一定了解"", ""4、具备良好的解决问题能力、善于沟通、乐于合作;"", ""5、扎实的计算机基础，具备优秀的学习能力和逻辑思维能力，善于分析问题和解决问题有关键独立模块设计、开发和维护经 </div></div>""]","[""<div> <div>  福利待遇]"", ""1、六险一金全额缴纳、为期半年的老员工1对1带教，周末双休、年终奖丰厚、双倍加班费、班车福利、每年1-2次调薪机会;"", ""2、初级、中级、高级岗位均有招聘需求"", ""3、每年有一次调薪/职级调整机会;"", ""4、薪资构成:基本薪资+绩效工资，定级薪资和绩效考核标准参考正式员工标准"", ""[岗位要求]"", ""1、本科及以上学历;"", ""2、掌握C++/Java/Go/Web/python其中一种编程语言，有良好的编程习惯、热爱编程;"", ""3、对基本数据结构和算法有一定了解"", ""4、具备良好的解决问题能力、善于沟通、乐于合作;"", ""5、扎实的计算机基础，具备优秀的学习能力和逻辑思维能力，善于分析问题和解决问题有关键独立模块设计、开发和维护经 </div></div>""]","[""Spring"", ""本科"", ""六险一金"", ""1对1带教"", ""周末双休"", ""年终奖丰厚"", ""双倍加班费"", ""班车"", ""2次调薪机会"", ""调薪"", ""大牛带队"", ""加班补助"", ""免费班车""]","[""Spring"", ""本科"", ""六险一金"", ""1对1带教"", ""周末双休"", ""年终奖丰厚"", ""双倍加班费"", ""班车"", ""2次调薪机会"", ""调薪"", ""大牛带队"", ""加班补助"", ""免费班车""]",http://www.zhaopin.com/jobdetail/CCL1480117890J40877389305.htm,2026-07-04T08:09:11.797Z
job_platform,zhaopin,2,40827484416,python开发工程师,软通动力信息技术(集团)股份有限公司,软件/IT服务,深圳 龙岗 平湖,11001,17000,1-3年,本科,2026-06-29 10:36:57,"岗位职责：
1、使用pyside框架按要求实现模块用户界面和业务逻辑;
2、负责应用程序的界面设计，开发和调试;
3、支持和协调与团队成员和业务部门之间的沟通，并有效解决问题。
<div> 岗位要求： 
1、2年以上python开发经验，有Qt开发经验优先; 
2、熟悉常用Linux命令;</div>","[""岗位职责："", ""1、使用pyside框架按要求实现模块用户界面和业务逻辑;"", ""2、负责应用程序的界面设计，开发和调试;"", ""3、支持和协调与团队成员和业务部门之间的沟通，并有效解决问题。"", ""<div> 岗位要求："", ""1、2年以上python开发经验，有Qt开发经验优先;"", ""2、熟悉常用Linux命令;</div>""]","[""岗位职责："", ""1、使用pyside框架按要求实现模块用户界面和业务逻辑;"", ""2、负责应用程序的界面设计，开发和调试;"", ""3、支持和协调与团队成员和业务部门之间的沟通，并有效解决问题。"", ""<div> 岗位要求："", ""1、2年以上python开发经验，有Qt开发经验优先;"", ""2、熟悉常用Linux命令;</div>""]","[""PyQt"", ""本科"", ""1-3年"", ""互联网医疗"", ""产业互联网平台"", ""软件/IT服务""]","[""PyQt"", ""本科"", ""1-3年"", ""互联网医疗"", ""产业互联网平台"", ""软件/IT服务""]",http://www.zhaopin.com/jobdetail/CC000544460J40827484416.htm,2026-07-04T08:09:11.797Z
job_platform,zhaopin,2,40841586603,软件开发（Jave、Python、C等 双休自研）,科锐尔人力资源服务(苏州)有限公司,人力资源,深圳 龙岗 坂田,15001,30000,经验不限,本科,2026-06-26 10:49:55,"软件开发工程师
【岗位职责】
1、深度参与公司核心软件产品的全生命周期研发，从需求分析、设计，到编码实现与测试，确保产品高质量交付。​
2、负责关键模块的架构设计，依据业务需求制定合理技术方案，保障系统性能、扩展性与稳定性。​
3、运用先进编程技术，编写高效、可读、可维护代码，严格遵循公司代码规范。​
4、与测试团队紧密协作，定位并解决软件缺陷，不断优化产品质量。​
5、跟踪行业技术趋势，引入新技术提升产品竞争力，参与技术预研与原型开发。​
【任职要求】​
1、本科及以上学历。​
2、精通 Java、C++、Python、Go 等编程语言中的一种或多种，有扎实编程基础与良好代码风格。​
3、熟悉常用数据结构与算法，能灵活运用解决实际问题。​
4、掌握至少一种主流数据库，如 MySQL、Oracle、Redis，具备数据库设计与优化能力。​​
5、具备良好团队协作精神，沟通能力强，能高效参与团队项目。​对技术有热情，具备较强学习能力与创新思维，能快速适应技术发展。
【薪资待遇】
1、薪资结构是底薪（10k—35k）+绩效（2—6k） +年终奖（2—4个月）
2、双休，月末最后一个周六加班，双倍工资
3、团建、内购会、弹性打卡、班车、夜宵、半年导师带教等","[""软件开发工程师"", ""【岗位职责】"", ""1、深度参与公司核心软件产品的全生命周期研发，从需求分析、设计，到编码实现与测试，确保产品高质量交付。​"", ""2、负责关键模块的架构设计，依据业务需求制定合理技术方案，保障系统性能、扩展性与稳定性。​"", ""3、运用先进编程技术，编写高效、可读、可维护代码，严格遵循公司代码规范。​"", ""4、与测试团队紧密协作，定位并解决软件缺陷，不断优化产品质量。​"", ""5、跟踪行业技术趋势，引入新技术提升产品竞争力，参与技术预研与原型开发。​"", ""【任职要求】​"", ""1、本科及以上学历。​"", ""2、精通 Java、C++、Python、Go 等编程语言中的一种或多种，有扎实编程基础与良好代码风格。​"", ""3、熟悉常用数据结构与算法，能灵活运用解决实际问题。​"", ""4、掌握至少一种主流数据库，如 MySQL、Oracle、Redis，具备数据库设计与优化能力。​​"", ""5、具备良好团队协作精神，沟通能力强，能高效参与团队项目。​对技术有热情，具备较强学习能力与创新思维，能快速适应技术发展。"", ""【薪资待遇】"", ""1、薪资结构是底薪（10k—35k）+绩效（2—6k） +年终奖（2—4个月）"", ""2、双休，月末最后一个周六加班，双倍工资"", ""3、团建、内购会、弹性打卡、班车、夜宵、半年导师带教等""]","[""软件开发工程师"", ""【岗位职责】"", ""1、深度参与公司核心软件产品的全生命周期研发，从需求分析、设计，到编码实现与测试，确保产品高质量交付。​"", ""2、负责关键模块的架构设计，依据业务需求制定合理技术方案，保障系统性能、扩展性与稳定性。​"", ""3、运用先进编程技术，编写高效、可读、可维护代码，严格遵循公司代码规范。​"", ""4、与测试团队紧密协作，定位并解决软件缺陷，不断优化产品质量。​"", ""5、跟踪行业技术趋势，引入新技术提升产品竞争力，参与技术预研与原型开发。​"", ""【任职要求】​"", ""1、本科及以上学历。​"", ""2、精通 Java、C++、Python、Go 等编程语言中的一种或多种，有扎实编程基础与良好代码风格。​"", ""3、熟悉常用数据结构与算法，能灵活运用解决实际问题。​"", ""4、掌握至少一种主流数据库，如 MySQL、Oracle、Redis，具备数据库设计与优化能力。​​"", ""5、具备良好团队协作精神，沟通能力强，能高效参与团队项目。​对技术有热情，具备较强学习能力与创新思维，能快速适应技术发展。"", ""【薪资待遇】"", ""1、薪资结构是底薪（10k—35k）+绩效（2—6k） +年终奖（2—4个月）"", ""2、双休，月末最后一个周六加班，双倍工资"", ""3、团建、内购会、弹性打卡、班车、夜宵、半年导师带教等""]","[""Python"", ""Java"", ""C++"", ""C"", ""Spring"", ""MySQL"", ""本科"", ""年终奖"", ""团建"", ""弹性打卡"", ""班车"", ""导师带教"", ""定期团建"", ""弹性工作"", ""免费班车"", ""大牛带队""]","[""Python"", ""Java"", ""C++"", ""C"", ""Spring"", ""MySQL"", ""本科"", ""年终奖"", ""团建"", ""弹性打卡"", ""班车"", ""导师带教"", ""定期团建"", ""弹性工作"", ""免费班车"", ""大牛带队""]",http://www.zhaopin.com/jobdetail/CC453635220J40841586603.htm,2026-07-04T08:09:11.797Z
job_platform,zhaopin,2,40877043505,Python/C/C++/软测,外企德科数字技术有限公司,软件/IT服务,深圳 龙岗 坂田,15001,25000,1-3年,本科,2026-07-04 00:33:08,"岗位需求：26届可投递面试
1、业务方向:智能汽车(自动驾驶、智能座舱、融合感知、车云、车载网络等)、新能源(光伏、电动、充电桩等)、云&AI/高性能计算、5G、路由交换机等可选。
2、具备良好的计算机、软件工程领域知识，熟悉软件系统设计、开发、测试等研发领域的流程、工程方法和工具;
3、良好的学习能力、团队协作性好，沟通协调能力强;
4、有研发工具模块设计、接口设计、开发经验优先；
专业知识要求
1、开发工程师
具备1年以上软件开发经验优先，熟悉C/C++/JAVA、JS、python中的至少一种，掌握常见的数据结构、算法;
2、软件测试工程师有相关测试语言/脚本的编写和实践经验优先，也可接受纯测试经验的(具备良好的独立工作能力和解决问题能力，善于沟通，乐于合作，热衷新技术)
公司福利:
1.底薪+绩效+年终奖;
2.全额缴纳五险一金;
3.带薪年假5-15天，双休;
4.享有健身房、班车、加班打车报销等福利。
PS:接受25届无经验，转行无经验.学习能力出色、基础扎实，入职后导师一带一带教培养。","[""岗位需求：26届可投递面试"", ""1、业务方向:智能汽车(自动驾驶、智能座舱、融合感知、车云、车载网络等)、新能源(光伏、电动、充电桩等)、云&AI/高性能计算、5G、路由交换机等可选。"", ""2、具备良好的计算机、软件工程领域知识，熟悉软件系统设计、开发、测试等研发领域的流程、工程方法和工具;"", ""3、良好的学习能力、团队协作性好，沟通协调能力强;"", ""4、有研发工具模块设计、接口设计、开发经验优先；"", ""专业知识要求"", ""1、开发工程师"", ""具备1年以上软件开发经验优先，熟悉C/C++/JAVA、JS、python中的至少一种，掌握常见的数据结构、算法;"", ""2、软件测试工程师有相关测试语言/脚本的编写和实践经验优先，也可接受纯测试经验的(具备良好的独立工作能力和解决问题能力，善于沟通，乐于合作，热衷新技术)"", ""公司福利:"", ""1.底薪+绩效+年终奖;"", ""2.全额缴纳五险一金;"", ""3.带薪年假5-15天，双休;"", ""4.享有健身房、班车、加班打车报销等福利。"", ""PS:接受25届无经验，转行无经验.学习能力出色、基础扎实，入职后导师一带一带教培养。""]","[""岗位需求：26届可投递面试"", ""1、业务方向:智能汽车(自动驾驶、智能座舱、融合感知、车云、车载网络等)、新能源(光伏、电动、充电桩等)、云&AI/高性能计算、5G、路由交换机等可选。"", ""2、具备良好的计算机、软件工程领域知识，熟悉软件系统设计、开发、测试等研发领域的流程、工程方法和工具;"", ""3、良好的学习能力、团队协作性好，沟通协调能力强;"", ""4、有研发工具模块设计、接口设计、开发经验优先；"", ""专业知识要求"", ""1、开发工程师"", ""具备1年以上软件开发经验优先，熟悉C/C++/JAVA、JS、python中的至少一种，掌握常见的数据结构、算法;"", ""2、软件测试工程师有相关测试语言/脚本的编写和实践经验优先，也可接受纯测试经验的(具备良好的独立工作能力和解决问题能力，善于沟通，乐于合作，热衷新技术)"", ""公司福利:"", ""1.底薪+绩效+年终奖;"", ""2.全额缴纳五险一金;"", ""3.带薪年假5-15天，双休;"", ""4.享有健身房、班车、加班打车报销等福利。"", ""PS:接受25届无经验，转行无经验.学习能力出色、基础扎实，入职后导师一带一带教培养。""]","[""Java"", ""C"", ""C++"", ""Django"", ""MySQL"", ""本科"", ""1-3年"", ""年终奖"", ""五险一金"", ""带薪年假5"", ""健身房"", ""班车"", ""加班打车报销"", ""带薪假期"", ""免费健身"", ""免费班车"", ""加班补助""]","[""Java"", ""C"", ""C++"", ""Django"", ""MySQL"", ""本科"", ""1-3年"", ""年终奖"", ""五险一金"", ""带薪年假5"", ""健身房"", ""班车"", ""加班打车报销"", ""带薪假期"", ""免费健身"", ""免费班车"", ""加班补助""]",http://www.zhaopin.com/jobdetail/CCL1480117890J40877043505.htm,2026-07-04T08:09:11.797Z
job_platform,zhaopin,2,40827286416,python开发工程师,软通动力信息技术(集团)股份有限公司,软件/IT服务,深圳 龙岗 坂田,10001,12000,1-3年,本科,2026-06-27 16:14:58,"工作职责：
1、数据平台（Web前后端）开发和维护；
2、服务器性能测试以及自动化维护。
职位要求：
1、熟悉Python语言，熟悉Django等开发框架，能熟练使用AI辅助开发/测试效率优先；
2、具备设计和开发测试工具和自动化测试框架能力优先；
3、熟悉Linux操作、计算机体系结构，有服务器性能测试和分析经验优先","[""工作职责："", ""1、数据平台（Web前后端）开发和维护；"", ""2、服务器性能测试以及自动化维护。"", ""职位要求："", ""1、熟悉Python语言，熟悉Django等开发框架，能熟练使用AI辅助开发/测试效率优先；"", ""2、具备设计和开发测试工具和自动化测试框架能力优先；"", ""3、熟悉Linux操作、计算机体系结构，有服务器性能测试和分析经验优先""]","[""工作职责："", ""1、数据平台（Web前后端）开发和维护；"", ""2、服务器性能测试以及自动化维护。"", ""职位要求："", ""1、熟悉Python语言，熟悉Django等开发框架，能熟练使用AI辅助开发/测试效率优先；"", ""2、具备设计和开发测试工具和自动化测试框架能力优先；"", ""3、熟悉Linux操作、计算机体系结构，有服务器性能测试和分析经验优先""]","[""Python"", ""Django"", ""Flask"", ""MySQL"", ""Oracle"", ""SQLServer"", ""本科"", ""1-3年"", ""云计算"", ""软件/IT服务"", ""人工智能""]","[""Python"", ""Django"", ""Flask"", ""MySQL"", ""Oracle"", ""SQLServer"", ""本科"", ""1-3年"", ""云计算"", ""软件/IT服务"", ""人工智能""]",http://www.zhaopin.com/jobdetail/CC000544460J40827286416.htm,2026-07-04T08:09:11.797Z
job_platform,zhaopin,3,40733375216,python后端开发工程师,软通动力信息技术(集团)股份有限公司,软件/IT服务,深圳 龙岗 坂田,10001,13000,3-5年,本科,2026-06-25 11:17:43,"岗位内容：
1. 参与Python Web应用程序的开发和维护。
2. 配合团队完成项目计划和进度，协调解决团队合作中的问题。
3. 编写和维护高质量的代码，确保代码易于理解、可维护和可扩展。
4. 参与应用程序架构设计、性能优化和版本管理。
5. 利用Python技术进行数据分析和处理。
任职要求： 
1. 熟练掌握Python语言，有一定的Web开发经验。
2. 熟悉MySQL、Oracle、MongoDB等常用数据库之一，了解数据库设计和性能优化。
3. 具备基本的Linux操作和维护知识。
4. 能够快速学习新的技术和工具，善于思考和解决问题。
5. 具备较强的团队合作能力和沟通能力。","[""岗位内容："", ""1. 参与Python Web应用程序的开发和维护。"", ""2. 配合团队完成项目计划和进度，协调解决团队合作中的问题。"", ""3. 编写和维护高质量的代码，确保代码易于理解、可维护和可扩展。"", ""4. 参与应用程序架构设计、性能优化和版本管理。"", ""5. 利用Python技术进行数据分析和处理。"", ""任职要求："", ""1. 熟练掌握Python语言，有一定的Web开发经验。"", ""2. 熟悉MySQL、Oracle、MongoDB等常用数据库之一，了解数据库设计和性能优化。"", ""3. 具备基本的Linux操作和维护知识。"", ""4. 能够快速学习新的技术和工具，善于思考和解决问题。"", ""5. 具备较强的团队合作能力和沟通能力。""]","[""岗位内容："", ""1. 参与Python Web应用程序的开发和维护。"", ""2. 配合团队完成项目计划和进度，协调解决团队合作中的问题。"", ""3. 编写和维护高质量的代码，确保代码易于理解、可维护和可扩展。"", ""4. 参与应用程序架构设计、性能优化和版本管理。"", ""5. 利用Python技术进行数据分析和处理。"", ""任职要求："", ""1. 熟练掌握Python语言，有一定的Web开发经验。"", ""2. 熟悉MySQL、Oracle、MongoDB等常用数据库之一，了解数据库设计和性能优化。"", ""3. 具备基本的Linux操作和维护知识。"", ""4. 能够快速学习新的技术和工具，善于思考和解决问题。"", ""5. 具备较强的团队合作能力和沟通能力。""]","[""Python"", ""Shell"", ""MySQL"", ""Flask"", ""Django"", ""本科"", ""3-5年""]","[""Python"", ""Shell"", ""MySQL"", ""Flask"", ""Django"", ""本科"", ""3-5年""]",http://www.zhaopin.com/jobdetail/CC000544460J40733375216.htm,2026-07-04T08:09:11.797Z
job_platform,zhaopin,3,40858548907,python全栈开发工程师（1年以上工作经验）,前鹰科技(广州)有限公司,互联网电商,深圳 龙岗 坂田,10001,15000,1-3年,本科,2026-06-22 17:39:23,"岗位职责： 
1.负责前端功能开发，基于 Vue3 + TypeScript + Element Plus 实现响应式页面、组件化开发及数据可视化。 
2.负责后端服务开发，使用 Django / Django REST Framework 或 FastAPI 设计 RESTful API，实现业务逻辑与数据库交互。 
3.参与系统架构设计，包括缓存（Redis/Memcache）及任务队列的集成。 
4.负责数据库设计与优化（PostgreSQL/MySQL/Elasticsearch），具备SQL 优化及分库分表经验。 
5.基于 django-vue-admin 或类似框架进行快速开发（熟悉者优先）。 
6.使用 Docker、Git、Linux 完成项目部署与版本管理，支持微服务架构演进。 
任职要求： 
1.1～3年以上全栈开发经验，本科学历，熟练 Python 及Vue3+TypeScript。 
2.熟练至少两种 Python Web 框架：Django / Django REST Framework、FastAPI。 
熟练使用以下中间件及数据库： 
1.数据库：PostgreSQL、Mysql 
2.缓存NoSQL：Redis、Memcache 
3.熟悉 RESTful API 设计，掌握 JWT、OAuth2 等认证方案。 
4.掌握 异步编程（进程/线程/协程），熟悉 HTTP、MQTT 等协议。 
5.熟练使用 Linux、Docker、Git，具备工程化与模块化开发思维。 
软性素质（必备）： 
1.责任心强：对代码质量、项目交付、线上稳定性有 ownership，能主动跟进问题闭环，不推诿、不拖延。 
2.自驱力强：能主动理解业务目标，发现系统瓶颈与技术债，推动技术优化与流程改进，无需外部驱动即可持续学习与迭代。 
3.良好的沟通与协作意识：能在前后端、产品、运维之间高效对齐需求，推动项目落地。 
加分项： 
1.熟悉 django-vue-admin 框架 
2.有微服务经验、团队管理经验、开源项目/技术博客者优先。 
3.能独立完成从需求到部署的全流程开发","[""岗位职责："", ""1.负责前端功能开发，基于 Vue3 + TypeScript + Element Plus 实现响应式页面、组件化开发及数据可视化。"", ""2.负责后端服务开发，使用 Django / Django REST Framework 或 FastAPI 设计 RESTful API，实现业务逻辑与数据库交互。"", ""3.参与系统架构设计，包括缓存（Redis/Memcache）及任务队列的集成。"", ""4.负责数据库设计与优化（PostgreSQL/MySQL/Elasticsearch），具备SQL 优化及分库分表经验。"", ""5.基于 django-vue-admin 或类似框架进行快速开发（熟悉者优先）。"", ""6.使用 Docker、Git、Linux 完成项目部署与版本管理，支持微服务架构演进。"", ""任职要求："", ""1.1～3年以上全栈开发经验，本科学历，熟练 Python 及Vue3+TypeScript。"", ""2.熟练至少两种 Python Web 框架：Django / Django REST Framework、FastAPI。"", ""熟练使用以下中间件及数据库："", ""1.数据库：PostgreSQL、Mysql"", ""2.缓存NoSQL：Redis、Memcache"", ""3.熟悉 RESTful API 设计，掌握 JWT、OAuth2 等认证方案。"", ""4.掌握 异步编程（进程/线程/协程），熟悉 HTTP、MQTT 等协议。"", ""5.熟练使用 Linux、Docker、Git，具备工程化与模块化开发思维。"", ""软性素质（必备）："", ""1.责任心强：对代码质量、项目交付、线上稳定性有 ownership，能主动跟进问题闭环，不推诿、不拖延。"", ""2.自驱力强：能主动理解业务目标，发现系统瓶颈与技术债，推动技术优化与流程改进，无需外部驱动即可持续学习与迭代。"", ""3.良好的沟通与协作意识：能在前后端、产品、运维之间高效对齐需求，推动项目落地。"", ""加分项："", ""1.熟悉 django-vue-admin 框架"", ""2.有微服务经验、团队管理经验、开源项目/技术博客者优先。"", ""3.能独立完成从需求到部署的全流程开发""]","[""岗位职责："", ""1.负责前端功能开发，基于 Vue3 + TypeScript + Element Plus 实现响应式页面、组件化开发及数据可视化。"", ""2.负责后端服务开发，使用 Django / Django REST Framework 或 FastAPI 设计 RESTful API，实现业务逻辑与数据库交互。"", ""3.参与系统架构设计，包括缓存（Redis/Memcache）及任务队列的集成。"", ""4.负责数据库设计与优化（PostgreSQL/MySQL/Elasticsearch），具备SQL 优化及分库分表经验。"", ""5.基于 django-vue-admin 或类似框架进行快速开发（熟悉者优先）。"", ""6.使用 Docker、Git、Linux 完成项目部署与版本管理，支持微服务架构演进。"", ""任职要求："", ""1.1～3年以上全栈开发经验，本科学历，熟练 Python 及Vue3+TypeScript。"", ""2.熟练至少两种 Python Web 框架：Django / Django REST Framework、FastAPI。"", ""熟练使用以下中间件及数据库："", ""1.数据库：PostgreSQL、Mysql"", ""2.缓存NoSQL：Redis、Memcache"", ""3.熟悉 RESTful API 设计，掌握 JWT、OAuth2 等认证方案。"", ""4.掌握 异步编程（进程/线程/协程），熟悉 HTTP、MQTT 等协议。"", ""5.熟练使用 Linux、Docker、Git，具备工程化与模块化开发思维。"", ""软性素质（必备）："", ""1.责任心强：对代码质量、项目交付、线上稳定性有 ownership，能主动跟进问题闭环，不推诿、不拖延。"", ""2.自驱力强：能主动理解业务目标，发现系统瓶颈与技术债，推动技术优化与流程改进，无需外部驱动即可持续学习与迭代。"", ""3.良好的沟通与协作意识：能在前后端、产品、运维之间高效对齐需求，推动项目落地。"", ""加分项："", ""1.熟悉 django-vue-admin 框架"", ""2.有微服务经验、团队管理经验、开源项目/技术博客者优先。"", ""3.能独立完成从需求到部署的全流程开发""]","[""Django"", ""PostgreSQL"", ""本科"", ""1-3年""]","[""Django"", ""PostgreSQL"", ""本科"", ""1-3年""]",http://www.zhaopin.com/jobdetail/CCL1502711750J40858548907.htm,2026-07-04T08:09:11.797Z
job_platform,zhaopin,3,40859135501,Java开发工程师（电商经验+会python）,深圳市永达电子信息股份有限公司,信息安全,深圳 南山 粤海,13001,16000,3-5年,本科,2026-06-22 15:41:34,"工作职责
<ol> <li>负责电商业务系统的核心模块开发与维护，包括但不限于商品管理、订单处理、支付链路等，保障系统高并发场景下的稳定性。</li> <li>参与系统架构设计与优化，解决电商业务中的技术难点，如库存超卖、分布式事务一致性等问题。</li> <li>利用Python完成数据清洗、自动化脚本开发或辅助工具搭建，提升开发效率与业务数据分析能力。</li> <li>参与需求评审与技术方案讨论，与产品、测试团队协作，确保项目按时高质量交付。</li></ol>
任职要求
<ol> <li>本科及以上学历，计算机相关专业，3年以上Java后端开发经验。</li> <li>精通Java基础，熟练掌握Spring Boot、Spring Cloud等主流框架，熟悉微服务架构设计。</li> <li>具备电商业务系统开发经验，熟悉电商核心流程（如商品、订单、支付），有高并发场景处理经验者优先。</li> <li>掌握Python基础语法，能独立使用Python完成数据处理、脚本编写或工具开发。</li> <li>熟悉MySQL、Redis等数据库，具备SQL优化与缓存设计能力。</li> <li>具备良好的问题分析能力与团队协作精神，能快速定位并解决线上技术问题。</li></ol>","[""工作职责"", ""<ol> <li>负责电商业务系统的核心模块开发与维护，包括但不限于商品管理、订单处理、支付链路等，保障系统高并发场景下的稳定性。</li> <li>参与系统架构设计与优化，解决电商业务中的技术难点，如库存超卖、分布式事务一致性等问题。</li> <li>利用Python完成数据清洗、自动化脚本开发或辅助工具搭建，提升开发效率与业务数据分析能力。</li> <li>参与需求评审与技术方案讨论，与产品、测试团队协作，确保项目按时高质量交付。</li></ol>"", ""任职要求"", ""<ol> <li>本科及以上学历，计算机相关专业，3年以上Java后端开发经验。</li> <li>精通Java基础，熟练掌握Spring Boot、Spring Cloud等主流框架，熟悉微服务架构设计。</li> <li>具备电商业务系统开发经验，熟悉电商核心流程（如商品、订单、支付），有高并发场景处理经验者优先。</li> <li>掌握Python基础语法，能独立使用Python完成数据处理、脚本编写或工具开发。</li> <li>熟悉MySQL、Redis等数据库，具备SQL优化与缓存设计能力。</li> <li>具备良好的问题分析能力与团队协作精神，能快速定位并解决线上技术问题。</li></ol>""]","[""工作职责"", ""<ol> <li>负责电商业务系统的核心模块开发与维护，包括但不限于商品管理、订单处理、支付链路等，保障系统高并发场景下的稳定性。</li> <li>参与系统架构设计与优化，解决电商业务中的技术难点，如库存超卖、分布式事务一致性等问题。</li> <li>利用Python完成数据清洗、自动化脚本开发或辅助工具搭建，提升开发效率与业务数据分析能力。</li> <li>参与需求评审与技术方案讨论，与产品、测试团队协作，确保项目按时高质量交付。</li></ol>"", ""任职要求"", ""<ol> <li>本科及以上学历，计算机相关专业，3年以上Java后端开发经验。</li> <li>精通Java基础，熟练掌握Spring Boot、Spring Cloud等主流框架，熟悉微服务架构设计。</li> <li>具备电商业务系统开发经验，熟悉电商核心流程（如商品、订单、支付），有高并发场景处理经验者优先。</li> <li>掌握Python基础语法，能独立使用Python完成数据处理、脚本编写或工具开发。</li> <li>熟悉MySQL、Redis等数据库，具备SQL优化与缓存设计能力。</li> <li>具备良好的问题分析能力与团队协作精神，能快速定位并解决线上技术问题。</li></ol>""]","[""Python"", ""电商经验"", ""本科"", ""3-5年""]","[""Python"", ""电商经验"", ""本科"", ""3-5年""]",http://www.zhaopin.com/jobdetail/CC602497920J40859135501.htm,2026-07-04T08:09:11.797Z
job_platform,zhaopin,3,40616278505,C/C++/Java/Python/JS软件开发/算法/数据,外企德科数字技术有限公司,软件/IT服务,深圳 龙岗 坂田,15001,30000,经验不限,本科,2026-07-04 00:30:11,"可接受24/25应届同学，接受无经验或跨专业，全国岗位可安排，可提供笔面试资料，全程线上面试，流程2-3周~<div> 
</div><div> 岗位选择：  
软件开发、软件测试、嵌入式开发、算法、运维、数据分析等（工作地点可选北京、上海、深圳、东莞、杭州、南京、武汉、成都、西安、长沙、苏州、济南、广州等）  
 
岗位要求：  
1、本科及以上学历，985/211/双一流大学优先；计算机、通信相关专业优先，非相关专业有相关工作经验也可以。  
2、热爱编程，基础扎实，熟悉JAVA/C++/C/Python/JS/HTML/GO等编程语言中的一种或多种，有良好的编程习惯。  
3、对数据结构、算法有一定了解，熟悉TCP/IP协议及互联网常见应用和协议的原理。  
4、有IT应用软件、互联网软件、IOS/安卓等相关产品开发经验，熟悉网络安全、信息安全等相关领域。  
5、熟悉软件开发过程，熟练运用软件开发工具，具备良好的软件工程能力。  
6、具备独立工作能力和解决问题的能力，善于沟通，乐于合作，热衷新技术，善于总结分享，喜欢动手实践。  
7、有强烈的团队合作精神，有良好的英语读写能力，有大型通信设备开发经验者优先。  
 
岗位福利：  
1、薪资结构：底薪+绩效+年终奖，入职即缴纳五险一金，额外补充商业险，每年一次调薪调职机会。  
2、团建+内购会+班车+免费夜宵+节日福利+生日会+年度免费体检+公司内部健康驿站+带薪年假+半年导师一对一带教。  
3、5天8小时，弹性打卡，双休，月末最后一个周六加班，双倍工资。  
4、大厂待遇，合同签约4年，项目稳定，个人瓶颈期可申请挑战新项目，晋升空间广，办公环境高大上。  
 
</div>","[""可接受24/25应届同学，接受无经验或跨专业，全国岗位可安排，可提供笔面试资料，全程线上面试，流程2-3周~<div>"", ""</div><div> 岗位选择："", ""软件开发、软件测试、嵌入式开发、算法、运维、数据分析等（工作地点可选北京、上海、深圳、东莞、杭州、南京、武汉、成都、西安、长沙、苏州、济南、广州等）"", ""岗位要求："", ""1、本科及以上学历，985/211/双一流大学优先；计算机、通信相关专业优先，非相关专业有相关工作经验也可以。"", ""2、热爱编程，基础扎实，熟悉JAVA/C++/C/Python/JS/HTML/GO等编程语言中的一种或多种，有良好的编程习惯。"", ""3、对数据结构、算法有一定了解，熟悉TCP/IP协议及互联网常见应用和协议的原理。"", ""4、有IT应用软件、互联网软件、IOS/安卓等相关产品开发经验，熟悉网络安全、信息安全等相关领域。"", ""5、熟悉软件开发过程，熟练运用软件开发工具，具备良好的软件工程能力。"", ""6、具备独立工作能力和解决问题的能力，善于沟通，乐于合作，热衷新技术，善于总结分享，喜欢动手实践。"", ""7、有强烈的团队合作精神，有良好的英语读写能力，有大型通信设备开发经验者优先。"", ""岗位福利："", ""1、薪资结构：底薪+绩效+年终奖，入职即缴纳五险一金，额外补充商业险，每年一次调薪调职机会。"", ""2、团建+内购会+班车+免费夜宵+节日福利+生日会+年度免费体检+公司内部健康驿站+带薪年假+半年导师一对一带教。"", ""3、5天8小时，弹性打卡，双休，月末最后一个周六加班，双倍工资。"", ""4、大厂待遇，合同签约4年，项目稳定，个人瓶颈期可申请挑战新项目，晋升空间广，办公环境高大上。"", ""</div>""]","[""可接受24/25应届同学，接受无经验或跨专业，全国岗位可安排，可提供笔面试资料，全程线上面试，流程2-3周~<div>"", ""</div><div> 岗位选择："", ""软件开发、软件测试、嵌入式开发、算法、运维、数据分析等（工作地点可选北京、上海、深圳、东莞、杭州、南京、武汉、成都、西安、长沙、苏州、济南、广州等）"", ""岗位要求："", ""1、本科及以上学历，985/211/双一流大学优先；计算机、通信相关专业优先，非相关专业有相关工作经验也可以。"", ""2、热爱编程，基础扎实，熟悉JAVA/C++/C/Python/JS/HTML/GO等编程语言中的一种或多种，有良好的编程习惯。"", ""3、对数据结构、算法有一定了解，熟悉TCP/IP协议及互联网常见应用和协议的原理。"", ""4、有IT应用软件、互联网软件、IOS/安卓等相关产品开发经验，熟悉网络安全、信息安全等相关领域。"", ""5、熟悉软件开发过程，熟练运用软件开发工具，具备良好的软件工程能力。"", ""6、具备独立工作能力和解决问题的能力，善于沟通，乐于合作，热衷新技术，善于总结分享，喜欢动手实践。"", ""7、有强烈的团队合作精神，有良好的英语读写能力，有大型通信设备开发经验者优先。"", ""岗位福利："", ""1、薪资结构：底薪+绩效+年终奖，入职即缴纳五险一金，额外补充商业险，每年一次调薪调职机会。"", ""2、团建+内购会+班车+免费夜宵+节日福利+生日会+年度免费体检+公司内部健康驿站+带薪年假+半年导师一对一带教。"", ""3、5天8小时，弹性打卡，双休，月末最后一个周六加班，双倍工资。"", ""4、大厂待遇，合同签约4年，项目稳定，个人瓶颈期可申请挑战新项目，晋升空间广，办公环境高大上。"", ""</div>""]","[""本科"", ""计算机软件"", ""年终奖"", ""五险一金"", ""每年一次调薪"", ""团建"", ""班车"", ""节日福利"", ""生日会"", ""年度免费体检"", ""带薪年假"", ""导师一对一带教"", ""弹性打卡"", ""晋升空间"", ""定期团建"", ""免费班车"", ""节日慰问"", ""体检福利"", ""带薪假期"", ""大牛带队"", ""弹性工作""]","[""本科"", ""计算机软件"", ""年终奖"", ""五险一金"", ""每年一次调薪"", ""团建"", ""班车"", ""节日福利"", ""生日会"", ""年度免费体检"", ""带薪年假"", ""导师一对一带教"", ""弹性打卡"", ""晋升空间"", ""定期团建"", ""免费班车"", ""节日慰问"", ""体检福利"", ""带薪假期"", ""大牛带队"", ""弹性工作""]",http://www.zhaopin.com/jobdetail/CCL1480117890J40616278505.htm,2026-07-04T08:09:11.797Z
job_platform,zhaopin,3,40857317805,C/C++/Python/JS /JAVA /C# 软件开发工程师,外企德科数字技术有限公司,软件/IT服务,深圳 龙岗 坂田,18001,35000,经验不限,本科,2026-07-04 00:31:58,"【招聘岗位】
开发、测试、算法、数据岗全年在招，全国均有岗位在招聘(北上广深、南京、成都、杭州、西安、东莞等) ，接受考研考公没上岸、空档，延毕、应届生、无经验、 转码等，欢迎小伙伴们问询~
全程线上面试，提供笔面资料及辅导，参与核心项目开发，入职有资深导师一对一带教，Java/python/JS/C++/测试/算法等。
【福利待遇】
1、薪资pen，看个人能力不卡涨幅，调薪机会，
2、入职全额六险一金+双休，双倍加班费+加班餐补+加班打车报销 
3、上下班有班车，园区有饭堂、免费健身房，良好的团队氛围、资深导师一对一带教
4、大厂待遇，合同及项目稳定，个人瓶颈期可申请挑战新项目，晋升空间广，办公环境高大上。
5、过节福利优厚，包括但不限于(过节费、节日礼盒、 福利活动、部门定期团建等)
【岗位要求】
1、计算机、软件、通信等相关专业，本科及以上学历，专业优秀者可放宽；
2、热爱编程，基础扎实，熟悉掌握 Java/python/C++/C/JS等任意编程语言，有良好的编程习惯；
3、具备独立工作能力和解决问题的能力、善于沟通，乐于合作，热衷新技术，善于总结分享，喜欢动手实践；
4、对数据结构、算法有一定了解；
【成长前景】
在这里，你将从事IT应用层软件、分布式云化软件、互联网软件等的设计开发，可以采用敏捷、Devops、开源等先进的软件设计开发模式，接触最前沿的产品和软件技术，成为大容量高并发技术的专家，你将参与公司产品的软件研发工作，包括但不限于：
(1)完成从客户需求到软件产品定义、架构设计、开发实现、再到上线运营维护等产品生命周期中的各个环节;
(2)创造性解决产品在实现过程中的技术难题应用前沿技术提升产品竞争力，如分布式系统，性能调优、可靠性、数据库等;
(3)有机会参与业界前沿技术研究和规划，参与开源社区运作，与全球专家一起工作、交流，构建在业界影响力。","[""【招聘岗位】"", ""开发、测试、算法、数据岗全年在招，全国均有岗位在招聘(北上广深、南京、成都、杭州、西安、东莞等) ，接受考研考公没上岸、空档，延毕、应届生、无经验、 转码等，欢迎小伙伴们问询~"", ""全程线上面试，提供笔面资料及辅导，参与核心项目开发，入职有资深导师一对一带教，Java/python/JS/C++/测试/算法等。"", ""【福利待遇】"", ""1、薪资pen，看个人能力不卡涨幅，调薪机会，"", ""2、入职全额六险一金+双休，双倍加班费+加班餐补+加班打车报销"", ""3、上下班有班车，园区有饭堂、免费健身房，良好的团队氛围、资深导师一对一带教"", ""4、大厂待遇，合同及项目稳定，个人瓶颈期可申请挑战新项目，晋升空间广，办公环境高大上。"", ""5、过节福利优厚，包括但不限于(过节费、节日礼盒、 福利活动、部门定期团建等)"", ""【岗位要求】"", ""1、计算机、软件、通信等相关专业，本科及以上学历，专业优秀者可放宽；"", ""2、热爱编程，基础扎实，熟悉掌握 Java/python/C++/C/JS等任意编程语言，有良好的编程习惯；"", ""3、具备独立工作能力和解决问题的能力、善于沟通，乐于合作，热衷新技术，善于总结分享，喜欢动手实践；"", ""4、对数据结构、算法有一定了解；"", ""【成长前景】"", ""在这里，你将从事IT应用层软件、分布式云化软件、互联网软件等的设计开发，可以采用敏捷、Devops、开源等先进的软件设计开发模式，接触最前沿的产品和软件技术，成为大容量高并发技术的专家，你将参与公司产品的软件研发工作，包括但不限于："", ""(1)完成从客户需求到软件产品定义、架构设计、开发实现、再到上线运营维护等产品生命周期中的各个环节;"", ""(2)创造性解决产品在实现过程中的技术难题应用前沿技术提升产品竞争力，如分布式系统，性能调优、可靠性、数据库等;"", ""(3)有机会参与业界前沿技术研究和规划，参与开源社区运作，与全球专家一起工作、交流，构建在业界影响力。""]","[""【招聘岗位】"", ""开发、测试、算法、数据岗全年在招，全国均有岗位在招聘(北上广深、南京、成都、杭州、西安、东莞等) ，接受考研考公没上岸、空档，延毕、应届生、无经验、 转码等，欢迎小伙伴们问询~"", ""全程线上面试，提供笔面资料及辅导，参与核心项目开发，入职有资深导师一对一带教，Java/python/JS/C++/测试/算法等。"", ""【福利待遇】"", ""1、薪资pen，看个人能力不卡涨幅，调薪机会，"", ""2、入职全额六险一金+双休，双倍加班费+加班餐补+加班打车报销"", ""3、上下班有班车，园区有饭堂、免费健身房，良好的团队氛围、资深导师一对一带教"", ""4、大厂待遇，合同及项目稳定，个人瓶颈期可申请挑战新项目，晋升空间广，办公环境高大上。"", ""5、过节福利优厚，包括但不限于(过节费、节日礼盒、 福利活动、部门定期团建等)"", ""【岗位要求】"", ""1、计算机、软件、通信等相关专业，本科及以上学历，专业优秀者可放宽；"", ""2、热爱编程，基础扎实，熟悉掌握 Java/python/C++/C/JS等任意编程语言，有良好的编程习惯；"", ""3、具备独立工作能力和解决问题的能力、善于沟通，乐于合作，热衷新技术，善于总结分享，喜欢动手实践；"", ""4、对数据结构、算法有一定了解；"", ""【成长前景】"", ""在这里，你将从事IT应用层软件、分布式云化软件、互联网软件等的设计开发，可以采用敏捷、Devops、开源等先进的软件设计开发模式，接触最前沿的产品和软件技术，成为大容量高并发技术的专家，你将参与公司产品的软件研发工作，包括但不限于："", ""(1)完成从客户需求到软件产品定义、架构设计、开发实现、再到上线运营维护等产品生命周期中的各个环节;"", ""(2)创造性解决产品在实现过程中的技术难题应用前沿技术提升产品竞争力，如分布式系统，性能调优、可靠性、数据库等;"", ""(3)有机会参与业界前沿技术研究和规划，参与开源社区运作，与全球专家一起工作、交流，构建在业界影响力。""]","[""C语言"", ""Java"", ""Python"", ""嵌入式开发"", ""图形图像处理"", ""Linux开发"", ""本科"", ""计算机软件"", ""产业互联网平台"", ""人工智能"", ""导师一对一带教"", ""调薪机会"", ""六险一金"", ""双倍加班费"", ""加班餐补"", ""加班打车报销"", ""上下班有班车"", ""免费健身房"", ""晋升空间"", ""过节福利优厚"", ""过节费"", ""节日礼盒"", ""福利活动"", ""定期团建"", ""大牛带队"", ""加班补助"", ""免费班车"", ""免费健身"", ""节日慰问""]","[""C语言"", ""Java"", ""Python"", ""嵌入式开发"", ""图形图像处理"", ""Linux开发"", ""本科"", ""计算机软件"", ""产业互联网平台"", ""人工智能"", ""导师一对一带教"", ""调薪机会"", ""六险一金"", ""双倍加班费"", ""加班餐补"", ""加班打车报销"", ""上下班有班车"", ""免费健身房"", ""晋升空间"", ""过节福利优厚"", ""过节费"", ""节日礼盒"", ""福利活动"", ""定期团建"", ""大牛带队"", ""加班补助"", ""免费班车"", ""免费健身"", ""节日慰问""]",http://www.zhaopin.com/jobdetail/CCL1480117890J40857317805.htm,2026-07-04T08:09:11.797Z
job_platform,zhaopin,3,40853701005,python,外企德科数字技术有限公司,软件/IT服务,深圳 龙岗 坂田,13001,26000,1-3年,本科,2026-07-04 00:31:47,"岗位职责:
1、负责通信电源设备领域软件版本的需求分析和特性设计
2、负责软件架构设计、维护和软件代码编写3、负责软件代码的单元测试、静态检查、本地构建、测试环境搭建、问题定位等工作
岗位要求:
1、熟练掌握python，熟悉Linux基本操作和Shell脚z使用，熟悉CAN,Modbus，Tcp/Ip等通信协议;2、理解Linux或类似FreeRTOS操作系统、文件系统、驱动和其他相关嵌入式开源软件原理3、了解常用的软件架构模式、基本的编程编译工具。4、计算机、软件工程、通信、电子、网络等相关专业一类本科及以上学历，1年及以上项目开发经验，独立承担过模块开发、维护工作5、具有良好的沟通能力，对技术有激情，喜欢钻研，能快速接受和掌握新技术，有较强的独立、主动的学习能力","[""岗位职责:"", ""1、负责通信电源设备领域软件版本的需求分析和特性设计"", ""2、负责软件架构设计、维护和软件代码编写3、负责软件代码的单元测试、静态检查、本地构建、测试环境搭建、问题定位等工作"", ""岗位要求:"", ""1、熟练掌握python，熟悉Linux基本操作和Shell脚z使用，熟悉CAN,Modbus，Tcp/Ip等通信协议;2、理解Linux或类似FreeRTOS操作系统、文件系统、驱动和其他相关嵌入式开源软件原理3、了解常用的软件架构模式、基本的编程编译工具。4、计算机、软件工程、通信、电子、网络等相关专业一类本科及以上学历，1年及以上项目开发经验，独立承担过模块开发、维护工作5、具有良好的沟通能力，对技术有激情，喜欢钻研，能快速接受和掌握新技术，有较强的独立、主动的学习能力""]","[""岗位职责:"", ""1、负责通信电源设备领域软件版本的需求分析和特性设计"", ""2、负责软件架构设计、维护和软件代码编写3、负责软件代码的单元测试、静态检查、本地构建、测试环境搭建、问题定位等工作"", ""岗位要求:"", ""1、熟练掌握python，熟悉Linux基本操作和Shell脚z使用，熟悉CAN,Modbus，Tcp/Ip等通信协议;2、理解Linux或类似FreeRTOS操作系统、文件系统、驱动和其他相关嵌入式开源软件原理3、了解常用的软件架构模式、基本的编程编译工具。4、计算机、软件工程、通信、电子、网络等相关专业一类本科及以上学历，1年及以上项目开发经验，独立承担过模块开发、维护工作5、具有良好的沟通能力，对技术有激情，喜欢钻研，能快速接受和掌握新技术，有较强的独立、主动的学习能力""]","[""C++"", ""Java"", ""JavaScript"", ""PyQt"", ""MySQL"", ""本科"", ""1-3年"", ""计算机软件"", ""信息安全"", ""通信/网络设备""]","[""C++"", ""Java"", ""JavaScript"", ""PyQt"", ""MySQL"", ""本科"", ""1-3年"", ""计算机软件"", ""信息安全"", ""通信/网络设备""]",http://www.zhaopin.com/jobdetail/CCL1480117890J40853701005.htm,2026-07-04T08:09:11.797Z
job_platform,zhaopin,3,40861618405,Java/C/C++/python/测试工程师,外企德科数字技术有限公司,软件/IT服务,深圳 龙岗 坂田,13001,26000,经验不限,本科,2026-07-04 00:32:11,"【福利待遇】：
1、底薪(10-25k)+绩效(2-5k) (根据技术面试能力定级定薪)
2、试用期不打折，年终奖2-4个月
3、入职缴纳五险一金，公积金按底薪全额缴纳
4、入职就有导师一对一，带教半年
5、优质研究所办公环境和技术氛围
6、加班费、交通报销、免费宵夜、班车、健身房、下午茶，团建，带薪年假
-----------------------------------------------------------------
岗位职责：
【通用软件开发工程师】
在这里，您将从事IT应用层软件、分布式云化软件、互联网软件等的设计开发，可以采用敏捷、Devops、开源等先进的软件设计开发模式，接触最前沿的产品和软件技术，成为大容量高并发技术的专家；您将参与华为产品的软件研发工作，包括但不限于：
1、完成从客户需求到软件产品定义、架构设计、开发实现、再到上线运营维护等产品生命周期中的各个环节；
2、创造性解决产品在实现过程中的技术难题，应用前沿技术提升产品的核心竞争力，如分布式系统、性能调优、可靠性、数据库等；
3、有机会参与业界前沿技术研究和规划，参与开源社区运作，与全球专家一起工作、交流，构建华为在业界影响力。
【操作系统开发工程师】
您可以构建端、管、云业界领先的OS解决方案，横跨物联网、智能手机、AI、云计算、大数据、机器人、计算机图形和视觉等创新前沿领域，参与技术突破与产品研发工作，包括但不限于：
1、深入下一代OS内核、下一代智慧化用户体验、终端OS、下一代嵌入式、边缘计算、虚拟化等技术创新突破；
2、承担公有云/NFV/SDN/IOT/云存储等关键场景下，基于X86和ARM64等架构的OS核心子系统的特性需求分析、设计和编码等研发工作；
3、Linux、微内核、Docker 、虚拟化、Linaro、Android等社区为您敞开大门，您将会参加各种开源软件峰会，与业界大牛面对面交流。
【云计算开发工程师】
如果你对互联网DevOps的开发模式感兴趣，希望获得全栈式的开发能力（需求分析、方案设计、开发、验证、交付及运维），该岗位将为你提供全场景的能力提升机会，可以参与建设全球高速发展的、开放共赢的云生态。
如果你喜欢云平台，在这里，可以参与超大规模的分布式计算系统设计，可以从无到有、自动化定制部署一套业界领先云平台；
如果你热衷虚拟化、容器、边缘计算、软件定义网络(SDN)等技术，在这里，你将有机会参与主流开源社区，与Linux\OpenStack\Kubernetes等社区大咖一起共事；
此外，如里你还对云数据库、云安全、云智能运维、云存储、云数据中心等领域感兴趣，在这里，你将有机会和全球顶尖专家一起并肩作战，快速成长为云领域的技术大牛！
【AI软件开发】
1、负责AI领域的软件工程化和产品开发；
2、负责AI算法及系统的设计和实现，包括但不限于：神经网络与机器学习、计算机视觉、无人驾驶、路径规划、智能决策、推荐系统、大模型、生成式AI等；
3、负责产品的集成和调测，以及各类工具链的开发；
4、负责对外洞察AI领域最新趋势，包括但不限于：大模型、生成式AI、AI for coding等。
岗位要求：
【通用软件开发工程师】
1、计算机、软件、通信等相关专业本科及以上学历；
2、热爱编程，基础扎实，熟悉掌握但不限于JAVA/C++/C/Python/JS/HTML/GO/Rust等编程语言中的一种或数种，有良好的编程习惯；
3、具备独立工作能力和解决问题的能力、善于沟通，乐于合作，热衷新技术，善于总结分享，喜欢动手实践；
4、对数据结构、算法有一定了解；
5、优选条件：
（1）熟悉TCP/IP协议及互联网常见应用和协议的原理；
（2）有IT应用软件、互联网软件、IOS/安卓等相关产品开发经验，不满足于课堂所学，在校期间积极参加校内外软件编程大赛或积极参于编程开源社区组织；
（3）熟悉JS/AS/AJAX/HTML5/CSS等前端开发技术。
【操作系统开发工程师】
1、 计算机、通信、电子、自动化、数学等相关专业本科及以上学历；
2、 热爱编程，基础扎实；有C语言开发经验、了解Linux内核、嵌入式经验的优先考虑；
3、在计算机领域和国际期刊发表过相关论文，或有开源社区、ACM大赛获奖、专利申请等经验者优先。
【云计算开发工程师】
1、计算机、软件相关专业本科及以上学历；
2、熟悉以下一种编程语言：C/C++/Java/C#/Python/Go/PHP等编程语言；
3、熟悉或掌握以下一方面知识者优先：
（1）虚拟化、计算、网络、存储、安全、监控运维、操作系统、数据库、系统自动化、分布式架构、开源等；
（2）有IT应用软件、互联网软件、IOS/安卓等相关产品开发经验。
【AI软件开发】
1、计算机相关专业，具备一个及以上大型实际软件项目经验，独立承担过关键子模块的开发工作；
2、熟练运用至少一门编程语言（C++ /Java /Python/Rust等）；
3、熟悉Tensorflow/scikit-learn/xgboost/Caffe/MindSpore/pytorch等主流深度学习框架的使用，具备AI算法开发及应用经验者优先；
4、深入理解计算机系统架构与操作系统，熟练掌握异构计算平台原理和典型硬件加速器的使用方法，熟练运用并发编程和底层调试，熟悉Linux/ROS；
5、熟悉深度神经网络、计算机视觉、机器人导航定位、运动规划、机器学习算法和知识图谱等的至少一种，能够针对算法特点与芯片硬件特点设计最佳算法实现方式并优化部署或者有数据分析、挖掘、建模等方面的背景；
6、了解编程规范/惯用法/设计模式，掌握OOD/业界常用框架优先。","[""【福利待遇】："", ""1、底薪(10-25k)+绩效(2-5k) (根据技术面试能力定级定薪)"", ""2、试用期不打折，年终奖2-4个月"", ""3、入职缴纳五险一金，公积金按底薪全额缴纳"", ""4、入职就有导师一对一，带教半年"", ""5、优质研究所办公环境和技术氛围"", ""6、加班费、交通报销、免费宵夜、班车、健身房、下午茶，团建，带薪年假"", ""-----------------------------------------------------------------"", ""岗位职责："", ""【通用软件开发工程师】"", ""在这里，您将从事IT应用层软件、分布式云化软件、互联网软件等的设计开发，可以采用敏捷、Devops、开源等先进的软件设计开发模式，接触最前沿的产品和软件技术，成为大容量高并发技术的专家；您将参与华为产品的软件研发工作，包括但不限于："", ""1、完成从客户需求到软件产品定义、架构设计、开发实现、再到上线运营维护等产品生命周期中的各个环节；"", ""2、创造性解决产品在实现过程中的技术难题，应用前沿技术提升产品的核心竞争力，如分布式系统、性能调优、可靠性、数据库等；"", ""3、有机会参与业界前沿技术研究和规划，参与开源社区运作，与全球专家一起工作、交流，构建华为在业界影响力。"", ""【操作系统开发工程师】"", ""您可以构建端、管、云业界领先的OS解决方案，横跨物联网、智能手机、AI、云计算、大数据、机器人、计算机图形和视觉等创新前沿领域，参与技术突破与产品研发工作，包括但不限于："", ""1、深入下一代OS内核、下一代智慧化用户体验、终端OS、下一代嵌入式、边缘计算、虚拟化等技术创新突破；"", ""2、承担公有云/NFV/SDN/IOT/云存储等关键场景下，基于X86和ARM64等架构的OS核心子系统的特性需求分析、设计和编码等研发工作；"", ""3、Linux、微内核、Docker 、虚拟化、Linaro、Android等社区为您敞开大门，您将会参加各种开源软件峰会，与业界大牛面对面交流。"", ""【云计算开发工程师】"", ""如果你对互联网DevOps的开发模式感兴趣，希望获得全栈式的开发能力（需求分析、方案设计、开发、验证、交付及运维），该岗位将为你提供全场景的能力提升机会，可以参与建设全球高速发展的、开放共赢的云生态。"", ""如果你喜欢云平台，在这里，可以参与超大规模的分布式计算系统设计，可以从无到有、自动化定制部署一套业界领先云平台；"", ""如果你热衷虚拟化、容器、边缘计算、软件定义网络(SDN)等技术，在这里，你将有机会参与主流开源社区，与Linux\\OpenStack\\Kubernetes等社区大咖一起共事；"", ""此外，如里你还对云数据库、云安全、云智能运维、云存储、云数据中心等领域感兴趣，在这里，你将有机会和全球顶尖专家一起并肩作战，快速成长为云领域的技术大牛！"", ""【AI软件开发】"", ""1、负责AI领域的软件工程化和产品开发；"", ""2、负责AI算法及系统的设计和实现，包括但不限于：神经网络与机器学习、计算机视觉、无人驾驶、路径规划、智能决策、推荐系统、大模型、生成式AI等；"", ""3、负责产品的集成和调测，以及各类工具链的开发；"", ""4、负责对外洞察AI领域最新趋势，包括但不限于：大模型、生成式AI、AI for coding等。"", ""岗位要求："", ""【通用软件开发工程师】"", ""1、计算机、软件、通信等相关专业本科及以上学历；"", ""2、热爱编程，基础扎实，熟悉掌握但不限于JAVA/C++/C/Python/JS/HTML/GO/Rust等编程语言中的一种或数种，有良好的编程习惯；"", ""3、具备独立工作能力和解决问题的能力、善于沟通，乐于合作，热衷新技术，善于总结分享，喜欢动手实践；"", ""4、对数据结构、算法有一定了解；"", ""5、优选条件："", ""（1）熟悉TCP/IP协议及互联网常见应用和协议的原理；"", ""（2）有IT应用软件、互联网软件、IOS/安卓等相关产品开发经验，不满足于课堂所学，在校期间积极参加校内外软件编程大赛或积极参于编程开源社区组织；"", ""（3）熟悉JS/AS/AJAX/HTML5/CSS等前端开发技术。"", ""【操作系统开发工程师】"", ""1、 计算机、通信、电子、自动化、数学等相关专业本科及以上学历；"", ""2、 热爱编程，基础扎实；有C语言开发经验、了解Linux内核、嵌入式经验的优先考虑；"", ""3、在计算机领域和国际期刊发表过相关论文，或有开源社区、ACM大赛获奖、专利申请等经验者优先。"", ""【云计算开发工程师】"", ""1、计算机、软件相关专业本科及以上学历；"", ""2、熟悉以下一种编程语言：C/C++/Java/C#/Python/Go/PHP等编程语言；"", ""3、熟悉或掌握以下一方面知识者优先："", ""（1）虚拟化、计算、网络、存储、安全、监控运维、操作系统、数据库、系统自动化、分布式架构、开源等；"", ""（2）有IT应用软件、互联网软件、IOS/安卓等相关产品开发经验。"", ""【AI软件开发】"", ""1、计算机相关专业，具备一个及以上大型实际软件项目经验，独立承担过关键子模块的开发工作；"", ""2、熟练运用至少一门编程语言（C++ /Java /Python/Rust等）；"", ""3、熟悉Tensorflow/scikit-learn/xgboost/Caffe/MindSpore/pytorch等主流深度学习框架的使用，具备AI算法开发及应用经验者优先；"", ""4、深入理解计算机系统架构与操作系统，熟练掌握异构计算平台原理和典型硬件加速器的使用方法，熟练运用并发编程和底层调试，熟悉Linux/ROS；"", ""5、熟悉深度神经网络、计算机视觉、机器人导航定位、运动规划、机器学习算法和知识图谱等的至少一种，能够针对算法特点与芯片硬件特点设计最佳算法实现方式并优化部署或者有数据分析、挖掘、建模等方面的背景；"", ""6、了解编程规范/惯用法/设计模式，掌握OOD/业界常用框架优先。""]","[""【福利待遇】："", ""1、底薪(10-25k)+绩效(2-5k) (根据技术面试能力定级定薪)"", ""2、试用期不打折，年终奖2-4个月"", ""3、入职缴纳五险一金，公积金按底薪全额缴纳"", ""4、入职就有导师一对一，带教半年"", ""5、优质研究所办公环境和技术氛围"", ""6、加班费、交通报销、免费宵夜、班车、健身房、下午茶，团建，带薪年假"", ""-----------------------------------------------------------------"", ""岗位职责："", ""【通用软件开发工程师】"", ""在这里，您将从事IT应用层软件、分布式云化软件、互联网软件等的设计开发，可以采用敏捷、Devops、开源等先进的软件设计开发模式，接触最前沿的产品和软件技术，成为大容量高并发技术的专家；您将参与华为产品的软件研发工作，包括但不限于："", ""1、完成从客户需求到软件产品定义、架构设计、开发实现、再到上线运营维护等产品生命周期中的各个环节；"", ""2、创造性解决产品在实现过程中的技术难题，应用前沿技术提升产品的核心竞争力，如分布式系统、性能调优、可靠性、数据库等；"", ""3、有机会参与业界前沿技术研究和规划，参与开源社区运作，与全球专家一起工作、交流，构建华为在业界影响力。"", ""【操作系统开发工程师】"", ""您可以构建端、管、云业界领先的OS解决方案，横跨物联网、智能手机、AI、云计算、大数据、机器人、计算机图形和视觉等创新前沿领域，参与技术突破与产品研发工作，包括但不限于："", ""1、深入下一代OS内核、下一代智慧化用户体验、终端OS、下一代嵌入式、边缘计算、虚拟化等技术创新突破；"", ""2、承担公有云/NFV/SDN/IOT/云存储等关键场景下，基于X86和ARM64等架构的OS核心子系统的特性需求分析、设计和编码等研发工作；"", ""3、Linux、微内核、Docker 、虚拟化、Linaro、Android等社区为您敞开大门，您将会参加各种开源软件峰会，与业界大牛面对面交流。"", ""【云计算开发工程师】"", ""如果你对互联网DevOps的开发模式感兴趣，希望获得全栈式的开发能力（需求分析、方案设计、开发、验证、交付及运维），该岗位将为你提供全场景的能力提升机会，可以参与建设全球高速发展的、开放共赢的云生态。"", ""如果你喜欢云平台，在这里，可以参与超大规模的分布式计算系统设计，可以从无到有、自动化定制部署一套业界领先云平台；"", ""如果你热衷虚拟化、容器、边缘计算、软件定义网络(SDN)等技术，在这里，你将有机会参与主流开源社区，与Linux\\OpenStack\\Kubernetes等社区大咖一起共事；"", ""此外，如里你还对云数据库、云安全、云智能运维、云存储、云数据中心等领域感兴趣，在这里，你将有机会和全球顶尖专家一起并肩作战，快速成长为云领域的技术大牛！"", ""【AI软件开发】"", ""1、负责AI领域的软件工程化和产品开发；"", ""2、负责AI算法及系统的设计和实现，包括但不限于：神经网络与机器学习、计算机视觉、无人驾驶、路径规划、智能决策、推荐系统、大模型、生成式AI等；"", ""3、负责产品的集成和调测，以及各类工具链的开发；"", ""4、负责对外洞察AI领域最新趋势，包括但不限于：大模型、生成式AI、AI for coding等。"", ""岗位要求："", ""【通用软件开发工程师】"", ""1、计算机、软件、通信等相关专业本科及以上学历；"", ""2、热爱编程，基础扎实，熟悉掌握但不限于JAVA/C++/C/Python/JS/HTML/GO/Rust等编程语言中的一种或数种，有良好的编程习惯；"", ""3、具备独立工作能力和解决问题的能力、善于沟通，乐于合作，热衷新技术，善于总结分享，喜欢动手实践；"", ""4、对数据结构、算法有一定了解；"", ""5、优选条件："", ""（1）熟悉TCP/IP协议及互联网常见应用和协议的原理；"", ""（2）有IT应用软件、互联网软件、IOS/安卓等相关产品开发经验，不满足于课堂所学，在校期间积极参加校内外软件编程大赛或积极参于编程开源社区组织；"", ""（3）熟悉JS/AS/AJAX/HTML5/CSS等前端开发技术。"", ""【操作系统开发工程师】"", ""1、 计算机、通信、电子、自动化、数学等相关专业本科及以上学历；"", ""2、 热爱编程，基础扎实；有C语言开发经验、了解Linux内核、嵌入式经验的优先考虑；"", ""3、在计算机领域和国际期刊发表过相关论文，或有开源社区、ACM大赛获奖、专利申请等经验者优先。"", ""【云计算开发工程师】"", ""1、计算机、软件相关专业本科及以上学历；"", ""2、熟悉以下一种编程语言：C/C++/Java/C#/Python/Go/PHP等编程语言；"", ""3、熟悉或掌握以下一方面知识者优先："", ""（1）虚拟化、计算、网络、存储、安全、监控运维、操作系统、数据库、系统自动化、分布式架构、开源等；"", ""（2）有IT应用软件、互联网软件、IOS/安卓等相关产品开发经验。"", ""【AI软件开发】"", ""1、计算机相关专业，具备一个及以上大型实际软件项目经验，独立承担过关键子模块的开发工作；"", ""2、熟练运用至少一门编程语言（C++ /Java /Python/Rust等）；"", ""3、熟悉Tensorflow/scikit-learn/xgboost/Caffe/MindSpore/pytorch等主流深度学习框架的使用，具备AI算法开发及应用经验者优先；"", ""4、深入理解计算机系统架构与操作系统，熟练掌握异构计算平台原理和典型硬件加速器的使用方法，熟练运用并发编程和底层调试，熟悉Linux/ROS；"", ""5、熟悉深度神经网络、计算机视觉、机器人导航定位、运动规划、机器学习算法和知识图谱等的至少一种，能够针对算法特点与芯片硬件特点设计最佳算法实现方式并优化部署或者有数据分析、挖掘、建模等方面的背景；"", ""6、了解编程规范/惯用法/设计模式，掌握OOD/业界常用框架优先。""]","[""Java"", ""Python"", ""C/C++"", ""本科"", ""计算机软件""]","[""Java"", ""Python"", ""C/C++"", ""本科"", ""计算机软件""]",http://www.zhaopin.com/jobdetail/CCL1480117890J40861618405.htm,2026-07-04T08:09:11.797Z
job_platform,zhaopin,4,40877889205,软件开发通用（Java/c++/python）,外企德科数字技术有限公司,软件/IT服务,深圳 龙岗 坂田,10001,20000,1-3年,本科,2026-07-04 00:33:11,"岗位内容：
1. 负责Java应用程序的设计与开发，包括需求分析、系统设计、编码和测试等环节。
2. 研究新技术，不断提升开发效率和程序性能。
3. 改进现有系统、优化系统资源，提高系统稳定性和可靠性。
4. 参与团队内部培训、交流与分享会议，促进整个团队技术水平的提升。
任职要求：一本级以上学历，计算机相关专业。<div>  1. 熟悉Java语言，熟练掌握Spring框架及相关开源技术。  
2. 具备扎实的计算机基础，熟悉数据结构、算法和网络编程等知识点。  
3. 具备初步的Web开发经验，熟悉HTML、CSS、JavaScript等前端技术。  
4. 具有较强的自学能力、问题解决能力和团队协作能力。</div>","[""岗位内容："", ""1. 负责Java应用程序的设计与开发，包括需求分析、系统设计、编码和测试等环节。"", ""2. 研究新技术，不断提升开发效率和程序性能。"", ""3. 改进现有系统、优化系统资源，提高系统稳定性和可靠性。"", ""4. 参与团队内部培训、交流与分享会议，促进整个团队技术水平的提升。"", ""任职要求：一本级以上学历，计算机相关专业。<div>  1. 熟悉Java语言，熟练掌握Spring框架及相关开源技术。"", ""2. 具备扎实的计算机基础，熟悉数据结构、算法和网络编程等知识点。"", ""3. 具备初步的Web开发经验，熟悉HTML、CSS、JavaScript等前端技术。"", ""4. 具有较强的自学能力、问题解决能力和团队协作能力。</div>""]","[""岗位内容："", ""1. 负责Java应用程序的设计与开发，包括需求分析、系统设计、编码和测试等环节。"", ""2. 研究新技术，不断提升开发效率和程序性能。"", ""3. 改进现有系统、优化系统资源，提高系统稳定性和可靠性。"", ""4. 参与团队内部培训、交流与分享会议，促进整个团队技术水平的提升。"", ""任职要求：一本级以上学历，计算机相关专业。<div>  1. 熟悉Java语言，熟练掌握Spring框架及相关开源技术。"", ""2. 具备扎实的计算机基础，熟悉数据结构、算法和网络编程等知识点。"", ""3. 具备初步的Web开发经验，熟悉HTML、CSS、JavaScript等前端技术。"", ""4. 具有较强的自学能力、问题解决能力和团队协作能力。</div>""]","[""Python"", ""C++"", ""本科"", ""1-3年"", ""云计算"", ""计算机软件"", ""团队内部培训""]","[""Python"", ""C++"", ""本科"", ""1-3年"", ""云计算"", ""计算机软件"", ""团队内部培训""]",http://www.zhaopin.com/jobdetail/CCL1480117890J40877889205.htm,2026-07-04T08:09:11.797Z
job_platform,zhaopin,4,40768605405,java/c++/python/js开发,外企德科数字技术有限公司,软件/IT服务,深圳 龙岗 坂田,15001,30000,经验不限,本科,2026-07-04 00:30:14,"工作内容:
1.负责研发领域IT系统技术方案的设计，开发等工作;
2.负责项目开发过程中的技术攻关及解决运行中出现的技术问题;
3.负责产品核心模块的代码编写和测试;
4.负责产品疑难问题的分析和定位。
岗位要求:
1.热爱编程，基础扎实，熟悉掌握但不限于JAVA/Python/JS/HTML/GO/C/C++/C#等编程语言中的一种或数种，有良好的编程
习惯;
2.熟悉算法基础
3.具备独立工作能力和解决问题的能力、善于沟通、乐于合作、热衷新技术、善于总结分享，喜欢动手实践;","[""工作内容:"", ""1.负责研发领域IT系统技术方案的设计，开发等工作;"", ""2.负责项目开发过程中的技术攻关及解决运行中出现的技术问题;"", ""3.负责产品核心模块的代码编写和测试;"", ""4.负责产品疑难问题的分析和定位。"", ""岗位要求:"", ""1.热爱编程，基础扎实，熟悉掌握但不限于JAVA/Python/JS/HTML/GO/C/C++/C#等编程语言中的一种或数种，有良好的编程"", ""习惯;"", ""2.熟悉算法基础"", ""3.具备独立工作能力和解决问题的能力、善于沟通、乐于合作、热衷新技术、善于总结分享，喜欢动手实践;""]","[""工作内容:"", ""1.负责研发领域IT系统技术方案的设计，开发等工作;"", ""2.负责项目开发过程中的技术攻关及解决运行中出现的技术问题;"", ""3.负责产品核心模块的代码编写和测试;"", ""4.负责产品疑难问题的分析和定位。"", ""岗位要求:"", ""1.热爱编程，基础扎实，熟悉掌握但不限于JAVA/Python/JS/HTML/GO/C/C++/C#等编程语言中的一种或数种，有良好的编程"", ""习惯;"", ""2.熟悉算法基础"", ""3.具备独立工作能力和解决问题的能力、善于沟通、乐于合作、热衷新技术、善于总结分享，喜欢动手实践;""]","[""本科"", ""计算机软件""]","[""本科"", ""计算机软件""]",http://www.zhaopin.com/jobdetail/CCL1480117890J40768605405.htm,2026-07-04T08:09:11.797Z
job_platform,zhaopin,4,40786471305,月薪15-35k/java/c++/python后端开发/算法/测试,外企德科数字技术有限公司,软件/IT服务,深圳 龙岗 坂田,15001,30000,经验不限,本科,2026-07-04 00:30:15,"全国均有岗位(开发、测试、算法、数据分析等)
岗位要求:
一、软件开发工程师
1.热爱编程，熟悉掌握Java/C++/C/Python/Web开发等编程语言中的一种或多种编程语言扎实的编程功底:
2.具备良好的独立工作能力和解决问题能力，善于沟通，乐于合作，热衷新技术;
二、
软件测试工程师:
1.热爱编程，熟悉掌握C/C++/Java/Python等编程语言中的一种或多种编程语言，扎实的编程功底;
2.有web开发或测试经验、自动化开发或测试经验者优先。
3.熟练掌握系统测试、功能测试、专项测试、软件测试、韧性测试、安全测试方法中的一种或多种测试方法，有相关测试语言/脚本的编写和实践经验优先，也可接受纯测试经验的。
4.具备良好的独立工作能力和解决问题能力，善于沟通，乐于合作，热衷新技术;
三，算法工程师（AI算法 大模型算法 自然语言处理算法 图像算法等等）
四，前端开发&嵌入式方向","[""全国均有岗位(开发、测试、算法、数据分析等)"", ""岗位要求:"", ""一、软件开发工程师"", ""1.热爱编程，熟悉掌握Java/C++/C/Python/Web开发等编程语言中的一种或多种编程语言扎实的编程功底:"", ""2.具备良好的独立工作能力和解决问题能力，善于沟通，乐于合作，热衷新技术;"", ""二、"", ""软件测试工程师:"", ""1.热爱编程，熟悉掌握C/C++/Java/Python等编程语言中的一种或多种编程语言，扎实的编程功底;"", ""2.有web开发或测试经验、自动化开发或测试经验者优先。"", ""3.熟练掌握系统测试、功能测试、专项测试、软件测试、韧性测试、安全测试方法中的一种或多种测试方法，有相关测试语言/脚本的编写和实践经验优先，也可接受纯测试经验的。"", ""4.具备良好的独立工作能力和解决问题能力，善于沟通，乐于合作，热衷新技术;"", ""三，算法工程师（AI算法 大模型算法 自然语言处理算法 图像算法等等）"", ""四，前端开发&嵌入式方向""]","[""全国均有岗位(开发、测试、算法、数据分析等)"", ""岗位要求:"", ""一、软件开发工程师"", ""1.热爱编程，熟悉掌握Java/C++/C/Python/Web开发等编程语言中的一种或多种编程语言扎实的编程功底:"", ""2.具备良好的独立工作能力和解决问题能力，善于沟通，乐于合作，热衷新技术;"", ""二、"", ""软件测试工程师:"", ""1.热爱编程，熟悉掌握C/C++/Java/Python等编程语言中的一种或多种编程语言，扎实的编程功底;"", ""2.有web开发或测试经验、自动化开发或测试经验者优先。"", ""3.熟练掌握系统测试、功能测试、专项测试、软件测试、韧性测试、安全测试方法中的一种或多种测试方法，有相关测试语言/脚本的编写和实践经验优先，也可接受纯测试经验的。"", ""4.具备良好的独立工作能力和解决问题能力，善于沟通，乐于合作，热衷新技术;"", ""三，算法工程师（AI算法 大模型算法 自然语言处理算法 图像算法等等）"", ""四，前端开发&嵌入式方向""]","[""Java"", ""C++"", ""C"", ""本科"", ""计算机软件""]","[""Java"", ""C++"", ""C"", ""本科"", ""计算机软件""]",http://www.zhaopin.com/jobdetail/CCL1480117890J40786471305.htm,2026-07-04T08:09:11.797Z
job_platform,zhaopin,5,40853602505,Java开发【python可投】,外企德科数字技术有限公司,软件/IT服务,深圳 龙岗 坂田,15001,30000,经验不限,本科,2026-07-04 00:31:47,"一、硬性要求
1、已顺利毕业，毕业证、学位证齐全且未丢失；
2、第一学历为公办本科（学历信息需配合核查）；
3、熟练掌握以下至少一种编程语言：JAVA、python（其他类别酌情。）
4、具备基础的编程思维、逻辑分析能力，了解常用数据结构与算法。
5、只接受计算机相关专业候选人投递。<div>  6、社招不接受在校生，要求证件齐全。  
二、优先录用条件  
1、有相关编程语言的项目开发经验（含课程设计、实习项目、个人开源项目、竞赛经历（如蓝桥杯）等）；  
2、熟悉对应语言的常用框架、开发工具或数据库操作；  
3、具备良好的沟通协作能力、责任心强，有较强的自主学习意愿。  
三、福利待遇  
1、薪资：行业竞争力薪资（根据学历、能力、经验面议、税前不会低于13K）；  
2、保障：六险一金（按实际工资基数缴纳）+ 补充商业保险；  
3、福利：带薪年假、法定节假日、节日福利、定期团建、年度体检；  
4、成长：完善的岗前培训、技术分享会、跨部门学习机会，清晰的职业晋升通道；  
5、其他：弹性工作时间、舒适办公环境。早晚班车（根据地区）。  
6、十四薪。  
四、面试形式  
面试为纯线上方式，具体表现为：机考、穿插综测、HR面、技术一面、技术二面、主管面。  
五、参考岗位职责  
1、负责集团级通用业务数字化系统的开发、运维与迭代优化，保障系统稳定高效运行，支撑核心业务流程的数字化落地与升级</div><div>  2、基于业务需求完成功能开发、脚本编写与系统二次开发，通过代码能力优化系统功能、提升业务处理效率，解决系统运行中的技术问题</div><div>  3、为业务端提供专业的数字化应用技术支持，快速响应并解决系统使用中的各类问题，沉淀标准化服务方案，持续优化业务数字化使用体验</div><div>  4、深度协同各业务部门，拆解业务场景的真实需求，梳理业务流程痛点，输出适配的数字化解决方案，推动项目从需求调研、开发落地到上线验收的全流程管理</div><div>  5、严格遵守企业信息安全、数据安全与合规管理规范，落实系统与数据安全管控要求，保障数字化运营的合规性与安全性</div>","[""一、硬性要求"", ""1、已顺利毕业，毕业证、学位证齐全且未丢失；"", ""2、第一学历为公办本科（学历信息需配合核查）；"", ""3、熟练掌握以下至少一种编程语言：JAVA、python（其他类别酌情。）"", ""4、具备基础的编程思维、逻辑分析能力，了解常用数据结构与算法。"", ""5、只接受计算机相关专业候选人投递。<div>  6、社招不接受在校生，要求证件齐全。"", ""二、优先录用条件"", ""1、有相关编程语言的项目开发经验（含课程设计、实习项目、个人开源项目、竞赛经历（如蓝桥杯）等）；"", ""2、熟悉对应语言的常用框架、开发工具或数据库操作；"", ""3、具备良好的沟通协作能力、责任心强，有较强的自主学习意愿。"", ""三、福利待遇"", ""1、薪资：行业竞争力薪资（根据学历、能力、经验面议、税前不会低于13K）；"", ""2、保障：六险一金（按实际工资基数缴纳）+ 补充商业保险；"", ""3、福利：带薪年假、法定节假日、节日福利、定期团建、年度体检；"", ""4、成长：完善的岗前培训、技术分享会、跨部门学习机会，清晰的职业晋升通道；"", ""5、其他：弹性工作时间、舒适办公环境。早晚班车（根据地区）。"", ""6、十四薪。"", ""四、面试形式"", ""面试为纯线上方式，具体表现为：机考、穿插综测、HR面、技术一面、技术二面、主管面。"", ""五、参考岗位职责"", ""1、负责集团级通用业务数字化系统的开发、运维与迭代优化，保障系统稳定高效运行，支撑核心业务流程的数字化落地与升级</div><div>  2、基于业务需求完成功能开发、脚本编写与系统二次开发，通过代码能力优化系统功能、提升业务处理效率，解决系统运行中的技术问题</div><div>  3、为业务端提供专业的数字化应用技术支持，快速响应并解决系统使用中的各类问题，沉淀标准化服务方案，持续优化业务数字化使用体验</div><div>  4、深度协同各业务部门，拆解业务场景的真实需求，梳理业务流程痛点，输出适配的数字化解决方案，推动项目从需求调研、开发落地到上线验收的全流程管理</div><div>  5、严格遵守企业信息安全、数据安全与合规管理规范，落实系统与数据安全管控要求，保障数字化运营的合规性与安全性</div>""]","[""一、硬性要求"", ""1、已顺利毕业，毕业证、学位证齐全且未丢失；"", ""2、第一学历为公办本科（学历信息需配合核查）；"", ""3、熟练掌握以下至少一种编程语言：JAVA、python（其他类别酌情。）"", ""4、具备基础的编程思维、逻辑分析能力，了解常用数据结构与算法。"", ""5、只接受计算机相关专业候选人投递。<div>  6、社招不接受在校生，要求证件齐全。"", ""二、优先录用条件"", ""1、有相关编程语言的项目开发经验（含课程设计、实习项目、个人开源项目、竞赛经历（如蓝桥杯）等）；"", ""2、熟悉对应语言的常用框架、开发工具或数据库操作；"", ""3、具备良好的沟通协作能力、责任心强，有较强的自主学习意愿。"", ""三、福利待遇"", ""1、薪资：行业竞争力薪资（根据学历、能力、经验面议、税前不会低于13K）；"", ""2、保障：六险一金（按实际工资基数缴纳）+ 补充商业保险；"", ""3、福利：带薪年假、法定节假日、节日福利、定期团建、年度体检；"", ""4、成长：完善的岗前培训、技术分享会、跨部门学习机会，清晰的职业晋升通道；"", ""5、其他：弹性工作时间、舒适办公环境。早晚班车（根据地区）。"", ""6、十四薪。"", ""四、面试形式"", ""面试为纯线上方式，具体表现为：机考、穿插综测、HR面、技术一面、技术二面、主管面。"", ""五、参考岗位职责"", ""1、负责集团级通用业务数字化系统的开发、运维与迭代优化，保障系统稳定高效运行，支撑核心业务流程的数字化落地与升级</div><div>  2、基于业务需求完成功能开发、脚本编写与系统二次开发，通过代码能力优化系统功能、提升业务处理效率，解决系统运行中的技术问题</div><div>  3、为业务端提供专业的数字化应用技术支持，快速响应并解决系统使用中的各类问题，沉淀标准化服务方案，持续优化业务数字化使用体验</div><div>  4、深度协同各业务部门，拆解业务场景的真实需求，梳理业务流程痛点，输出适配的数字化解决方案，推动项目从需求调研、开发落地到上线验收的全流程管理</div><div>  5、严格遵守企业信息安全、数据安全与合规管理规范，落实系统与数据安全管控要求，保障数字化运营的合规性与安全性</div>""]","[""Python"", ""Java"", ""数据结构"", ""蓝桥杯"", ""本科"", ""后端开发"", ""六险一金"", ""带薪年假"", ""法定节假日"", ""节日福利"", ""定期团建"", ""年度体检"", ""岗前培训"", ""分享会"", ""学习机会"", ""清晰的职业晋升通道"", ""弹性工作时间"", ""班车"", ""十四薪"", ""带薪假期"", ""节日慰问"", ""体检福利"", ""弹性工作"", ""免费班车"", ""年终奖""]","[""Python"", ""Java"", ""数据结构"", ""蓝桥杯"", ""本科"", ""后端开发"", ""六险一金"", ""带薪年假"", ""法定节假日"", ""节日福利"", ""定期团建"", ""年度体检"", ""岗前培训"", ""分享会"", ""学习机会"", ""清晰的职业晋升通道"", ""弹性工作时间"", ""班车"", ""十四薪"", ""带薪假期"", ""节日慰问"", ""体检福利"", ""弹性工作"", ""免费班车"", ""年终奖""]",http://www.zhaopin.com/jobdetail/CCL1480117890J40853602505.htm,2026-07-04T08:09:11.797Z
job_platform,zhaopin,6,40815328716,python开发工程师,软通动力信息技术(集团)股份有限公司,软件/IT服务,深圳 龙岗 平湖,10001,15000,1-3年,本科,2026-05-14 10:41:08,"【岗位要求】
1、负责软件模块的设计、开发联调及版本看护
2. 编写自动化脚本，执行单元测试/集成测试/系统测试
3、负责编写软件的设计文档、开发文档及用户手册
4、负责研发环境整机的装备软件执行及交付<div> 【能力要求】 
1、本科及以上学历，计算机或电子信息行业相关专业，1年以上软件开发经验 
2、熟练使用Python及常用测试框架 
3、熟练掌握Git/SVN版本控制工具 
4、逻辑清晰，具备技术文档编写和问题分析能力 
5、熟悉常用仪表使用</div>","[""【岗位要求】"", ""1、负责软件模块的设计、开发联调及版本看护"", ""2. 编写自动化脚本，执行单元测试/集成测试/系统测试"", ""3、负责编写软件的设计文档、开发文档及用户手册"", ""4、负责研发环境整机的装备软件执行及交付<div> 【能力要求】"", ""1、本科及以上学历，计算机或电子信息行业相关专业，1年以上软件开发经验"", ""2、熟练使用Python及常用测试框架"", ""3、熟练掌握Git/SVN版本控制工具"", ""4、逻辑清晰，具备技术文档编写和问题分析能力"", ""5、熟悉常用仪表使用</div>""]","[""【岗位要求】"", ""1、负责软件模块的设计、开发联调及版本看护"", ""2. 编写自动化脚本，执行单元测试/集成测试/系统测试"", ""3、负责编写软件的设计文档、开发文档及用户手册"", ""4、负责研发环境整机的装备软件执行及交付<div> 【能力要求】"", ""1、本科及以上学历，计算机或电子信息行业相关专业，1年以上软件开发经验"", ""2、熟练使用Python及常用测试框架"", ""3、熟练掌握Git/SVN版本控制工具"", ""4、逻辑清晰，具备技术文档编写和问题分析能力"", ""5、熟悉常用仪表使用</div>""]","[""Shell"", ""Java"", ""PHP"", ""Scrapy"", ""Django"", ""PostgreSQL"", ""MySQL"", ""Oracle"", ""本科"", ""1-3年"", ""半导体/芯片""]","[""Shell"", ""Java"", ""PHP"", ""Scrapy"", ""Django"", ""PostgreSQL"", ""MySQL"", ""Oracle"", ""本科"", ""1-3年"", ""半导体/芯片""]",http://www.zhaopin.com/jobdetail/CC000544460J40815328716.htm,2026-07-04T08:09:11.797Z
job_platform,zhaopin,6,40774221306,Python开发工程师,深圳市法本信息技术股份有限公司,软件/IT服务,深圳 南山 粤海,14001,17000,3-5年,本科,2026-05-13 22:57:24,"工作职责
1. 参与公司软件项目的后端模块开发，基于Python技术栈实现业务逻辑。
2. 负责代码的单元测试与集成测试，确保功能的正确性与系统稳定性。
3. 参与技术方案讨论，协助解决开发过程中的技术难点与性能瓶颈。
4. 维护现有系统，优化代码结构与执行效率，提升系统可维护性。
任职要求
1. 本科及以上学历，计算机相关专业，基础扎实。
2. 精通Python语言，熟悉常见数据结构、算法及设计模式。
3. 掌握至少一种Web框架（如Django/Flask/FastAPI），具备实际项目开发经验。
4. 熟悉MySQL/PostgreSQL等关系型数据库，能独立完成SQL编写与优化。
5. 具备良好的问题分析能力与沟通协作意识，能快速融入团队。","[""工作职责"", ""1. 参与公司软件项目的后端模块开发，基于Python技术栈实现业务逻辑。"", ""2. 负责代码的单元测试与集成测试，确保功能的正确性与系统稳定性。"", ""3. 参与技术方案讨论，协助解决开发过程中的技术难点与性能瓶颈。"", ""4. 维护现有系统，优化代码结构与执行效率，提升系统可维护性。"", ""任职要求"", ""1. 本科及以上学历，计算机相关专业，基础扎实。"", ""2. 精通Python语言，熟悉常见数据结构、算法及设计模式。"", ""3. 掌握至少一种Web框架（如Django/Flask/FastAPI），具备实际项目开发经验。"", ""4. 熟悉MySQL/PostgreSQL等关系型数据库，能独立完成SQL编写与优化。"", ""5. 具备良好的问题分析能力与沟通协作意识，能快速融入团队。""]","[""工作职责"", ""1. 参与公司软件项目的后端模块开发，基于Python技术栈实现业务逻辑。"", ""2. 负责代码的单元测试与集成测试，确保功能的正确性与系统稳定性。"", ""3. 参与技术方案讨论，协助解决开发过程中的技术难点与性能瓶颈。"", ""4. 维护现有系统，优化代码结构与执行效率，提升系统可维护性。"", ""任职要求"", ""1. 本科及以上学历，计算机相关专业，基础扎实。"", ""2. 精通Python语言，熟悉常见数据结构、算法及设计模式。"", ""3. 掌握至少一种Web框架（如Django/Flask/FastAPI），具备实际项目开发经验。"", ""4. 熟悉MySQL/PostgreSQL等关系型数据库，能独立完成SQL编写与优化。"", ""5. 具备良好的问题分析能力与沟通协作意识，能快速融入团队。""]","[""Django"", ""Flask"", ""MySQL"", ""PostgreSQL"", ""Sql"", ""后端模块开发"", ""代码测试与优化"", ""技术方案协作"", ""本科"", ""3-5年""]","[""Django"", ""Flask"", ""MySQL"", ""PostgreSQL"", ""Sql"", ""后端模块开发"", ""代码测试与优化"", ""技术方案协作"", ""本科"", ""3-5年""]",http://www.zhaopin.com/jobdetail/CC385622410J40774221306.htm,2026-07-04T08:09:11.797Z
job_platform,zhaopin,6,40848682005,Java/C/C++/Python/JS软件开发/测试（全国+接受小白）,外企德科数字技术有限公司,软件/IT服务,深圳 龙岗 坂田,12001,24000,1-3年,本科,2026-07-04 00:31:34,"岗位职责：
1、负责应用的Java/C/C++/GO/Python/JS的软件开发和维护工作。
2、负责软件模块需求分析、系核心模块代码编写和单元测试，完成概要设计文档、详细设计文档。
岗位要求：
1.本科以上学历，双证学信网可查
2.热爱编程，基础扎实，熟悉掌握但不限于Java、C/C++、Python、JS等1种或多种主流编程语言 ，精通多线程、IO、网络编程等；
3.熟悉底层软件、应用软件，具备操作系统、嵌入式软件开发相关的知识；
福利待遇： 
1：入职带教半年（不用担心工作跟不上）
2：月薪10-25K定级定薪+14-16薪+试用期不打折+六险一金 +双休+法假+加班双薪+班车+夜宵:
3：办公地址：全国研究所均可（北京 上海 广州 深圳 西安 武汉 杭州 南京 苏州 成都）","[""岗位职责："", ""1、负责应用的Java/C/C++/GO/Python/JS的软件开发和维护工作。"", ""2、负责软件模块需求分析、系核心模块代码编写和单元测试，完成概要设计文档、详细设计文档。"", ""岗位要求："", ""1.本科以上学历，双证学信网可查"", ""2.热爱编程，基础扎实，熟悉掌握但不限于Java、C/C++、Python、JS等1种或多种主流编程语言 ，精通多线程、IO、网络编程等；"", ""3.熟悉底层软件、应用软件，具备操作系统、嵌入式软件开发相关的知识；"", ""福利待遇："", ""1：入职带教半年（不用担心工作跟不上）"", ""2：月薪10-25K定级定薪+14-16薪+试用期不打折+六险一金 +双休+法假+加班双薪+班车+夜宵:"", ""3：办公地址：全国研究所均可（北京 上海 广州 深圳 西安 武汉 杭州 南京 苏州 成都）""]","[""岗位职责："", ""1、负责应用的Java/C/C++/GO/Python/JS的软件开发和维护工作。"", ""2、负责软件模块需求分析、系核心模块代码编写和单元测试，完成概要设计文档、详细设计文档。"", ""岗位要求："", ""1.本科以上学历，双证学信网可查"", ""2.热爱编程，基础扎实，熟悉掌握但不限于Java、C/C++、Python、JS等1种或多种主流编程语言 ，精通多线程、IO、网络编程等；"", ""3.熟悉底层软件、应用软件，具备操作系统、嵌入式软件开发相关的知识；"", ""福利待遇："", ""1：入职带教半年（不用担心工作跟不上）"", ""2：月薪10-25K定级定薪+14-16薪+试用期不打折+六险一金 +双休+法假+加班双薪+班车+夜宵:"", ""3：办公地址：全国研究所均可（北京 上海 广州 深圳 西安 武汉 杭州 南京 苏州 成都）""]","[""Python"", ""C"", ""C++"", ""全国研究所"", ""本科"", ""1-3年"", ""计算机软件"", ""14-16薪"", ""六险一金"", ""加班双薪"", ""班车"", ""年终奖"", ""加班补助"", ""免费班车""]","[""Python"", ""C"", ""C++"", ""全国研究所"", ""本科"", ""1-3年"", ""计算机软件"", ""14-16薪"", ""六险一金"", ""加班双薪"", ""班车"", ""年终奖"", ""加班补助"", ""免费班车""]",http://www.zhaopin.com/jobdetail/CCL1480117890J40848682005.htm,2026-07-04T08:09:11.797Z
job_platform,zhaopin,6,40935291308,Python工程师(线上兼职),河南九页科技有限公司,软件/IT服务,深圳 南山 桃源,2000,4000,经验不限,本科,2026-05-12 16:06:52,"工作时间：不限
工作时段：不限
结算方式：周结
本岗位适合利用业余碎片化时间作为副业兼职接单赚钱的朋友，地点不限，时间自由，在家在校完成编程代做即可。
【合作形式】
我们负责找项目，找到项目会在微信群内派单。您远程根据个人时间和意愿接单分析服务，按照工作量报价，接单后需要对项目负责。个人收取60%佣金，平台收取40%佣金。
【岗位职责&要求】
1、精通Python/Matlab编程，人工智能，深度学习，机器学习，大模型，强化学习，路径规划，计算机视觉、自然语言处理，数据处理，图像处理，图像识别，目标检测，推荐算法，SLMA，复现、算法、神经网络、建模、等其中一项或多项技术。
2、擅长app小程序爬取，会逆向优先。
3、愿意用专业的技能与经验帮助他人，个性严谨，为人谦和，细心认真，责任心强，业余时间较多。
4、愿意利用业余碎片化时间赚取丰厚佣金。","[""工作时间：不限"", ""工作时段：不限"", ""结算方式：周结"", ""本岗位适合利用业余碎片化时间作为副业兼职接单赚钱的朋友，地点不限，时间自由，在家在校完成编程代做即可。"", ""【合作形式】"", ""我们负责找项目，找到项目会在微信群内派单。您远程根据个人时间和意愿接单分析服务，按照工作量报价，接单后需要对项目负责。个人收取60%佣金，平台收取40%佣金。"", ""【岗位职责&要求】"", ""1、精通Python/Matlab编程，人工智能，深度学习，机器学习，大模型，强化学习，路径规划，计算机视觉、自然语言处理，数据处理，图像处理，图像识别，目标检测，推荐算法，SLMA，复现、算法、神经网络、建模、等其中一项或多项技术。"", ""2、擅长app小程序爬取，会逆向优先。"", ""3、愿意用专业的技能与经验帮助他人，个性严谨，为人谦和，细心认真，责任心强，业余时间较多。"", ""4、愿意利用业余碎片化时间赚取丰厚佣金。""]","[""工作时间：不限"", ""工作时段：不限"", ""结算方式：周结"", ""本岗位适合利用业余碎片化时间作为副业兼职接单赚钱的朋友，地点不限，时间自由，在家在校完成编程代做即可。"", ""【合作形式】"", ""我们负责找项目，找到项目会在微信群内派单。您远程根据个人时间和意愿接单分析服务，按照工作量报价，接单后需要对项目负责。个人收取60%佣金，平台收取40%佣金。"", ""【岗位职责&要求】"", ""1、精通Python/Matlab编程，人工智能，深度学习，机器学习，大模型，强化学习，路径规划，计算机视觉、自然语言处理，数据处理，图像处理，图像识别，目标检测，推荐算法，SLMA，复现、算法、神经网络、建模、等其中一项或多项技术。"", ""2、擅长app小程序爬取，会逆向优先。"", ""3、愿意用专业的技能与经验帮助他人，个性严谨，为人谦和，细心认真，责任心强，业余时间较多。"", ""4、愿意利用业余碎片化时间赚取丰厚佣金。""]","[""Java"", ""Python"", ""MATLAB"", ""Django"", ""MySQL"", ""深度学习"", ""机器学习"", ""计算机视觉"", ""本科"", ""软件/IT服务"", ""周结"", ""工资周结""]","[""Java"", ""Python"", ""MATLAB"", ""Django"", ""MySQL"", ""深度学习"", ""机器学习"", ""计算机视觉"", ""本科"", ""软件/IT服务"", ""周结"", ""工资周结""]",http://www.zhaopin.com/jobdetail/CCL1523896180J40935291308.htm,2026-07-04T08:09:11.797Z
job_platform,zhaopin,6,40745678416,软件测试-python/C方向（双休+周末加班双倍工资）,软通动力信息技术(集团)股份有限公司,软件/IT服务,深圳 龙岗 平湖,11001,15000,3-5年,本科,2026-05-12 15:09:22,"<div></div><div> <div>   做开关电源的软件测试   
1.项目产品的软件测试：C++、ARM/STM32/单片机等等；   
2.开发产品的自动化测试程序：python、做过仪器设备/生产设备自动化的  
   
岗位职责：   
1.负责开关电源产品的软件测试：基于产品的需求、逻辑功能的代码实现原理，识别可能存在的问题点并设计相应的测试方案，完成测试验证，本项目产品主要基于STM32系列MCU，使用C语言/C++开发；   
2.负责开关电源产品的软件测试：基于产品的硬件研发测试操作方案，开发相应测试仪器设备的驱动程序，控制仪器设备按规定的条件/模式自动运行，采集电源产品的运行信息并进行数据处理计算，验证产品的性能指标是否符合预期。   
   
python测试/c++测试/嵌入式（MCU）测试/fpga测试，项目是硬件类的。懂协议和驱动当然最好，懂一些硬件原理也可以   
能投入软件测试（关键词：嵌入式，stm32）或自动化测试脚本开发（关键词：python，自动化）的软件工程师   
可以参考下：   
1.python测试、C++测试   
2.python测试、嵌入式测试（简历需要体现stm32、mcu、arm）   
3.python测试、装备开发  </div></div>","[""<div></div><div> <div>   做开关电源的软件测试"", ""1.项目产品的软件测试：C++、ARM/STM32/单片机等等；"", ""2.开发产品的自动化测试程序：python、做过仪器设备/生产设备自动化的"", ""岗位职责："", ""1.负责开关电源产品的软件测试：基于产品的需求、逻辑功能的代码实现原理，识别可能存在的问题点并设计相应的测试方案，完成测试验证，本项目产品主要基于STM32系列MCU，使用C语言/C++开发；"", ""2.负责开关电源产品的软件测试：基于产品的硬件研发测试操作方案，开发相应测试仪器设备的驱动程序，控制仪器设备按规定的条件/模式自动运行，采集电源产品的运行信息并进行数据处理计算，验证产品的性能指标是否符合预期。"", ""python测试/c++测试/嵌入式（MCU）测试/fpga测试，项目是硬件类的。懂协议和驱动当然最好，懂一些硬件原理也可以"", ""能投入软件测试（关键词：嵌入式，stm32）或自动化测试脚本开发（关键词：python，自动化）的软件工程师"", ""可以参考下："", ""1.python测试、C++测试"", ""2.python测试、嵌入式测试（简历需要体现stm32、mcu、arm）"", ""3.python测试、装备开发  </div></div>""]","[""<div></div><div> <div>   做开关电源的软件测试"", ""1.项目产品的软件测试：C++、ARM/STM32/单片机等等；"", ""2.开发产品的自动化测试程序：python、做过仪器设备/生产设备自动化的"", ""岗位职责："", ""1.负责开关电源产品的软件测试：基于产品的需求、逻辑功能的代码实现原理，识别可能存在的问题点并设计相应的测试方案，完成测试验证，本项目产品主要基于STM32系列MCU，使用C语言/C++开发；"", ""2.负责开关电源产品的软件测试：基于产品的硬件研发测试操作方案，开发相应测试仪器设备的驱动程序，控制仪器设备按规定的条件/模式自动运行，采集电源产品的运行信息并进行数据处理计算，验证产品的性能指标是否符合预期。"", ""python测试/c++测试/嵌入式（MCU）测试/fpga测试，项目是硬件类的。懂协议和驱动当然最好，懂一些硬件原理也可以"", ""能投入软件测试（关键词：嵌入式，stm32）或自动化测试脚本开发（关键词：python，自动化）的软件工程师"", ""可以参考下："", ""1.python测试、C++测试"", ""2.python测试、嵌入式测试（简历需要体现stm32、mcu、arm）"", ""3.python测试、装备开发  </div></div>""]","[""Python"", ""MCU"", ""本科"", ""3-5年"", ""加班双倍工资"", ""加班补助""]","[""Python"", ""MCU"", ""本科"", ""3-5年"", ""加班双倍工资"", ""加班补助""]",http://www.zhaopin.com/jobdetail/CC000544460J40745678416.htm,2026-07-04T08:09:11.797Z
job_platform,zhaopin,6,40873332105,月薪15-35k/java/c++/python后端开发/,外企德科数字技术有限公司,软件/IT服务,深圳 龙岗 坂田,15001,30000,经验不限,本科,2026-07-04 00:32:54,"全国均有岗位(开发、测试、算法、数据分析等)
岗位要求:
一、软件开发工程师
1.热爱编程，熟悉掌握Java/C++/C/Python/Web开发等编程语言中的一种或多种编程语言扎实的编程功底:
2.具备良好的独立工作能力和解决问题能力，善于沟通，乐于合作，热衷新技术;
二、软件测试工程师:
1.热爱编程，熟悉掌握C/C++/Java/Python等编程语言中的一种或多种编程语言，扎实的编程功底;
2.有web开发或测试经验、自动化开发或测试经验者优先。
3.熟练掌握系统测试、功能测试、专项测试、软件测试、韧性测试、安全测试方法中的一种或多种测试方法，有相关测试语言/脚本的编写和实践经验优先，也可接受纯测试经验的。
4.具备良好的独立工作能力和解决问题能力，善于沟通，乐于合作，热衷新技术;","[""全国均有岗位(开发、测试、算法、数据分析等)"", ""岗位要求:"", ""一、软件开发工程师"", ""1.热爱编程，熟悉掌握Java/C++/C/Python/Web开发等编程语言中的一种或多种编程语言扎实的编程功底:"", ""2.具备良好的独立工作能力和解决问题能力，善于沟通，乐于合作，热衷新技术;"", ""二、软件测试工程师:"", ""1.热爱编程，熟悉掌握C/C++/Java/Python等编程语言中的一种或多种编程语言，扎实的编程功底;"", ""2.有web开发或测试经验、自动化开发或测试经验者优先。"", ""3.熟练掌握系统测试、功能测试、专项测试、软件测试、韧性测试、安全测试方法中的一种或多种测试方法，有相关测试语言/脚本的编写和实践经验优先，也可接受纯测试经验的。"", ""4.具备良好的独立工作能力和解决问题能力，善于沟通，乐于合作，热衷新技术;""]","[""全国均有岗位(开发、测试、算法、数据分析等)"", ""岗位要求:"", ""一、软件开发工程师"", ""1.热爱编程，熟悉掌握Java/C++/C/Python/Web开发等编程语言中的一种或多种编程语言扎实的编程功底:"", ""2.具备良好的独立工作能力和解决问题能力，善于沟通，乐于合作，热衷新技术;"", ""二、软件测试工程师:"", ""1.热爱编程，熟悉掌握C/C++/Java/Python等编程语言中的一种或多种编程语言，扎实的编程功底;"", ""2.有web开发或测试经验、自动化开发或测试经验者优先。"", ""3.熟练掌握系统测试、功能测试、专项测试、软件测试、韧性测试、安全测试方法中的一种或多种测试方法，有相关测试语言/脚本的编写和实践经验优先，也可接受纯测试经验的。"", ""4.具备良好的独立工作能力和解决问题能力，善于沟通，乐于合作，热衷新技术;""]","[""Java"", ""C++"", ""C"", ""本科""]","[""Java"", ""C++"", ""C"", ""本科""]",http://www.zhaopin.com/jobdetail/CCL1480117890J40873332105.htm,2026-07-04T08:09:11.797Z
job_platform,zhaopin,6,40856800309,python自动化测试工程师,中电金信软件有限公司,软件/IT服务,深圳 南山 粤海,11001,18000,3-5年,学历不限,2026-05-09 22:47:49,"1.本科及以上学历学信网可查;
2.具有 2 年以上计算机软件测试经验；
3.具有自动化测试经验者优先；
4.熟悉常用数据库如 SQL Server、Cracle 或 DB2 常用操作；
5.熟悉Python编程优先；
6.金融行业背景优先。","[""1.本科及以上学历学信网可查;"", ""2.具有 2 年以上计算机软件测试经验；"", ""3.具有自动化测试经验者优先；"", ""4.熟悉常用数据库如 SQL Server、Cracle 或 DB2 常用操作；"", ""5.熟悉Python编程优先；"", ""6.金融行业背景优先。""]","[""1.本科及以上学历学信网可查;"", ""2.具有 2 年以上计算机软件测试经验；"", ""3.具有自动化测试经验者优先；"", ""4.熟悉常用数据库如 SQL Server、Cracle 或 DB2 常用操作；"", ""5.熟悉Python编程优先；"", ""6.金融行业背景优先。""]","[""3-5年"", ""金融科技/数字金融"", ""产业互联网平台"", ""银行""]","[""3-5年"", ""金融科技/数字金融"", ""产业互联网平台"", ""银行""]",http://www.zhaopin.com/jobdetail/CC443657520J40856800309.htm,2026-07-04T08:09:11.797Z
job_platform,zhaopin,6,40853404814,python后端开发工程师,深圳市紫川软件有限公司,软件/IT服务,深圳 南山 粤海,10001,15000,3-5年,本科,2026-05-07 09:06:52,"任职要求
1.计算机或相关专业，有智能营销、推荐系统或保险科技相关项目经验者优先。
2.3年以上 Python 后端开发经验，具备独立开发和维护系统的能力。
3.熟悉 Python 语言及主流 Web 框架（如 Django、FastAPI），能高效开发 RESTful 接口。
4.熟悉 MySQL / PostgreSQL 数据库，具备SQL 优化和 ORM 使用经验。
5.熟悉 Git、Docker、Linux 环境，具备基本的部署与运维能力。
6.具备良好的沟通能力，能与算法、产品、前端团队高效协作。
岗位职责：
1、协助线上智能体产品、保险端核保核赔产品、投流系统的后端系统开发与维护，
2、协助保障系统稳定性与可扩展性，支持业务端到端的算法策略落地。","[""任职要求"", ""1.计算机或相关专业，有智能营销、推荐系统或保险科技相关项目经验者优先。"", ""2.3年以上 Python 后端开发经验，具备独立开发和维护系统的能力。"", ""3.熟悉 Python 语言及主流 Web 框架（如 Django、FastAPI），能高效开发 RESTful 接口。"", ""4.熟悉 MySQL / PostgreSQL 数据库，具备SQL 优化和 ORM 使用经验。"", ""5.熟悉 Git、Docker、Linux 环境，具备基本的部署与运维能力。"", ""6.具备良好的沟通能力，能与算法、产品、前端团队高效协作。"", ""岗位职责："", ""1、协助线上智能体产品、保险端核保核赔产品、投流系统的后端系统开发与维护，"", ""2、协助保障系统稳定性与可扩展性，支持业务端到端的算法策略落地。""]","[""任职要求"", ""1.计算机或相关专业，有智能营销、推荐系统或保险科技相关项目经验者优先。"", ""2.3年以上 Python 后端开发经验，具备独立开发和维护系统的能力。"", ""3.熟悉 Python 语言及主流 Web 框架（如 Django、FastAPI），能高效开发 RESTful 接口。"", ""4.熟悉 MySQL / PostgreSQL 数据库，具备SQL 优化和 ORM 使用经验。"", ""5.熟悉 Git、Docker、Linux 环境，具备基本的部署与运维能力。"", ""6.具备良好的沟通能力，能与算法、产品、前端团队高效协作。"", ""岗位职责："", ""1、协助线上智能体产品、保险端核保核赔产品、投流系统的后端系统开发与维护，"", ""2、协助保障系统稳定性与可扩展性，支持业务端到端的算法策略落地。""]","[""Django"", ""Flask"", ""MySQL"", ""PostgreSQL"", ""本科"", ""3-5年"", ""人工智能""]","[""Django"", ""Flask"", ""MySQL"", ""PostgreSQL"", ""本科"", ""3-5年"", ""人工智能""]",http://www.zhaopin.com/jobdetail/CC143806550J40853404814.htm,2026-07-04T08:09:11.797Z
job_platform,zhaopin,6,40850629405,C++/python/Java/C/C# （24/25届无经验可投、考研失利）线上面试,外企德科数字技术有限公司,软件/IT服务,深圳 龙岗 坂田,15001,30000,经验不限,本科,2026-07-04 00:31:39,"工作职责
1. 参与企业级软件开发项目，根据需求文档完成模块代码的编写、调试与单元测试。
2. 配合团队完成项目任务拆解与进度跟进，确保交付质量与时间节点达成。
3. 参与内部技术分享与培训，主动学习前沿技术，快速提升专业技能。
4. 严格遵循公司编码规范与质量标准，保障系统的稳定性与可维护性。
任职要求
1. 统招本科及以上学历，计算机相关专业优先。
2. 熟练掌握Java/C/C++/Python/C中的至少一种主流开发语言，了解基础数据结构与算法。
3. 具备较强的逻辑思维与学习能力，能快速上手新技术栈。
4. 拥有良好的团队协作意识与沟通表达能力，适应项目组的协作模式。
补充说明
1. 工作地点：北京、上海、南京、杭州、深圳、东莞、长沙、武汉、西安、成都、济南、苏州
2. 薪酬福利：薪资范围10K-40K（根据面试表现核定），年终奖与个人绩效挂钩；入职即缴六险一金，提供免费班车、夜宵及健身房福利
3. 面向人群：24/25届应届生、无经验或考研失利候选人
4. 面试形式：线上面试","[""工作职责"", ""1. 参与企业级软件开发项目，根据需求文档完成模块代码的编写、调试与单元测试。"", ""2. 配合团队完成项目任务拆解与进度跟进，确保交付质量与时间节点达成。"", ""3. 参与内部技术分享与培训，主动学习前沿技术，快速提升专业技能。"", ""4. 严格遵循公司编码规范与质量标准，保障系统的稳定性与可维护性。"", ""任职要求"", ""1. 统招本科及以上学历，计算机相关专业优先。"", ""2. 熟练掌握Java/C/C++/Python/C中的至少一种主流开发语言，了解基础数据结构与算法。"", ""3. 具备较强的逻辑思维与学习能力，能快速上手新技术栈。"", ""4. 拥有良好的团队协作意识与沟通表达能力，适应项目组的协作模式。"", ""补充说明"", ""1. 工作地点：北京、上海、南京、杭州、深圳、东莞、长沙、武汉、西安、成都、济南、苏州"", ""2. 薪酬福利：薪资范围10K-40K（根据面试表现核定），年终奖与个人绩效挂钩；入职即缴六险一金，提供免费班车、夜宵及健身房福利"", ""3. 面向人群：24/25届应届生、无经验或考研失利候选人"", ""4. 面试形式：线上面试""]","[""工作职责"", ""1. 参与企业级软件开发项目，根据需求文档完成模块代码的编写、调试与单元测试。"", ""2. 配合团队完成项目任务拆解与进度跟进，确保交付质量与时间节点达成。"", ""3. 参与内部技术分享与培训，主动学习前沿技术，快速提升专业技能。"", ""4. 严格遵循公司编码规范与质量标准，保障系统的稳定性与可维护性。"", ""任职要求"", ""1. 统招本科及以上学历，计算机相关专业优先。"", ""2. 熟练掌握Java/C/C++/Python/C中的至少一种主流开发语言，了解基础数据结构与算法。"", ""3. 具备较强的逻辑思维与学习能力，能快速上手新技术栈。"", ""4. 拥有良好的团队协作意识与沟通表达能力，适应项目组的协作模式。"", ""补充说明"", ""1. 工作地点：北京、上海、南京、杭州、深圳、东莞、长沙、武汉、西安、成都、济南、苏州"", ""2. 薪酬福利：薪资范围10K-40K（根据面试表现核定），年终奖与个人绩效挂钩；入职即缴六险一金，提供免费班车、夜宵及健身房福利"", ""3. 面向人群：24/25届应届生、无经验或考研失利候选人"", ""4. 面试形式：线上面试""]","[""Java"", ""C语言"", ""Python"", ""模块开发与调试"", ""团队协作"", ""本科"", ""快速提升"", ""年终奖"", ""六险一金"", ""免费班车"", ""健身房"", ""免费健身""]","[""Java"", ""C语言"", ""Python"", ""模块开发与调试"", ""团队协作"", ""本科"", ""快速提升"", ""年终奖"", ""六险一金"", ""免费班车"", ""健身房"", ""免费健身""]",http://www.zhaopin.com/jobdetail/CCL1480117890J40850629405.htm,2026-07-04T08:09:11.797Z
job_platform,zhaopin,6,40856046209,python 高级开发工程师,中电金信软件有限公司,软件/IT服务,深圳 南山 粤海 科技园,13001,18000,3-5年,本科,2026-05-08 09:19:45,"<div> 岗位职责： 
1、负责运维支撑体系相关SaaS开发工作。 
2、负责运维系统的日常功能开发与系统维护工作； 
3、独立负责关联运营系统的设计开发和维护工作 
</div>技能要求：<div> 1、3 年以上web类后台开发经验 
2、能独立承担某一具体功能的研发，熟悉Python3，django，celery等相关技术； 
3、熟悉mysql,redis等相关数据库操作和优化处理经验； 
4、必须具备良好的编码习惯，懂得PEP8等规范，熟悉git等相关代码管理工具； 
5、具备微服务开发经验优先。 
6、能熟练应用 AI 相关工具解决问题和提高开发效率 
基本要求： 
1、本科以上学历，大学计算机相关专业； 
2、沟通能力强，能给配合团队完成工作，遇到问题可以及时上报解决； 
3、主动性强，能够自主按质按量完成日常分配工作； 
4、人际关系良好； 
5、抗压能力强，能够承担紧急工作任务</div>","[""<div> 岗位职责："", ""1、负责运维支撑体系相关SaaS开发工作。"", ""2、负责运维系统的日常功能开发与系统维护工作；"", ""3、独立负责关联运营系统的设计开发和维护工作"", ""</div>技能要求：<div> 1、3 年以上web类后台开发经验"", ""2、能独立承担某一具体功能的研发，熟悉Python3，django，celery等相关技术；"", ""3、熟悉mysql,redis等相关数据库操作和优化处理经验；"", ""4、必须具备良好的编码习惯，懂得PEP8等规范，熟悉git等相关代码管理工具；"", ""5、具备微服务开发经验优先。"", ""6、能熟练应用 AI 相关工具解决问题和提高开发效率"", ""基本要求："", ""1、本科以上学历，大学计算机相关专业；"", ""2、沟通能力强，能给配合团队完成工作，遇到问题可以及时上报解决；"", ""3、主动性强，能够自主按质按量完成日常分配工作；"", ""4、人际关系良好；"", ""5、抗压能力强，能够承担紧急工作任务</div>""]","[""<div> 岗位职责："", ""1、负责运维支撑体系相关SaaS开发工作。"", ""2、负责运维系统的日常功能开发与系统维护工作；"", ""3、独立负责关联运营系统的设计开发和维护工作"", ""</div>技能要求：<div> 1、3 年以上web类后台开发经验"", ""2、能独立承担某一具体功能的研发，熟悉Python3，django，celery等相关技术；"", ""3、熟悉mysql,redis等相关数据库操作和优化处理经验；"", ""4、必须具备良好的编码习惯，懂得PEP8等规范，熟悉git等相关代码管理工具；"", ""5、具备微服务开发经验优先。"", ""6、能熟练应用 AI 相关工具解决问题和提高开发效率"", ""基本要求："", ""1、本科以上学历，大学计算机相关专业；"", ""2、沟通能力强，能给配合团队完成工作，遇到问题可以及时上报解决；"", ""3、主动性强，能够自主按质按量完成日常分配工作；"", ""4、人际关系良好；"", ""5、抗压能力强，能够承担紧急工作任务</div>""]","[""Django"", ""PYTHON3"", ""AI"", ""本科"", ""3-5年""]","[""Django"", ""PYTHON3"", ""AI"", ""本科"", ""3-5年""]",http://www.zhaopin.com/jobdetail/CC443657520J40856046209.htm,2026-07-04T08:09:11.797Z
job_platform,zhaopin,6,40812813716,Python开发工程师,软通动力信息技术(集团)股份有限公司,软件/IT服务,深圳 龙岗 坂田,11001,15000,5-10年,本科,2026-05-06 17:30:11,"岗位职责：
负责公司CIM部门SKD产品Python后端业务模块开发，主要包括关键业务逻辑和算法实现、关键技术和算法预研、Python性能调优、疑难问题定位和解决等。
1、本科及以上学历，计算机、人工智能、软件工程相关专业。
2、3年以上Python项目开发经验，熟练掌握Python后端业务开发，有中大型Python项目开发经验（个人代码贡献&gt;5K）。
3、熟悉Pandas数据处理，熟练掌握数据结构和基础算法。
4、熟悉Docker、K8S具备一定系统运维能力。
5、有Python性能调优经验优先，有半导体业务背景优先。","[""岗位职责："", ""负责公司CIM部门SKD产品Python后端业务模块开发，主要包括关键业务逻辑和算法实现、关键技术和算法预研、Python性能调优、疑难问题定位和解决等。"", ""1、本科及以上学历，计算机、人工智能、软件工程相关专业。"", ""2、3年以上Python项目开发经验，熟练掌握Python后端业务开发，有中大型Python项目开发经验（个人代码贡献&gt;5K）。"", ""3、熟悉Pandas数据处理，熟练掌握数据结构和基础算法。"", ""4、熟悉Docker、K8S具备一定系统运维能力。"", ""5、有Python性能调优经验优先，有半导体业务背景优先。""]","[""岗位职责："", ""负责公司CIM部门SKD产品Python后端业务模块开发，主要包括关键业务逻辑和算法实现、关键技术和算法预研、Python性能调优、疑难问题定位和解决等。"", ""1、本科及以上学历，计算机、人工智能、软件工程相关专业。"", ""2、3年以上Python项目开发经验，熟练掌握Python后端业务开发，有中大型Python项目开发经验（个人代码贡献&gt;5K）。"", ""3、熟悉Pandas数据处理，熟练掌握数据结构和基础算法。"", ""4、熟悉Docker、K8S具备一定系统运维能力。"", ""5、有Python性能调优经验优先，有半导体业务背景优先。""]","[""PostgreSQL"", ""DOCKER、K8S"", ""PyQt"", ""Sql"", ""本科"", ""5-10年"", ""人工智能"", ""工业自动化/机器人"", ""半导体/芯片""]","[""PostgreSQL"", ""DOCKER、K8S"", ""PyQt"", ""Sql"", ""本科"", ""5-10年"", ""人工智能"", ""工业自动化/机器人"", ""半导体/芯片""]",http://www.zhaopin.com/jobdetail/CC000544460J40812813716.htm,2026-07-04T08:09:11.797Z
job_platform,zhaopin,6,40837670005,java/Python/C/C++/JS/AI算法/软件测试,外企德科数字技术有限公司,软件/IT服务,深圳 龙岗 坂田,20001,40000,经验不限,本科,2026-07-04 00:31:04,"1、本科及以上学历；
2、熟悉Java，C/C++，Python等任意一种后端开发技术；
3、编写概要设计能力要强；
4、沟通表达能力较好，逻辑思维清晰；
5、资深导师专业带教，六险一金，法定节假日福利，内部知识论坛；
6、薪资架构：薪资薪资+绩效工资+年终奖，周末加班双倍。岗位要求
岗位要求 
1、计算机、软件、通信等相关专业，统招本科及以上学历； 
2、基础扎实，熟悉掌握但不限于Python/JAVA/C++/C/JS/HTML/GO等任一编程语言，有良好的编程习惯； 
3、对数据结构、算法有一定了解； 
4、具备解决问题的能力、善于沟通，乐于合作； 
5、资深导师专业带教，法定节假日福利，内部知识论坛分享。","[""1、本科及以上学历；"", ""2、熟悉Java，C/C++，Python等任意一种后端开发技术；"", ""3、编写概要设计能力要强；"", ""4、沟通表达能力较好，逻辑思维清晰；"", ""5、资深导师专业带教，六险一金，法定节假日福利，内部知识论坛；"", ""6、薪资架构：薪资薪资+绩效工资+年终奖，周末加班双倍。岗位要求"", ""岗位要求"", ""1、计算机、软件、通信等相关专业，统招本科及以上学历；"", ""2、基础扎实，熟悉掌握但不限于Python/JAVA/C++/C/JS/HTML/GO等任一编程语言，有良好的编程习惯；"", ""3、对数据结构、算法有一定了解；"", ""4、具备解决问题的能力、善于沟通，乐于合作；"", ""5、资深导师专业带教，法定节假日福利，内部知识论坛分享。""]","[""1、本科及以上学历；"", ""2、熟悉Java，C/C++，Python等任意一种后端开发技术；"", ""3、编写概要设计能力要强；"", ""4、沟通表达能力较好，逻辑思维清晰；"", ""5、资深导师专业带教，六险一金，法定节假日福利，内部知识论坛；"", ""6、薪资架构：薪资薪资+绩效工资+年终奖，周末加班双倍。岗位要求"", ""岗位要求"", ""1、计算机、软件、通信等相关专业，统招本科及以上学历；"", ""2、基础扎实，熟悉掌握但不限于Python/JAVA/C++/C/JS/HTML/GO等任一编程语言，有良好的编程习惯；"", ""3、对数据结构、算法有一定了解；"", ""4、具备解决问题的能力、善于沟通，乐于合作；"", ""5、资深导师专业带教，法定节假日福利，内部知识论坛分享。""]","[""深度学习"", ""机器学习"", ""图像算法"", ""VGGNet"", ""本科"", ""计算机软件"", ""人工智能"", ""云计算"", ""六险一金"", ""法定节假日福利"", ""年终奖"", ""法定节假日""]","[""深度学习"", ""机器学习"", ""图像算法"", ""VGGNet"", ""本科"", ""计算机软件"", ""人工智能"", ""云计算"", ""六险一金"", ""法定节假日福利"", ""年终奖"", ""法定节假日""]",http://www.zhaopin.com/jobdetail/CCL1480117890J40837670005.htm,2026-07-04T08:09:11.797Z
job_platform,zhaopin,6,40853484409,python,深圳市睿服科技有限公司,软件/IT服务,深圳 罗湖 桂园,15001,20000,5-10年,本科,2026-04-27 13:41:58,"1. 熟悉python编程,Linux系统以及常用工具(如git, shell脚本, docker等);
2. 熟悉常见python的web框架(如flask), 能够对代码进行封装与部署;
3. 了解常见的机器学习算法, nlp算法, transformer模型结构, 深度学习框架(如pytorch), 推理框架(如vllm);
4. 了解算法模型部署硬件资源, 例如gpu容量与算力;
5. 较强的分析与解决问题能力,沟通与协作能力。","[""1. 熟悉python编程,Linux系统以及常用工具(如git, shell脚本, docker等);"", ""2. 熟悉常见python的web框架(如flask), 能够对代码进行封装与部署;"", ""3. 了解常见的机器学习算法, nlp算法, transformer模型结构, 深度学习框架(如pytorch), 推理框架(如vllm);"", ""4. 了解算法模型部署硬件资源, 例如gpu容量与算力;"", ""5. 较强的分析与解决问题能力,沟通与协作能力。""]","[""1. 熟悉python编程,Linux系统以及常用工具(如git, shell脚本, docker等);"", ""2. 熟悉常见python的web框架(如flask), 能够对代码进行封装与部署;"", ""3. 了解常见的机器学习算法, nlp算法, transformer模型结构, 深度学习框架(如pytorch), 推理框架(如vllm);"", ""4. 了解算法模型部署硬件资源, 例如gpu容量与算力;"", ""5. 较强的分析与解决问题能力,沟通与协作能力。""]","[""Python"", ""K8s"", ""本科"", ""5-10年""]","[""Python"", ""K8s"", ""本科"", ""5-10年""]",http://www.zhaopin.com/jobdetail/CC603465980J40853484409.htm,2026-07-04T08:09:11.797Z
job_platform,zhaopin,6,40551198416,python工程师,软通动力信息技术(集团)股份有限公司,软件/IT服务,深圳 龙岗 平湖,10001,18000,1-3年,本科,2026-05-06 16:56:26,"【岗位职责】：
1、AI加速器编译、优化和部署；
2、系统建模、仿真和性能优化。<div>  
【岗位要求】：  
1：python开发基础扎实，熟练面向对象程序设计，掌握常用设计模式、算法设计。  
2：熟练使用至少一种常用数据库，Oracle、Gauss。  
3：熟练掌握至少一种python系统框架：Django、Flask。  
4：熟练掌握python数据分析：numpy、pandas等数据处理和分析工具  
5：了解常用linux命令，熟练使用git  
6：了解Docker、K8S容器化部署，了解python后端应用工程化落地流程.  
</div>","[""【岗位职责】："", ""1、AI加速器编译、优化和部署；"", ""2、系统建模、仿真和性能优化。<div>"", ""【岗位要求】："", ""1：python开发基础扎实，熟练面向对象程序设计，掌握常用设计模式、算法设计。"", ""2：熟练使用至少一种常用数据库，Oracle、Gauss。"", ""3：熟练掌握至少一种python系统框架：Django、Flask。"", ""4：熟练掌握python数据分析：numpy、pandas等数据处理和分析工具"", ""5：了解常用linux命令，熟练使用git"", ""6：了解Docker、K8S容器化部署，了解python后端应用工程化落地流程."", ""</div>""]","[""【岗位职责】："", ""1、AI加速器编译、优化和部署；"", ""2、系统建模、仿真和性能优化。<div>"", ""【岗位要求】："", ""1：python开发基础扎实，熟练面向对象程序设计，掌握常用设计模式、算法设计。"", ""2：熟练使用至少一种常用数据库，Oracle、Gauss。"", ""3：熟练掌握至少一种python系统框架：Django、Flask。"", ""4：熟练掌握python数据分析：numpy、pandas等数据处理和分析工具"", ""5：了解常用linux命令，熟练使用git"", ""6：了解Docker、K8S容器化部署，了解python后端应用工程化落地流程."", ""</div>""]","[""Python"", ""C++"", ""NLP算法"", ""本科"", ""1-3年"", ""云计算"", ""通信/网络设备"", ""半导体/芯片""]","[""Python"", ""C++"", ""NLP算法"", ""本科"", ""1-3年"", ""云计算"", ""通信/网络设备"", ""半导体/芯片""]",http://www.zhaopin.com/jobdetail/CC000544460J40551198416.htm,2026-07-04T08:09:11.797Z
job_platform,zhaopin,6,40876488313,python开发（五险一金-远程面试）,湖南拓维云创科技有限责任公司,新能源/燃油整车研发制造,深圳 龙岗 坂田,10001,15000,3-5年,本科,2026-04-22 16:52:46,"【项目背景】<div> 长期稳定项目，五险一金，周末加班双倍； 
岗位要求： 
计算机相关专业本科及以上学历； 
3年以上Python开发经验； 
熟练掌握Django、Flask等Python框架； 
熟悉MySQL、Redis等常用数据存储技术； 
良好的编码习惯和文档编写能力； 
责任心强，有团队精神。</div>","[""【项目背景】<div> 长期稳定项目，五险一金，周末加班双倍；"", ""岗位要求："", ""计算机相关专业本科及以上学历；"", ""3年以上Python开发经验；"", ""熟练掌握Django、Flask等Python框架；"", ""熟悉MySQL、Redis等常用数据存储技术；"", ""良好的编码习惯和文档编写能力；"", ""责任心强，有团队精神。</div>""]","[""【项目背景】<div> 长期稳定项目，五险一金，周末加班双倍；"", ""岗位要求："", ""计算机相关专业本科及以上学历；"", ""3年以上Python开发经验；"", ""熟练掌握Django、Flask等Python框架；"", ""熟悉MySQL、Redis等常用数据存储技术；"", ""良好的编码习惯和文档编写能力；"", ""责任心强，有团队精神。</div>""]","[""Django"", ""Flask"", ""MySQL"", ""Redis"", ""后端系统研发"", ""代码评审"", ""文档编写"", ""本科"", ""3-5年"", ""五险一金""]","[""Django"", ""Flask"", ""MySQL"", ""Redis"", ""后端系统研发"", ""代码评审"", ""文档编写"", ""本科"", ""3-5年"", ""五险一金""]",http://www.zhaopin.com/jobdetail/CC889005020J40876488313.htm,2026-07-04T08:09:11.797Z
job_platform,zhaopin,6,40644500216,python自动化测试工程师,软通动力信息技术(集团)股份有限公司,软件/IT服务,深圳 龙岗 平湖,11001,17000,1-3年,本科,2026-05-06 16:56:39,"业务技能要求：
1.熟悉产品的测试设计、测试执行流程，有功能测试、性能测试、长稳测试等专项测试经验; 有构建自动化测试用例和自动化测试开发经验
2.质量意识强，对问题敏感度高；具有良好的沟通能力、学习能力及协调能力,具备责任心和团队合作精神。<div>  
专业知识要求：  
1.本科以上学历，计算机、软件工程、通信等相关专业;  
2.两年以上软件测试工作经验，会Python编写脚本优先。  
</div>","[""业务技能要求："", ""1.熟悉产品的测试设计、测试执行流程，有功能测试、性能测试、长稳测试等专项测试经验; 有构建自动化测试用例和自动化测试开发经验"", ""2.质量意识强，对问题敏感度高；具有良好的沟通能力、学习能力及协调能力,具备责任心和团队合作精神。<div>"", ""专业知识要求："", ""1.本科以上学历，计算机、软件工程、通信等相关专业;"", ""2.两年以上软件测试工作经验，会Python编写脚本优先。"", ""</div>""]","[""业务技能要求："", ""1.熟悉产品的测试设计、测试执行流程，有功能测试、性能测试、长稳测试等专项测试经验; 有构建自动化测试用例和自动化测试开发经验"", ""2.质量意识强，对问题敏感度高；具有良好的沟通能力、学习能力及协调能力,具备责任心和团队合作精神。<div>"", ""专业知识要求："", ""1.本科以上学历，计算机、软件工程、通信等相关专业;"", ""2.两年以上软件测试工作经验，会Python编写脚本优先。"", ""</div>""]","[""Python"", ""接口自动化测试"", ""UI自动化测试"", ""本科"", ""1-3年""]","[""Python"", ""接口自动化测试"", ""UI自动化测试"", ""本科"", ""1-3年""]",http://www.zhaopin.com/jobdetail/CC000544460J40644500216.htm,2026-07-04T08:09:11.797Z
job_platform,zhaopin,6,40355934414,Python开发工程师,深圳市紫川软件有限公司,软件/IT服务,深圳 南山 粤海,10001,18000,3-5年,大专,2026-04-15 11:24:54,"1. 熟练使用Python及其常见类库，具备良好编码习惯，有AI编码经验为佳
2. 了解Pytorch/Tensorflow等框架及有算法建模经验优先
3. 熟练使用FastAPI/Flask等web框架，有微服务设计概念
4. 具备python多进程、多线程、协程等并发编程能力；熟悉常见的数据结构、算法及设计模式
5. 熟悉linux环境下的开发/部署及Docker、git等软件的使用
岗位职责：
1. 负责深度和机器学习模型服务迁移和搭建，参与AI相关功能模块的开发工作
2. Python代码开发与维护，遵循良好的编码规范
3. 使用FastAPI/Flask等Web框架开发后台接口
4. 参与技术方案设计、代码评审及领导交办的其它相关事项","[""1. 熟练使用Python及其常见类库，具备良好编码习惯，有AI编码经验为佳"", ""2. 了解Pytorch/Tensorflow等框架及有算法建模经验优先"", ""3. 熟练使用FastAPI/Flask等web框架，有微服务设计概念"", ""4. 具备python多进程、多线程、协程等并发编程能力；熟悉常见的数据结构、算法及设计模式"", ""5. 熟悉linux环境下的开发/部署及Docker、git等软件的使用"", ""岗位职责："", ""1. 负责深度和机器学习模型服务迁移和搭建，参与AI相关功能模块的开发工作"", ""2. Python代码开发与维护，遵循良好的编码规范"", ""3. 使用FastAPI/Flask等Web框架开发后台接口"", ""4. 参与技术方案设计、代码评审及领导交办的其它相关事项""]","[""1. 熟练使用Python及其常见类库，具备良好编码习惯，有AI编码经验为佳"", ""2. 了解Pytorch/Tensorflow等框架及有算法建模经验优先"", ""3. 熟练使用FastAPI/Flask等web框架，有微服务设计概念"", ""4. 具备python多进程、多线程、协程等并发编程能力；熟悉常见的数据结构、算法及设计模式"", ""5. 熟悉linux环境下的开发/部署及Docker、git等软件的使用"", ""岗位职责："", ""1. 负责深度和机器学习模型服务迁移和搭建，参与AI相关功能模块的开发工作"", ""2. Python代码开发与维护，遵循良好的编码规范"", ""3. 使用FastAPI/Flask等Web框架开发后台接口"", ""4. 参与技术方案设计、代码评审及领导交办的其它相关事项""]","[""Django"", ""Pandas"", ""Java"", ""Flask"", ""MySQL"", ""MongoDB"", ""AI"", ""智能体"", ""大专"", ""3-5年"", ""人工智能"", ""银行"", ""保险""]","[""Django"", ""Pandas"", ""Java"", ""Flask"", ""MySQL"", ""MongoDB"", ""AI"", ""智能体"", ""大专"", ""3-5年"", ""人工智能"", ""银行"", ""保险""]",http://www.zhaopin.com/jobdetail/CC143806550J40355934414.htm,2026-07-04T08:09:11.797Z
job_platform,zhaopin,7,40303046216,Python自动化测试（电话面试 双休）,软通动力信息技术(集团)股份有限公司,软件/IT服务,深圳 龙岗 平湖,10001,15000,1-3年,本科,2026-04-30 10:45:19,"统招、统招、统招
【岗位要求】 
1. 本科或以上学历，机械、材料、自动化、船舶、机电、软件等相关专业； 
2. 熟悉 C/C++/python任意一种编码语言； 
3. 熟悉linux软件操作环境，能在操作指导文档下操作软件调测，控制机械部件运动到指定工位，能操作软件完成自动化设备功能调测； 
4. 熟悉linux环境下日志查看，能精确查找到失败日志； 
5. 了解机械结构运动部件的坐标系，位置、运动速度、加速度等轨迹概念 
--------------- 
注： 
1. 采用远程 电话/视频 面试方式； 
2. 周末双休，如周六有加班则是双倍薪资，按谈好的/21.75天*2倍（另算）； 
3. 每月15日前入职当月会购买五险一金，之后入职是次月购买。","[""统招、统招、统招"", ""【岗位要求】"", ""1. 本科或以上学历，机械、材料、自动化、船舶、机电、软件等相关专业；"", ""2. 熟悉 C/C++/python任意一种编码语言；"", ""3. 熟悉linux软件操作环境，能在操作指导文档下操作软件调测，控制机械部件运动到指定工位，能操作软件完成自动化设备功能调测；"", ""4. 熟悉linux环境下日志查看，能精确查找到失败日志；"", ""5. 了解机械结构运动部件的坐标系，位置、运动速度、加速度等轨迹概念"", ""---------------"", ""注："", ""1. 采用远程 电话/视频 面试方式；"", ""2. 周末双休，如周六有加班则是双倍薪资，按谈好的/21.75天*2倍（另算）；"", ""3. 每月15日前入职当月会购买五险一金，之后入职是次月购买。""]","[""统招、统招、统招"", ""【岗位要求】"", ""1. 本科或以上学历，机械、材料、自动化、船舶、机电、软件等相关专业；"", ""2. 熟悉 C/C++/python任意一种编码语言；"", ""3. 熟悉linux软件操作环境，能在操作指导文档下操作软件调测，控制机械部件运动到指定工位，能操作软件完成自动化设备功能调测；"", ""4. 熟悉linux环境下日志查看，能精确查找到失败日志；"", ""5. 了解机械结构运动部件的坐标系，位置、运动速度、加速度等轨迹概念"", ""---------------"", ""注："", ""1. 采用远程 电话/视频 面试方式；"", ""2. 周末双休，如周六有加班则是双倍薪资，按谈好的/21.75天*2倍（另算）；"", ""3. 每月15日前入职当月会购买五险一金，之后入职是次月购买。""]","[""PYTEST"", ""Python"", ""本科"", ""1-3年"", ""计算机软件"", ""信息安全"", ""软件/IT服务"", ""周末双休"", ""购买五险一金"", ""五险一金""]","[""PYTEST"", ""Python"", ""本科"", ""1-3年"", ""计算机软件"", ""信息安全"", ""软件/IT服务"", ""周末双休"", ""购买五险一金"", ""五险一金""]",http://www.zhaopin.com/jobdetail/CC000544460J40303046216.htm,2026-07-04T08:09:11.797Z
job_platform,zhaopin,7,40711838214,Python开发,深圳市紫川软件有限公司,软件/IT服务,深圳 福田 福田街道,14001,17000,3-5年,本科,2026-04-10 17:03:34,"任职要求：
1,工作经验3年及以上，计算机/软件工程专业，金融工程，数据计算及应用专业
2,熟练掌握任意基于python的web框架，如：flask、Django。精通pandas、numpy、scipy。熟练使用Excel，能读懂复杂的Excel公式。对前端有一定了解。
加分项：
1有金融建模，金融数据分析类项目经验。
2，有投资相关知识。
3，擅长写有创新点的技术类，建模类文档。","[""任职要求："", ""1,工作经验3年及以上，计算机/软件工程专业，金融工程，数据计算及应用专业"", ""2,熟练掌握任意基于python的web框架，如：flask、Django。精通pandas、numpy、scipy。熟练使用Excel，能读懂复杂的Excel公式。对前端有一定了解。"", ""加分项："", ""1有金融建模，金融数据分析类项目经验。"", ""2，有投资相关知识。"", ""3，擅长写有创新点的技术类，建模类文档。""]","[""任职要求："", ""1,工作经验3年及以上，计算机/软件工程专业，金融工程，数据计算及应用专业"", ""2,熟练掌握任意基于python的web框架，如：flask、Django。精通pandas、numpy、scipy。熟练使用Excel，能读懂复杂的Excel公式。对前端有一定了解。"", ""加分项："", ""1有金融建模，金融数据分析类项目经验。"", ""2，有投资相关知识。"", ""3，擅长写有创新点的技术类，建模类文档。""]","[""Django"", ""本科"", ""3-5年"", ""银行"", ""投资与资产管理"", ""金融科技/数字金融""]","[""Django"", ""本科"", ""3-5年"", ""银行"", ""投资与资产管理"", ""金融科技/数字金融""]",http://www.zhaopin.com/jobdetail/CC143806550J40711838214.htm,2026-07-04T08:09:11.797Z
job_platform,zhaopin,7,40806410816,python开发,软通动力信息技术(集团)股份有限公司,软件/IT服务,深圳 龙岗 平湖,10001,15000,1-3年,本科,2026-04-23 16:30:33,"统招本科理工科专业，1年以上，熟悉Python开发，只做python前端
【岗位要求】
1. 学历要求：统招本科及以上学历，计算机相关专业优先
2. 经验要求：1年以上Python开发经验，熟练掌握Python 3.X，具备扎实的编码能力
3. 技术能力：
• 精通Python语言特性及常用框架，熟悉虚拟环境配置（如venv）及依赖管理
• 熟悉Linux/Windows操作系统及常用命令
• 熟练编写Shell脚本（Linux）及批处理脚本（Windows）
• 熟悉持续集成（CI/CD）流程与工具（如Jenkins/GitLab CI）
加分项：
• 有C/C++基础或混合编程经验者优先
• 了解前端基础技术（如Electron/PyQt等界面开发框架）
【工作内容】
负责Python软件界面开发、开发自测DT及自动化脚本编写","[""统招本科理工科专业，1年以上，熟悉Python开发，只做python前端"", ""【岗位要求】"", ""1. 学历要求：统招本科及以上学历，计算机相关专业优先"", ""2. 经验要求：1年以上Python开发经验，熟练掌握Python 3.X，具备扎实的编码能力"", ""3. 技术能力："", ""• 精通Python语言特性及常用框架，熟悉虚拟环境配置（如venv）及依赖管理"", ""• 熟悉Linux/Windows操作系统及常用命令"", ""• 熟练编写Shell脚本（Linux）及批处理脚本（Windows）"", ""• 熟悉持续集成（CI/CD）流程与工具（如Jenkins/GitLab CI）"", ""加分项："", ""• 有C/C++基础或混合编程经验者优先"", ""• 了解前端基础技术（如Electron/PyQt等界面开发框架）"", ""【工作内容】"", ""负责Python软件界面开发、开发自测DT及自动化脚本编写""]","[""统招本科理工科专业，1年以上，熟悉Python开发，只做python前端"", ""【岗位要求】"", ""1. 学历要求：统招本科及以上学历，计算机相关专业优先"", ""2. 经验要求：1年以上Python开发经验，熟练掌握Python 3.X，具备扎实的编码能力"", ""3. 技术能力："", ""• 精通Python语言特性及常用框架，熟悉虚拟环境配置（如venv）及依赖管理"", ""• 熟悉Linux/Windows操作系统及常用命令"", ""• 熟练编写Shell脚本（Linux）及批处理脚本（Windows）"", ""• 熟悉持续集成（CI/CD）流程与工具（如Jenkins/GitLab CI）"", ""加分项："", ""• 有C/C++基础或混合编程经验者优先"", ""• 了解前端基础技术（如Electron/PyQt等界面开发框架）"", ""【工作内容】"", ""负责Python软件界面开发、开发自测DT及自动化脚本编写""]","[""Django"", ""本科"", ""1-3年""]","[""Django"", ""本科"", ""1-3年""]",http://www.zhaopin.com/jobdetail/CC000544460J40806410816.htm,2026-07-04T08:09:11.797Z
job_platform,zhaopin,7,40509617604,python机器视觉工程师,深圳市睿智达智能系统有限公司,人工智能,深圳 龙华,7001,9000,经验不限,大专,2026-04-04 00:00:00,"需要有相关的工作经验，尤其是在自动化或光检测领域。<div> 
</div><div> 
1、公司内安装调试设备的视觉硬件软件，完成与PLC的联通，编写视觉流程，GRR,MSA,完成FAT； 
2、设备在客户现场的软硬件调试，带料调整视觉，优化视觉流程，GRR，MSA，完成SAT，制作MSOP （熟悉相機（GigE / USB）與光源調整（曝光、打光））。 
3、客户需求软件功能与视觉检测功能 
4、日常代码Debug，Mes功能优化，MOM通讯维护，以及保持生产数据正确并从数据库上传到Mes或MOM。 
5、培训现场调机人员，制作异常处理手册。</div><div> 6、可配合駐廠（含出差或長駐）</div><div> 7、具備問題分析與現場應變能力（抗壓性要比設備還穩😏）</div><div> 8、有 AOI / 視覺檢測 / 自動化設備經驗 优先考虑</div><div> 
</div>","[""需要有相关的工作经验，尤其是在自动化或光检测领域。<div>"", ""</div><div>"", ""1、公司内安装调试设备的视觉硬件软件，完成与PLC的联通，编写视觉流程，GRR,MSA,完成FAT；"", ""2、设备在客户现场的软硬件调试，带料调整视觉，优化视觉流程，GRR，MSA，完成SAT，制作MSOP （熟悉相機（GigE / USB）與光源調整（曝光、打光））。"", ""3、客户需求软件功能与视觉检测功能"", ""4、日常代码Debug，Mes功能优化，MOM通讯维护，以及保持生产数据正确并从数据库上传到Mes或MOM。"", ""5、培训现场调机人员，制作异常处理手册。</div><div> 6、可配合駐廠（含出差或長駐）</div><div> 7、具備問題分析與現場應變能力（抗壓性要比設備還穩😏）</div><div> 8、有 AOI / 視覺檢測 / 自動化設備經驗 优先考虑</div><div>"", ""</div>""]","[""需要有相关的工作经验，尤其是在自动化或光检测领域。<div>"", ""</div><div>"", ""1、公司内安装调试设备的视觉硬件软件，完成与PLC的联通，编写视觉流程，GRR,MSA,完成FAT；"", ""2、设备在客户现场的软硬件调试，带料调整视觉，优化视觉流程，GRR，MSA，完成SAT，制作MSOP （熟悉相機（GigE / USB）與光源調整（曝光、打光））。"", ""3、客户需求软件功能与视觉检测功能"", ""4、日常代码Debug，Mes功能优化，MOM通讯维护，以及保持生产数据正确并从数据库上传到Mes或MOM。"", ""5、培训现场调机人员，制作异常处理手册。</div><div> 6、可配合駐廠（含出差或長駐）</div><div> 7、具備問題分析與現場應變能力（抗壓性要比設備還穩😏）</div><div> 8、有 AOI / 視覺檢測 / 自動化設備經驗 优先考虑</div><div>"", ""</div>""]","[""Python"", ""大专"", ""人工智能""]","[""Python"", ""大专"", ""人工智能""]",http://www.zhaopin.com/jobdetail/CCL1480948010J40509617604.htm,2026-07-04T08:09:11.797Z
job_platform,zhaopin,7,40805113316,python后端开发工程师,软通动力信息技术(集团)股份有限公司,软件/IT服务,深圳 龙岗 平湖,11001,16000,1-3年,本科,2026-04-22 18:12:36,"1年以上，熟悉Python开发经验
【岗位要求】
1. 经验要求：1年以上Python开发经验，熟练掌握Python 3.X，具备扎实的编码能力
2. 技术能力：
• 精通Python语言特性及常用框架，熟悉虚拟环境配置（如venv）及依赖管理
• 熟悉Linux/Windows操作系统及常用命令
• 熟练编写Shell脚本（Linux）及批处理脚本（Windows）
• 熟悉持续集成（CI/CD）流程与工具（如Jenkins/GitLab CI）
加分项：
• 有C/C++基础或混合编程经验者优先
• 了解前端基础技术（如Electron/PyQt等界面开发框架）
【工作内容】
负责Python软件界面开发、开发自测DT及自动化脚本编写","[""1年以上，熟悉Python开发经验"", ""【岗位要求】"", ""1. 经验要求：1年以上Python开发经验，熟练掌握Python 3.X，具备扎实的编码能力"", ""2. 技术能力："", ""• 精通Python语言特性及常用框架，熟悉虚拟环境配置（如venv）及依赖管理"", ""• 熟悉Linux/Windows操作系统及常用命令"", ""• 熟练编写Shell脚本（Linux）及批处理脚本（Windows）"", ""• 熟悉持续集成（CI/CD）流程与工具（如Jenkins/GitLab CI）"", ""加分项："", ""• 有C/C++基础或混合编程经验者优先"", ""• 了解前端基础技术（如Electron/PyQt等界面开发框架）"", ""【工作内容】"", ""负责Python软件界面开发、开发自测DT及自动化脚本编写""]","[""1年以上，熟悉Python开发经验"", ""【岗位要求】"", ""1. 经验要求：1年以上Python开发经验，熟练掌握Python 3.X，具备扎实的编码能力"", ""2. 技术能力："", ""• 精通Python语言特性及常用框架，熟悉虚拟环境配置（如venv）及依赖管理"", ""• 熟悉Linux/Windows操作系统及常用命令"", ""• 熟练编写Shell脚本（Linux）及批处理脚本（Windows）"", ""• 熟悉持续集成（CI/CD）流程与工具（如Jenkins/GitLab CI）"", ""加分项："", ""• 有C/C++基础或混合编程经验者优先"", ""• 了解前端基础技术（如Electron/PyQt等界面开发框架）"", ""【工作内容】"", ""负责Python软件界面开发、开发自测DT及自动化脚本编写""]","[""C++"", ""Shell"", ""本科"", ""1-3年"", ""计算机软件"", ""产业互联网平台""]","[""C++"", ""Shell"", ""本科"", ""1-3年"", ""计算机软件"", ""产业互联网平台""]",http://www.zhaopin.com/jobdetail/CC000544460J40805113316.htm,2026-07-04T08:09:11.797Z
job_platform,zhaopin,7,40837751907,python后端开发工程师,深圳市华益盛模具股份有限公司,金属制品/机加工,深圳 宝安 福永,15001,18000,3-5年,本科,2026-04-02 10:27:47,"<div> 岗位介绍（业务系统方向）</div><div> 我们正在推进公司核心信息化建设（ERP + 生产系统），</div>希望招聘一名后端工程师，参与系统开发与系统集成工作。
<div> 这是一个 偏业务系统 + 集成方向的岗位，不仅写代码，也能接触制造业核心业务流程（生产、库存、供应链等）</div><div> 岗位职责 
1、负责参与公司业务系统开发与维护（ERP、MES等） 
2、负责系统之间的数据对接与接口开发（API） </div><div> 3、负责编写 SQL 脚本，参与业务流程建模（生产、仓储、成本核算） 
4、负责协助业务部门优化系统流程（采购、库存、生产等）  
5、负责参与公司信息化项目（ERP等）的建设与落地</div><div> 任职要求 
1、熟悉 Python（FastAPI / Django REST Framework 任一），了解基本工程2、实践（模块解耦、异常处理、简单单元测试） </div><div> 3、熟悉 SQL（MySQL / PostgreSQL），具备常规查询及基础性能优化能力、有 Web API开发经验（RESTful），了解基本接口设计规范  
4、具备 1–3 年后端开发经验 </div><div>  ⭐ 加分项 
 有 ERP / MES / 业务系统经验 
 有 系统对接经验（API / 数据同步） 
 了解 Redis 或消息队列（RabbitMQ / Kafka等） 的基本使用场景  
了解 Docker 或基本部署流程 
 有制造业相关经验（生产 / 仓储 / 供应链）  
熟悉 OpenAPI / Swagger 文档规范  
 
🤖 关于 AI 
 使用过 Cursor / Copilot / ChatGPT 等开发辅助工具  
对 AI 提升开发效率有兴趣，愿意尝试新工具  
 
🌱 我们提供什么 
🏗 核心项目经验 
参与公司 ERP 从0到1建设，而不是维护旧系统 
📈 成长空间大 
有机会成长为系统负责人 / IT负责人 
🔀 技术 + 业务双成长 
不仅做开发，还能深入理解制造业业务（生产、库存、成本） 
🤖 鼓励使用AI工具 
支持使用 Cursor / Copilot 等提升开发效率</div><div> 
</div>","[""<div> 岗位介绍（业务系统方向）</div><div> 我们正在推进公司核心信息化建设（ERP + 生产系统），</div>希望招聘一名后端工程师，参与系统开发与系统集成工作。"", ""<div> 这是一个 偏业务系统 + 集成方向的岗位，不仅写代码，也能接触制造业核心业务流程（生产、库存、供应链等）</div><div> 岗位职责"", ""1、负责参与公司业务系统开发与维护（ERP、MES等）"", ""2、负责系统之间的数据对接与接口开发（API） </div><div> 3、负责编写 SQL 脚本，参与业务流程建模（生产、仓储、成本核算）"", ""4、负责协助业务部门优化系统流程（采购、库存、生产等）"", ""5、负责参与公司信息化项目（ERP等）的建设与落地</div><div> 任职要求"", ""1、熟悉 Python（FastAPI / Django REST Framework 任一），了解基本工程2、实践（模块解耦、异常处理、简单单元测试） </div><div> 3、熟悉 SQL（MySQL / PostgreSQL），具备常规查询及基础性能优化能力、有 Web API开发经验（RESTful），了解基本接口设计规范"", ""4、具备 1–3 年后端开发经验 </div><div>  ⭐ 加分项"", ""有 ERP / MES / 业务系统经验"", ""有 系统对接经验（API / 数据同步）"", ""了解 Redis 或消息队列（RabbitMQ / Kafka等） 的基本使用场景"", ""了解 Docker 或基本部署流程"", ""有制造业相关经验（生产 / 仓储 / 供应链）"", ""熟悉 OpenAPI / Swagger 文档规范"", ""🤖 关于 AI"", ""使用过 Cursor / Copilot / ChatGPT 等开发辅助工具"", ""对 AI 提升开发效率有兴趣，愿意尝试新工具"", ""🌱 我们提供什么"", ""🏗 核心项目经验"", ""参与公司 ERP 从0到1建设，而不是维护旧系统"", ""📈 成长空间大"", ""有机会成长为系统负责人 / IT负责人"", ""🔀 技术 + 业务双成长"", ""不仅做开发，还能深入理解制造业业务（生产、库存、成本）"", ""🤖 鼓励使用AI工具"", ""支持使用 Cursor / Copilot 等提升开发效率</div><div>"", ""</div>""]","[""<div> 岗位介绍（业务系统方向）</div><div> 我们正在推进公司核心信息化建设（ERP + 生产系统），</div>希望招聘一名后端工程师，参与系统开发与系统集成工作。"", ""<div> 这是一个 偏业务系统 + 集成方向的岗位，不仅写代码，也能接触制造业核心业务流程（生产、库存、供应链等）</div><div> 岗位职责"", ""1、负责参与公司业务系统开发与维护（ERP、MES等）"", ""2、负责系统之间的数据对接与接口开发（API） </div><div> 3、负责编写 SQL 脚本，参与业务流程建模（生产、仓储、成本核算）"", ""4、负责协助业务部门优化系统流程（采购、库存、生产等）"", ""5、负责参与公司信息化项目（ERP等）的建设与落地</div><div> 任职要求"", ""1、熟悉 Python（FastAPI / Django REST Framework 任一），了解基本工程2、实践（模块解耦、异常处理、简单单元测试） </div><div> 3、熟悉 SQL（MySQL / PostgreSQL），具备常规查询及基础性能优化能力、有 Web API开发经验（RESTful），了解基本接口设计规范"", ""4、具备 1–3 年后端开发经验 </div><div>  ⭐ 加分项"", ""有 ERP / MES / 业务系统经验"", ""有 系统对接经验（API / 数据同步）"", ""了解 Redis 或消息队列（RabbitMQ / Kafka等） 的基本使用场景"", ""了解 Docker 或基本部署流程"", ""有制造业相关经验（生产 / 仓储 / 供应链）"", ""熟悉 OpenAPI / Swagger 文档规范"", ""🤖 关于 AI"", ""使用过 Cursor / Copilot / ChatGPT 等开发辅助工具"", ""对 AI 提升开发效率有兴趣，愿意尝试新工具"", ""🌱 我们提供什么"", ""🏗 核心项目经验"", ""参与公司 ERP 从0到1建设，而不是维护旧系统"", ""📈 成长空间大"", ""有机会成长为系统负责人 / IT负责人"", ""🔀 技术 + 业务双成长"", ""不仅做开发，还能深入理解制造业业务（生产、库存、成本）"", ""🤖 鼓励使用AI工具"", ""支持使用 Cursor / Copilot 等提升开发效率</div><div>"", ""</div>""]","[""Python"", ""Sql"", ""Java"", ""Django"", ""Flask"", ""FASTAPI"", ""MySQL"", ""PostgreSQL"", ""Redis"", ""本科"", ""3-5年""]","[""Python"", ""Sql"", ""Java"", ""Django"", ""Flask"", ""FASTAPI"", ""MySQL"", ""PostgreSQL"", ""Redis"", ""本科"", ""3-5年""]",http://www.zhaopin.com/jobdetail/CC144903380J40837751907.htm,2026-07-04T08:09:11.797Z
job_platform,zhaopin,7,40800059316,软件测试-python,软通动力信息技术(集团)股份有限公司,软件/IT服务,深圳 龙岗 平湖,10001,16000,3-5年,本科,2026-04-22 18:14:33,"1、python语言基础扎实，能使用python等脚本开发语言编程；
2、熟悉Linux/Windows操作系统；
3、熟悉shell、批处理命令脚本编程语言
4、了解持续集成、流水线概念；
5、了解pytest、gtest测试框架，能使用pytest、gtest框架进行测试；
6、计算机、软件、通信等相关专业；
7、热爱编程，基础扎实，掌握常见编程语言，有良好的编程习惯，对数据结构、算法有一定了解；
岗位职责：
1.负责提供的C++接口转Python，适配Pytest框架；
2.负责测试自动化用例的写作、调试及上库；
3.负责支撑软件平台自动化用例的稳定运行；","[""1、python语言基础扎实，能使用python等脚本开发语言编程；"", ""2、熟悉Linux/Windows操作系统；"", ""3、熟悉shell、批处理命令脚本编程语言"", ""4、了解持续集成、流水线概念；"", ""5、了解pytest、gtest测试框架，能使用pytest、gtest框架进行测试；"", ""6、计算机、软件、通信等相关专业；"", ""7、热爱编程，基础扎实，掌握常见编程语言，有良好的编程习惯，对数据结构、算法有一定了解；"", ""岗位职责："", ""1.负责提供的C++接口转Python，适配Pytest框架；"", ""2.负责测试自动化用例的写作、调试及上库；"", ""3.负责支撑软件平台自动化用例的稳定运行；""]","[""1、python语言基础扎实，能使用python等脚本开发语言编程；"", ""2、熟悉Linux/Windows操作系统；"", ""3、熟悉shell、批处理命令脚本编程语言"", ""4、了解持续集成、流水线概念；"", ""5、了解pytest、gtest测试框架，能使用pytest、gtest框架进行测试；"", ""6、计算机、软件、通信等相关专业；"", ""7、热爱编程，基础扎实，掌握常见编程语言，有良好的编程习惯，对数据结构、算法有一定了解；"", ""岗位职责："", ""1.负责提供的C++接口转Python，适配Pytest框架；"", ""2.负责测试自动化用例的写作、调试及上库；"", ""3.负责支撑软件平台自动化用例的稳定运行；""]","[""自动化测试"", ""Python"", ""PYTEST"", ""GTEST"", ""本科"", ""3-5年""]","[""自动化测试"", ""Python"", ""PYTEST"", ""GTEST"", ""本科"", ""3-5年""]",http://www.zhaopin.com/jobdetail/CC000544460J40800059316.htm,2026-07-04T08:09:11.797Z
job_platform,zhaopin,7,40868656003,python后端开发工程师（大厂 双休）,科锐尔人力资源服务(苏州)有限公司,人力资源,深圳 龙岗 坂田,13001,26000,经验不限,本科,2026-04-01 16:00:28,"软件后端/测开/算法/数据开发都有，感兴趣详聊~
核心亮点
核心业务！接触云计算、AI、5G 等前沿场景，技术成长快
门槛友好：优秀本科可投，大牛带教，零基础也能入门实战
杭州滨江核心团队，弹性工作 + 年轻氛围，福利拉满（食堂 / 健身房等）
你将负责
参与云计算、AI 等业务的算法研发与优化（机器学习 / 深度学习方向）
设计可落地的算法方案，完成模型训练、调优及部署
处理大规模数据，做特征工程和模型优化，提升业务指标
跟踪前沿技术，和团队一起把创新算法用到实际业务中
我们希望你
本科及以上学历（计算机 / 数学等相关专业，优秀本科生放宽）
了解 Python（会基础语法即可），对机器学习 / 深度学习有兴趣
有简单数据处理经验更佳，懂 SQL 或 TensorFlow/PyTorch 优先
学习能力强，愿意跟着导师从零积累，有责任心
为什么选我们
带教体系：1v1 导师带教，从基础到项目实战，快速上手
平台硬核：亿级用户项目 + 技术栈，简历加分 buff
待遇给力：有竞争力薪资（基薪 + 绩效 + 年终奖）+ 完善福利
成长清晰：技术培训 + 行业峰会，支持从入门到精通的全路径发展","[""软件后端/测开/算法/数据开发都有，感兴趣详聊~"", ""核心亮点"", ""核心业务！接触云计算、AI、5G 等前沿场景，技术成长快"", ""门槛友好：优秀本科可投，大牛带教，零基础也能入门实战"", ""杭州滨江核心团队，弹性工作 + 年轻氛围，福利拉满（食堂 / 健身房等）"", ""你将负责"", ""参与云计算、AI 等业务的算法研发与优化（机器学习 / 深度学习方向）"", ""设计可落地的算法方案，完成模型训练、调优及部署"", ""处理大规模数据，做特征工程和模型优化，提升业务指标"", ""跟踪前沿技术，和团队一起把创新算法用到实际业务中"", ""我们希望你"", ""本科及以上学历（计算机 / 数学等相关专业，优秀本科生放宽）"", ""了解 Python（会基础语法即可），对机器学习 / 深度学习有兴趣"", ""有简单数据处理经验更佳，懂 SQL 或 TensorFlow/PyTorch 优先"", ""学习能力强，愿意跟着导师从零积累，有责任心"", ""为什么选我们"", ""带教体系：1v1 导师带教，从基础到项目实战，快速上手"", ""平台硬核：亿级用户项目 + 技术栈，简历加分 buff"", ""待遇给力：有竞争力薪资（基薪 + 绩效 + 年终奖）+ 完善福利"", ""成长清晰：技术培训 + 行业峰会，支持从入门到精通的全路径发展""]","[""软件后端/测开/算法/数据开发都有，感兴趣详聊~"", ""核心亮点"", ""核心业务！接触云计算、AI、5G 等前沿场景，技术成长快"", ""门槛友好：优秀本科可投，大牛带教，零基础也能入门实战"", ""杭州滨江核心团队，弹性工作 + 年轻氛围，福利拉满（食堂 / 健身房等）"", ""你将负责"", ""参与云计算、AI 等业务的算法研发与优化（机器学习 / 深度学习方向）"", ""设计可落地的算法方案，完成模型训练、调优及部署"", ""处理大规模数据，做特征工程和模型优化，提升业务指标"", ""跟踪前沿技术，和团队一起把创新算法用到实际业务中"", ""我们希望你"", ""本科及以上学历（计算机 / 数学等相关专业，优秀本科生放宽）"", ""了解 Python（会基础语法即可），对机器学习 / 深度学习有兴趣"", ""有简单数据处理经验更佳，懂 SQL 或 TensorFlow/PyTorch 优先"", ""学习能力强，愿意跟着导师从零积累，有责任心"", ""为什么选我们"", ""带教体系：1v1 导师带教，从基础到项目实战，快速上手"", ""平台硬核：亿级用户项目 + 技术栈，简历加分 buff"", ""待遇给力：有竞争力薪资（基薪 + 绩效 + 年终奖）+ 完善福利"", ""成长清晰：技术培训 + 行业峰会，支持从入门到精通的全路径发展""]","[""Python"", ""Java"", ""C++"", ""本科"", ""人工智能"", ""云计算"", ""计算机软件"", ""弹性工作"", ""健身房"", ""导师带教"", ""年终奖"", ""技术培训"", ""免费健身"", ""大牛带队""]","[""Python"", ""Java"", ""C++"", ""本科"", ""人工智能"", ""云计算"", ""计算机软件"", ""弹性工作"", ""健身房"", ""导师带教"", ""年终奖"", ""技术培训"", ""免费健身"", ""大牛带队""]",http://www.zhaopin.com/jobdetail/CC453635220J40868656003.htm,2026-07-04T08:09:11.797Z
job_platform,zhaopin,7,40808395716,python开发工程师,软通动力信息技术(集团)股份有限公司,软件/IT服务,深圳 龙岗 平湖,10001,15000,1-3年,本科,2026-04-16 14:22:18,"统招本科理工科专业，1年以上，熟悉Python开发经验
【岗位要求】
1. 学历要求：统招本科及以上学历，计算机相关专业优先
2. 经验要求：1年以上Python开发经验，熟练掌握Python 3.X，具备扎实的编码能力
3. 技术能力：
• 精通Python语言特性及常用框架，熟悉虚拟环境配置（如venv）及依赖管理
• 熟悉Linux/Windows操作系统及常用命令
• 熟练编写Shell脚本（Linux）及批处理脚本（Windows）
• 熟悉持续集成（CI/CD）流程与工具（如Jenkins/GitLab CI）
加分项：
• 有C/C++基础或混合编程经验者优先
• 了解前端基础技术（如Electron/PyQt等界面开发框架）
【工作内容】
负责Python软件界面开发、开发自测DT及自动化脚本编写","[""统招本科理工科专业，1年以上，熟悉Python开发经验"", ""【岗位要求】"", ""1. 学历要求：统招本科及以上学历，计算机相关专业优先"", ""2. 经验要求：1年以上Python开发经验，熟练掌握Python 3.X，具备扎实的编码能力"", ""3. 技术能力："", ""• 精通Python语言特性及常用框架，熟悉虚拟环境配置（如venv）及依赖管理"", ""• 熟悉Linux/Windows操作系统及常用命令"", ""• 熟练编写Shell脚本（Linux）及批处理脚本（Windows）"", ""• 熟悉持续集成（CI/CD）流程与工具（如Jenkins/GitLab CI）"", ""加分项："", ""• 有C/C++基础或混合编程经验者优先"", ""• 了解前端基础技术（如Electron/PyQt等界面开发框架）"", ""【工作内容】"", ""负责Python软件界面开发、开发自测DT及自动化脚本编写""]","[""统招本科理工科专业，1年以上，熟悉Python开发经验"", ""【岗位要求】"", ""1. 学历要求：统招本科及以上学历，计算机相关专业优先"", ""2. 经验要求：1年以上Python开发经验，熟练掌握Python 3.X，具备扎实的编码能力"", ""3. 技术能力："", ""• 精通Python语言特性及常用框架，熟悉虚拟环境配置（如venv）及依赖管理"", ""• 熟悉Linux/Windows操作系统及常用命令"", ""• 熟练编写Shell脚本（Linux）及批处理脚本（Windows）"", ""• 熟悉持续集成（CI/CD）流程与工具（如Jenkins/GitLab CI）"", ""加分项："", ""• 有C/C++基础或混合编程经验者优先"", ""• 了解前端基础技术（如Electron/PyQt等界面开发框架）"", ""【工作内容】"", ""负责Python软件界面开发、开发自测DT及自动化脚本编写""]","[""C++"", ""Shell"", ""Django"", ""Tornado"", ""Redis"", ""SQLServer"", ""Python"", ""本科"", ""1-3年"", ""计算机软件"", ""软件/IT服务"", ""人工智能""]","[""C++"", ""Shell"", ""Django"", ""Tornado"", ""Redis"", ""SQLServer"", ""Python"", ""本科"", ""1-3年"", ""计算机软件"", ""软件/IT服务"", ""人工智能""]",http://www.zhaopin.com/jobdetail/CC000544460J40808395716.htm,2026-07-04T08:09:11.797Z
job_platform,zhaopin,7,40902110415,Python开发工程师,陕西涟成科技有限公司,云计算,深圳 福田 福田街道,8001,14000,经验不限,本科,2026-03-31 14:50:23,"岗位职责：
1：使用Python语言编程技术实现产品功能，追求以最小成本实现产品的最优可用性；
2：构建云计算 SaaS 平台服务的功能系统；
3：主动推进产品功能进化，配合产品经理挖掘产品价值；
4：数据模型设计，相关文档编写。
任职要求：
1：熟悉Python主流Django框架，了解Tornado，Flask特点；
2：熟悉Mysql，熟悉Memcached, Redis等常见的NoSQL数据存储者优先； 
3：热爱开源软件，熟悉Linux，能够在Linux环境下进行日常工作；
4：熟悉任何一种Web服务器配置和调优，熟悉Nginx者优先；
5：有良好的编码习惯，对代码和设计质量有严格要求，重视Code Review 。","[""岗位职责："", ""1：使用Python语言编程技术实现产品功能，追求以最小成本实现产品的最优可用性；"", ""2：构建云计算 SaaS 平台服务的功能系统；"", ""3：主动推进产品功能进化，配合产品经理挖掘产品价值；"", ""4：数据模型设计，相关文档编写。"", ""任职要求："", ""1：熟悉Python主流Django框架，了解Tornado，Flask特点；"", ""2：熟悉Mysql，熟悉Memcached, Redis等常见的NoSQL数据存储者优先；"", ""3：热爱开源软件，熟悉Linux，能够在Linux环境下进行日常工作；"", ""4：熟悉任何一种Web服务器配置和调优，熟悉Nginx者优先；"", ""5：有良好的编码习惯，对代码和设计质量有严格要求，重视Code Review 。""]","[""岗位职责："", ""1：使用Python语言编程技术实现产品功能，追求以最小成本实现产品的最优可用性；"", ""2：构建云计算 SaaS 平台服务的功能系统；"", ""3：主动推进产品功能进化，配合产品经理挖掘产品价值；"", ""4：数据模型设计，相关文档编写。"", ""任职要求："", ""1：熟悉Python主流Django框架，了解Tornado，Flask特点；"", ""2：熟悉Mysql，熟悉Memcached, Redis等常见的NoSQL数据存储者优先；"", ""3：热爱开源软件，熟悉Linux，能够在Linux环境下进行日常工作；"", ""4：熟悉任何一种Web服务器配置和调优，熟悉Nginx者优先；"", ""5：有良好的编码习惯，对代码和设计质量有严格要求，重视Code Review 。""]","[""本科"", ""计算机软件""]","[""本科"", ""计算机软件""]",http://www.zhaopin.com/jobdetail/CCL1513567640J40902110415.htm,2026-07-04T08:09:11.797Z
job_platform,zhaopin,7,40871577503,软件开发工程师JAVA/C/C++/PYTHON/JS【年终奖&双休&六险一金】,科锐尔人力资源服务(苏州)有限公司,人力资源,深圳 福田 华富,20001,30000,经验不限,本科,2026-04-01 16:27:21,"岗位职责：
1、熟悉JAVA/C++/C/Python/JS/HTML/GO等编程语言中的一种或多种，负责公司各业务部门产品、系统各个模块的设计和开发，并负责模块的代码架构优化，性能优化等；
2、对常用的数据结构、算法有一定了解，熟悉TCP/IP协议及互联网常见应用和协议的原理；
3、有IT应用软件、互联网软件、鸿蒙软件、嵌入式软件等相关开发经验，熟悉linux操作系统。
任职要求：
1、热爱编程，基础扎实，学习能力较强，有良好的编程习惯；
2、具备良好的逻辑思维能力和分析解决问题的能力，善于沟通，乐于合作，热衷新技术，善于总结分享，喜欢动手实践；
3、有良好的英语读写能力者优先，有嵌入式开发经验者优先，计算机/软件工程/通信工程等理工科专业者优先。
岗位福利：①入职购买六险一金②导师一对一指导带教，岗位晋升调薪机制清晰③年终奖④其他福利：周末双休、免费夜宵、通勤班车、不定期团建等等
岗位城市：上海/北京/深圳/东莞/成都/西安/武汉/杭州/南京/苏州，全国多地研发中心可选","[""岗位职责："", ""1、熟悉JAVA/C++/C/Python/JS/HTML/GO等编程语言中的一种或多种，负责公司各业务部门产品、系统各个模块的设计和开发，并负责模块的代码架构优化，性能优化等；"", ""2、对常用的数据结构、算法有一定了解，熟悉TCP/IP协议及互联网常见应用和协议的原理；"", ""3、有IT应用软件、互联网软件、鸿蒙软件、嵌入式软件等相关开发经验，熟悉linux操作系统。"", ""任职要求："", ""1、热爱编程，基础扎实，学习能力较强，有良好的编程习惯；"", ""2、具备良好的逻辑思维能力和分析解决问题的能力，善于沟通，乐于合作，热衷新技术，善于总结分享，喜欢动手实践；"", ""3、有良好的英语读写能力者优先，有嵌入式开发经验者优先，计算机/软件工程/通信工程等理工科专业者优先。"", ""岗位福利：①入职购买六险一金②导师一对一指导带教，岗位晋升调薪机制清晰③年终奖④其他福利：周末双休、免费夜宵、通勤班车、不定期团建等等"", ""岗位城市：上海/北京/深圳/东莞/成都/西安/武汉/杭州/南京/苏州，全国多地研发中心可选""]","[""岗位职责："", ""1、熟悉JAVA/C++/C/Python/JS/HTML/GO等编程语言中的一种或多种，负责公司各业务部门产品、系统各个模块的设计和开发，并负责模块的代码架构优化，性能优化等；"", ""2、对常用的数据结构、算法有一定了解，熟悉TCP/IP协议及互联网常见应用和协议的原理；"", ""3、有IT应用软件、互联网软件、鸿蒙软件、嵌入式软件等相关开发经验，熟悉linux操作系统。"", ""任职要求："", ""1、热爱编程，基础扎实，学习能力较强，有良好的编程习惯；"", ""2、具备良好的逻辑思维能力和分析解决问题的能力，善于沟通，乐于合作，热衷新技术，善于总结分享，喜欢动手实践；"", ""3、有良好的英语读写能力者优先，有嵌入式开发经验者优先，计算机/软件工程/通信工程等理工科专业者优先。"", ""岗位福利：①入职购买六险一金②导师一对一指导带教，岗位晋升调薪机制清晰③年终奖④其他福利：周末双休、免费夜宵、通勤班车、不定期团建等等"", ""岗位城市：上海/北京/深圳/东莞/成都/西安/武汉/杭州/南京/苏州，全国多地研发中心可选""]","[""C++"", ""Java"", ""JavaScript"", ""Spring"", ""MySQL"", ""Oracle"", ""本科"", ""计算机软件"", ""产业互联网平台"", ""通信/网络设备"", ""年终奖"", ""六险一金"", ""岗位晋升"", ""晋升调薪机制"", ""周末双休"", ""通勤班车"", ""不定期团建"", ""免费班车"", ""定期团建""]","[""C++"", ""Java"", ""JavaScript"", ""Spring"", ""MySQL"", ""Oracle"", ""本科"", ""计算机软件"", ""产业互联网平台"", ""通信/网络设备"", ""年终奖"", ""六险一金"", ""岗位晋升"", ""晋升调薪机制"", ""周末双休"", ""通勤班车"", ""不定期团建"", ""免费班车"", ""定期团建""]",http://www.zhaopin.com/jobdetail/CC453635220J40871577503.htm,2026-07-04T08:09:11.797Z
job_platform,zhaopin,7,40807690516,python软件测试,软通动力信息技术(集团)股份有限公司,软件/IT服务,深圳 龙岗 平湖,10001,15000,1-3年,本科,2026-04-14 15:04:59,"岗位职责：
1、通用的软件测试岗位，熟悉功能测试，性能测试等
2、熟悉Linux/Windows操作系统；
3、熟悉Python、shell、批处理命令脚本编程语言
4、熟悉持续集成、流水线概念；
5、了解pytest、gtest测试框架，能使用pytest、gtest框架进行测试；
（优先考虑python语言基础扎实，能使用python等脚本开发语言编程，有嵌入式测试经验优先）
岗位要求：
1.本科2年经验起招，理工科相关专业","[""岗位职责："", ""1、通用的软件测试岗位，熟悉功能测试，性能测试等"", ""2、熟悉Linux/Windows操作系统；"", ""3、熟悉Python、shell、批处理命令脚本编程语言"", ""4、熟悉持续集成、流水线概念；"", ""5、了解pytest、gtest测试框架，能使用pytest、gtest框架进行测试；"", ""（优先考虑python语言基础扎实，能使用python等脚本开发语言编程，有嵌入式测试经验优先）"", ""岗位要求："", ""1.本科2年经验起招，理工科相关专业""]","[""岗位职责："", ""1、通用的软件测试岗位，熟悉功能测试，性能测试等"", ""2、熟悉Linux/Windows操作系统；"", ""3、熟悉Python、shell、批处理命令脚本编程语言"", ""4、熟悉持续集成、流水线概念；"", ""5、了解pytest、gtest测试框架，能使用pytest、gtest框架进行测试；"", ""（优先考虑python语言基础扎实，能使用python等脚本开发语言编程，有嵌入式测试经验优先）"", ""岗位要求："", ""1.本科2年经验起招，理工科相关专业""]","[""自动化测试"", ""Python"", ""本科"", ""1-3年"", ""半导体/芯片"", ""工业自动化/机器人"", ""电子设备制造""]","[""自动化测试"", ""Python"", ""本科"", ""1-3年"", ""半导体/芯片"", ""工业自动化/机器人"", ""电子设备制造""]",http://www.zhaopin.com/jobdetail/CC000544460J40807690516.htm,2026-07-04T08:09:11.797Z
job_platform,zhaopin,7,40758533706,python开发助理工程师,宏源豪实业(深圳)有限公司,人工智能,深圳 福田 沙头 车公庙,9001,13000,1-3年,本科,2026-03-24 20:23:59,"<div>  
工作职责
  <ol>   <li>负责用户全生命周期行为数据的采集、清洗与分析，构建精准的用户画像及需求预测模型。</li>   <li>独立开展用户访谈、焦点小组、可用性测试等定性研究，输出结构化洞察报告并提炼落地建议。</li>   <li>结合业务场景设计定量研究方案，通过多维度数据分析识别用户痛点与产品优化方向。</li>   <li>协同产品、研发团队将用户研究成果转化为产品功能迭代的优先级规划，推动数据价值落地。</li>  </ol>  
任职要求
  <ol>   <li>本科及以上学历，社会学、统计学或计算机相关专业优先</li>   <li>了解用户画像构建、用户路径分析等研究方法，具备基础的数据敏感度。</li>   <li>掌握数据可视化工具，能独立撰写专业研究报告并推动成果落地。</li>   <li>熟悉人工智能产品生态，对用户体验与产品增长逻辑有一定认知。</li>  </ol>  <ol>  </ol></div><div>  周末双休  <div>   
公司福利：   
提供食宿，带薪年假，假节日福利，五险一金，餐补房补交通补贴，年底双薪，项目奖金   
  </div>  <div>  </div>  <div>   
  </div> </div>","[""<div>"", ""工作职责"", ""<ol>   <li>负责用户全生命周期行为数据的采集、清洗与分析，构建精准的用户画像及需求预测模型。</li>   <li>独立开展用户访谈、焦点小组、可用性测试等定性研究，输出结构化洞察报告并提炼落地建议。</li>   <li>结合业务场景设计定量研究方案，通过多维度数据分析识别用户痛点与产品优化方向。</li>   <li>协同产品、研发团队将用户研究成果转化为产品功能迭代的优先级规划，推动数据价值落地。</li>  </ol>"", ""任职要求"", ""<ol>   <li>本科及以上学历，社会学、统计学或计算机相关专业优先</li>   <li>了解用户画像构建、用户路径分析等研究方法，具备基础的数据敏感度。</li>   <li>掌握数据可视化工具，能独立撰写专业研究报告并推动成果落地。</li>   <li>熟悉人工智能产品生态，对用户体验与产品增长逻辑有一定认知。</li>  </ol>  <ol>  </ol></div><div>  周末双休  <div>"", ""公司福利："", ""提供食宿，带薪年假，假节日福利，五险一金，餐补房补交通补贴，年底双薪，项目奖金"", ""</div>  <div>  </div>  <div>"", ""</div> </div>""]","[""<div>"", ""工作职责"", ""<ol>   <li>负责用户全生命周期行为数据的采集、清洗与分析，构建精准的用户画像及需求预测模型。</li>   <li>独立开展用户访谈、焦点小组、可用性测试等定性研究，输出结构化洞察报告并提炼落地建议。</li>   <li>结合业务场景设计定量研究方案，通过多维度数据分析识别用户痛点与产品优化方向。</li>   <li>协同产品、研发团队将用户研究成果转化为产品功能迭代的优先级规划，推动数据价值落地。</li>  </ol>"", ""任职要求"", ""<ol>   <li>本科及以上学历，社会学、统计学或计算机相关专业优先</li>   <li>了解用户画像构建、用户路径分析等研究方法，具备基础的数据敏感度。</li>   <li>掌握数据可视化工具，能独立撰写专业研究报告并推动成果落地。</li>   <li>熟悉人工智能产品生态，对用户体验与产品增长逻辑有一定认知。</li>  </ol>  <ol>  </ol></div><div>  周末双休  <div>"", ""公司福利："", ""提供食宿，带薪年假，假节日福利，五险一金，餐补房补交通补贴，年底双薪，项目奖金"", ""</div>  <div>  </div>  <div>"", ""</div> </div>""]","[""本科"", ""1-3年"", ""周末双休"", ""提供食宿"", ""带薪年假"", ""假节日福利"", ""五险一金"", ""餐补房补"", ""交通补贴"", ""年底双薪"", ""项目奖金"", ""包吃包住"", ""带薪假期"", ""节日慰问"", ""有餐补"", ""交通补助"", ""年终奖""]","[""本科"", ""1-3年"", ""周末双休"", ""提供食宿"", ""带薪年假"", ""假节日福利"", ""五险一金"", ""餐补房补"", ""交通补贴"", ""年底双薪"", ""项目奖金"", ""包吃包住"", ""带薪假期"", ""节日慰问"", ""有餐补"", ""交通补助"", ""年终奖""]",http://www.zhaopin.com/jobdetail/CC832070960J40758533706.htm,2026-07-04T08:09:11.797Z
job_platform,zhaopin,7,40870734203,JAVA/C/C++/Python/算法工程师-六险一金+双休,科锐尔人力资源服务(苏州)有限公司,人力资源,深圳 龙岗 坂田,20001,35000,1年以下,本科,2026-04-01 16:41:03,"【OD岗位，C/C++/Java/Python/web/GO/大数据开发/算法岗位/测试&运维均有岗位需求】
！！办公地点在各个城市的研究所基地(北京、上海、深圳、东莞、杭州、苏州、武汉、西安、成都、南京、长沙、济南)可自行选择一个城市
【福利待遇】
1、六险一金全额缴纳、为期半年的老员工1对1带教、直接管理、全程线上面试、午休两小时、周末双休、丰厚年终奖、双倍加班费、班车福利、带薪年假、入职&年度体检、加班免费宵夜、部门团建/下午茶、节假日礼品等；
2、初级、中级、高级岗位均有招聘需求，薪资10-40k*14/16，年终奖金根据绩效情况发放；
3、每年都有调薪机会；
【岗位要求】
1、统招本科及以上学历(已毕业/25届已拿到毕业证也可以，双证齐全(学信网可查)；
2、掌握C、C++/Java/python/Go/web前端开发一种或多种编程语言，有良好的编程习惯、热爱编程；
3、对基本数据结构和算法有一定了解，熟练使用开发工具；
4、具备良好的解决问题能力、善于沟通、乐于合作；
5、扎实的计算机基础，具备优秀的学习能力和逻辑思维能力，善于分析问题和解决问题有关键独立模块设计、开发和维护经验；
【面试流程】
1、笔试
2、技术面试(围绕计算机/编程语言基础+项目经历+代码能力进行考察)
3、资综面(围绕求职动力、稳定性、薪酬情况综合素质如沟通表达能力进行考察)
备注：整个面试流程都在线上进行，时间协调较为灵活，一般笔试通过后2周内出offer
【适合人群】
1)针对初级岗位，向往但错过校招(社招和校招也可以同时面试)、或毕业年限短，希望借助平台快速获得核心项目经验，提升市场竞争力；
2)针对中高级岗位，多年工作经验者，现工作薪资待遇、技术提升空间、业务稳定性等比较一般，渴望突破；
3)有一定相关基础或经验，渴望获得职业转型机会(如非计算机科班专业背景转行)。
PS：作为HR，本人负责多个产品线部门招聘，可供选择的机会较多，笔试通过后会根据人选基本情况+求职意愿+部门要求进行匹配~","[""【OD岗位，C/C++/Java/Python/web/GO/大数据开发/算法岗位/测试&运维均有岗位需求】"", ""！！办公地点在各个城市的研究所基地(北京、上海、深圳、东莞、杭州、苏州、武汉、西安、成都、南京、长沙、济南)可自行选择一个城市"", ""【福利待遇】"", ""1、六险一金全额缴纳、为期半年的老员工1对1带教、直接管理、全程线上面试、午休两小时、周末双休、丰厚年终奖、双倍加班费、班车福利、带薪年假、入职&年度体检、加班免费宵夜、部门团建/下午茶、节假日礼品等；"", ""2、初级、中级、高级岗位均有招聘需求，薪资10-40k*14/16，年终奖金根据绩效情况发放；"", ""3、每年都有调薪机会；"", ""【岗位要求】"", ""1、统招本科及以上学历(已毕业/25届已拿到毕业证也可以，双证齐全(学信网可查)；"", ""2、掌握C、C++/Java/python/Go/web前端开发一种或多种编程语言，有良好的编程习惯、热爱编程；"", ""3、对基本数据结构和算法有一定了解，熟练使用开发工具；"", ""4、具备良好的解决问题能力、善于沟通、乐于合作；"", ""5、扎实的计算机基础，具备优秀的学习能力和逻辑思维能力，善于分析问题和解决问题有关键独立模块设计、开发和维护经验；"", ""【面试流程】"", ""1、笔试"", ""2、技术面试(围绕计算机/编程语言基础+项目经历+代码能力进行考察)"", ""3、资综面(围绕求职动力、稳定性、薪酬情况综合素质如沟通表达能力进行考察)"", ""备注：整个面试流程都在线上进行，时间协调较为灵活，一般笔试通过后2周内出offer"", ""【适合人群】"", ""1)针对初级岗位，向往但错过校招(社招和校招也可以同时面试)、或毕业年限短，希望借助平台快速获得核心项目经验，提升市场竞争力；"", ""2)针对中高级岗位，多年工作经验者，现工作薪资待遇、技术提升空间、业务稳定性等比较一般，渴望突破；"", ""3)有一定相关基础或经验，渴望获得职业转型机会(如非计算机科班专业背景转行)。"", ""PS：作为HR，本人负责多个产品线部门招聘，可供选择的机会较多，笔试通过后会根据人选基本情况+求职意愿+部门要求进行匹配~""]","[""【OD岗位，C/C++/Java/Python/web/GO/大数据开发/算法岗位/测试&运维均有岗位需求】"", ""！！办公地点在各个城市的研究所基地(北京、上海、深圳、东莞、杭州、苏州、武汉、西安、成都、南京、长沙、济南)可自行选择一个城市"", ""【福利待遇】"", ""1、六险一金全额缴纳、为期半年的老员工1对1带教、直接管理、全程线上面试、午休两小时、周末双休、丰厚年终奖、双倍加班费、班车福利、带薪年假、入职&年度体检、加班免费宵夜、部门团建/下午茶、节假日礼品等；"", ""2、初级、中级、高级岗位均有招聘需求，薪资10-40k*14/16，年终奖金根据绩效情况发放；"", ""3、每年都有调薪机会；"", ""【岗位要求】"", ""1、统招本科及以上学历(已毕业/25届已拿到毕业证也可以，双证齐全(学信网可查)；"", ""2、掌握C、C++/Java/python/Go/web前端开发一种或多种编程语言，有良好的编程习惯、热爱编程；"", ""3、对基本数据结构和算法有一定了解，熟练使用开发工具；"", ""4、具备良好的解决问题能力、善于沟通、乐于合作；"", ""5、扎实的计算机基础，具备优秀的学习能力和逻辑思维能力，善于分析问题和解决问题有关键独立模块设计、开发和维护经验；"", ""【面试流程】"", ""1、笔试"", ""2、技术面试(围绕计算机/编程语言基础+项目经历+代码能力进行考察)"", ""3、资综面(围绕求职动力、稳定性、薪酬情况综合素质如沟通表达能力进行考察)"", ""备注：整个面试流程都在线上进行，时间协调较为灵活，一般笔试通过后2周内出offer"", ""【适合人群】"", ""1)针对初级岗位，向往但错过校招(社招和校招也可以同时面试)、或毕业年限短，希望借助平台快速获得核心项目经验，提升市场竞争力；"", ""2)针对中高级岗位，多年工作经验者，现工作薪资待遇、技术提升空间、业务稳定性等比较一般，渴望突破；"", ""3)有一定相关基础或经验，渴望获得职业转型机会(如非计算机科班专业背景转行)。"", ""PS：作为HR，本人负责多个产品线部门招聘，可供选择的机会较多，笔试通过后会根据人选基本情况+求职意愿+部门要求进行匹配~""]","[""C语言"", ""Java"", ""Python"", ""嵌入式开发"", ""Web开发"", ""Linux开发"", ""OpenCV"", ""PyTorch"", ""MySQL"", ""本科"", ""人工智能"", ""计算机软件"", ""信息安全"", ""六险一金"", ""1对1带教"", ""周末双休"", ""丰厚年终奖"", ""双倍加班费"", ""班车"", ""带薪年假"", ""年度体检"", ""部门团建"", ""下午茶"", ""节假日礼品"", ""年终奖金"", ""调薪机会"", ""大牛带队"", ""加班补助"", ""免费班车"", ""带薪假期"", ""体检福利"", ""定期团建"", ""节日慰问""]","[""C语言"", ""Java"", ""Python"", ""嵌入式开发"", ""Web开发"", ""Linux开发"", ""OpenCV"", ""PyTorch"", ""MySQL"", ""本科"", ""人工智能"", ""计算机软件"", ""信息安全"", ""六险一金"", ""1对1带教"", ""周末双休"", ""丰厚年终奖"", ""双倍加班费"", ""班车"", ""带薪年假"", ""年度体检"", ""部门团建"", ""下午茶"", ""节假日礼品"", ""年终奖金"", ""调薪机会"", ""大牛带队"", ""加班补助"", ""免费班车"", ""带薪假期"", ""体检福利"", ""定期团建"", ""节日慰问""]",http://www.zhaopin.com/jobdetail/CC453635220J40870734203.htm,2026-07-04T08:09:11.797Z
job_platform,zhaopin,7,40806705216,python自动化测试工程师,软通动力信息技术(集团)股份有限公司,软件/IT服务,深圳 龙岗 平湖,12001,15000,3-5年,本科,2026-04-10 14:50:29,"至少有一项编程开发经验C++接口转Python；具有需求分析经验
1、python语言基础扎实，能使用python等脚本开发语言编程；
2、熟悉Linux/Windows操作系统；
3、熟悉shell、批处理命令脚本编程语言
4、了解持续集成、流水线概念；
5、了解pytest、gtest测试框架，能使用pytest、gtest框架进行测试；
6、计算机、软件、通信等相关专业；
7、热爱编程，基础扎实，掌握常见编程语言，有良好的编程习惯，对数据结构、算法有一定了解；
岗位职责：
1.负责提供的C++接口转Python，适配Pytest框架；
2.负责测试自动化用例的写作、调试及上库；
3.负责支撑软件平台自动化用例的稳定运行；""","[""至少有一项编程开发经验C++接口转Python；具有需求分析经验"", ""1、python语言基础扎实，能使用python等脚本开发语言编程；"", ""2、熟悉Linux/Windows操作系统；"", ""3、熟悉shell、批处理命令脚本编程语言"", ""4、了解持续集成、流水线概念；"", ""5、了解pytest、gtest测试框架，能使用pytest、gtest框架进行测试；"", ""6、计算机、软件、通信等相关专业；"", ""7、热爱编程，基础扎实，掌握常见编程语言，有良好的编程习惯，对数据结构、算法有一定了解；"", ""岗位职责："", ""1.负责提供的C++接口转Python，适配Pytest框架；"", ""2.负责测试自动化用例的写作、调试及上库；"", ""3.负责支撑软件平台自动化用例的稳定运行；\""""]","[""至少有一项编程开发经验C++接口转Python；具有需求分析经验"", ""1、python语言基础扎实，能使用python等脚本开发语言编程；"", ""2、熟悉Linux/Windows操作系统；"", ""3、熟悉shell、批处理命令脚本编程语言"", ""4、了解持续集成、流水线概念；"", ""5、了解pytest、gtest测试框架，能使用pytest、gtest框架进行测试；"", ""6、计算机、软件、通信等相关专业；"", ""7、热爱编程，基础扎实，掌握常见编程语言，有良好的编程习惯，对数据结构、算法有一定了解；"", ""岗位职责："", ""1.负责提供的C++接口转Python，适配Pytest框架；"", ""2.负责测试自动化用例的写作、调试及上库；"", ""3.负责支撑软件平台自动化用例的稳定运行；\""""]","[""Python"", ""测试开发"", ""本科"", ""3-5年"", ""半导体/芯片""]","[""Python"", ""测试开发"", ""本科"", ""3-5年"", ""半导体/芯片""]",http://www.zhaopin.com/jobdetail/CC000544460J40806705216.htm,2026-07-04T08:09:11.797Z
job_platform,zhaopin,7,40737394309,python后端开发工程师,深圳市睿服科技有限公司,软件/IT服务,深圳 福田 莲花,13001,20000,1-3年,本科,2026-03-17 18:04:02,"1.大学本科及以上学历，计算机相关专业；
2.熟练掌握Python语言，2年以上python开发经验，数据结构功底扎实；承担过独立应用模块的设计开发者优先
3.熟悉python数据分析(pandas/numpy)、文档解析的常用工具；熟悉正则表达式；
4.熟悉数据库原理，熟练掌握sql，有Oracle/Mysql/SqlServer使用经验；有数据清洗、ETL等大数据开发经验者优先；
5.具备较强的责任心，工作认真负责；良好的语言表达和沟通能力，良好的团队合作精神；
岗位描述
 1.负责投资研究、风险绩效系统的研发工作
2.负责投资研究数据分析及相关组件开发","[""1.大学本科及以上学历，计算机相关专业；"", ""2.熟练掌握Python语言，2年以上python开发经验，数据结构功底扎实；承担过独立应用模块的设计开发者优先"", ""3.熟悉python数据分析(pandas/numpy)、文档解析的常用工具；熟悉正则表达式；"", ""4.熟悉数据库原理，熟练掌握sql，有Oracle/Mysql/SqlServer使用经验；有数据清洗、ETL等大数据开发经验者优先；"", ""5.具备较强的责任心，工作认真负责；良好的语言表达和沟通能力，良好的团队合作精神；"", ""岗位描述"", ""1.负责投资研究、风险绩效系统的研发工作"", ""2.负责投资研究数据分析及相关组件开发""]","[""1.大学本科及以上学历，计算机相关专业；"", ""2.熟练掌握Python语言，2年以上python开发经验，数据结构功底扎实；承担过独立应用模块的设计开发者优先"", ""3.熟悉python数据分析(pandas/numpy)、文档解析的常用工具；熟悉正则表达式；"", ""4.熟悉数据库原理，熟练掌握sql，有Oracle/Mysql/SqlServer使用经验；有数据清洗、ETL等大数据开发经验者优先；"", ""5.具备较强的责任心，工作认真负责；良好的语言表达和沟通能力，良好的团队合作精神；"", ""岗位描述"", ""1.负责投资研究、风险绩效系统的研发工作"", ""2.负责投资研究数据分析及相关组件开发""]","[""Django"", ""MySQL"", ""Java"", ""本科"", ""1-3年"", ""计算机软件"", ""投资与资产管理"", ""银行""]","[""Django"", ""MySQL"", ""Java"", ""本科"", ""1-3年"", ""计算机软件"", ""投资与资产管理"", ""银行""]",http://www.zhaopin.com/jobdetail/CC603465980J40737394309.htm,2026-07-04T08:09:11.797Z
job_platform,zhaopin,8,40845445605,软件测试开发工程师（外企-python，AI自动化测试）,万宝盛华企业管理咨询（上海）有限公司,人力资源,深圳 南山,15001,20000,1-3年,本科,2026-02-27 18:24:52,"职位描述：
• 设计、开发并实施产品测试方案，确保产品质量达到标准要求。 
• 规划并开发自动化测试方案及测试集，提升自动化测试覆盖率和执行效率。 
• 持续探索并构建创新测试方法和测试框架，优化测试流程，提高测试效率。 
• 设计、开发及优化工作辅助工具和平台，支持团队工作，提升整体工作效率和质量。
职位要求：
• 有较强的学习能力，有钻研新技术的热情，以及较强的专研能力。
• 有较强的脚本开发能力，熟练掌握Python，熟悉 Linux 工作环境。
• 有优秀的质量意识，丰富的测试经验，熟练掌握常用的测试方法。
• 熟悉软件开发流程，质量流程。
• 本科及以上学位，计算机，软件，自动化，光学，电子，物理，数学等相关理工专业。
• 有流利的英语阅读和书写能力。
• 有良好的团队合作精神以及沟通能力，责任感强，主动性强。
<div> 
</div>","[""职位描述："", ""• 设计、开发并实施产品测试方案，确保产品质量达到标准要求。"", ""• 规划并开发自动化测试方案及测试集，提升自动化测试覆盖率和执行效率。"", ""• 持续探索并构建创新测试方法和测试框架，优化测试流程，提高测试效率。"", ""• 设计、开发及优化工作辅助工具和平台，支持团队工作，提升整体工作效率和质量。"", ""职位要求："", ""• 有较强的学习能力，有钻研新技术的热情，以及较强的专研能力。"", ""• 有较强的脚本开发能力，熟练掌握Python，熟悉 Linux 工作环境。"", ""• 有优秀的质量意识，丰富的测试经验，熟练掌握常用的测试方法。"", ""• 熟悉软件开发流程，质量流程。"", ""• 本科及以上学位，计算机，软件，自动化，光学，电子，物理，数学等相关理工专业。"", ""• 有流利的英语阅读和书写能力。"", ""• 有良好的团队合作精神以及沟通能力，责任感强，主动性强。"", ""<div>"", ""</div>""]","[""职位描述："", ""• 设计、开发并实施产品测试方案，确保产品质量达到标准要求。"", ""• 规划并开发自动化测试方案及测试集，提升自动化测试覆盖率和执行效率。"", ""• 持续探索并构建创新测试方法和测试框架，优化测试流程，提高测试效率。"", ""• 设计、开发及优化工作辅助工具和平台，支持团队工作，提升整体工作效率和质量。"", ""职位要求："", ""• 有较强的学习能力，有钻研新技术的热情，以及较强的专研能力。"", ""• 有较强的脚本开发能力，熟练掌握Python，熟悉 Linux 工作环境。"", ""• 有优秀的质量意识，丰富的测试经验，熟练掌握常用的测试方法。"", ""• 熟悉软件开发流程，质量流程。"", ""• 本科及以上学位，计算机，软件，自动化，光学，电子，物理，数学等相关理工专业。"", ""• 有流利的英语阅读和书写能力。"", ""• 有良好的团队合作精神以及沟通能力，责任感强，主动性强。"", ""<div>"", ""</div>""]","[""Python"", ""Linux"", ""自动化测试"", ""软件测试"", ""AI"", ""大模型"", ""脚本开发"", ""本科"", ""1-3年"", ""半导体/芯片""]","[""Python"", ""Linux"", ""自动化测试"", ""软件测试"", ""AI"", ""大模型"", ""脚本开发"", ""本科"", ""1-3年"", ""半导体/芯片""]",http://www.zhaopin.com/jobdetail/CC466197620J40845445605.htm,2026-07-04T08:09:11.797Z
job_platform,zhaopin,8,40805491616,python后端开发工程师,软通动力信息技术(集团)股份有限公司,软件/IT服务,深圳 龙岗 平湖,10001,17000,3-5年,本科,2026-04-07 10:23:37,"1.熟悉python基础库，三年左右的python工作经验。
2.熟悉常用的数据结构和算法，熟悉python多线程，多进程程序设计。
3.有一定的大量数据处理经验，从事过大数据分析，数据清洗，数据挖掘相关项目经验优先。
4.掌握基本数据库操作，sql语句等，熟悉linux操作系统操作命令。
5.程序设计思路清晰，编码风格良好
6.具备团队合作精神，能与需求，测试团队顺畅沟通
7.统招二本及以上学历","[""1.熟悉python基础库，三年左右的python工作经验。"", ""2.熟悉常用的数据结构和算法，熟悉python多线程，多进程程序设计。"", ""3.有一定的大量数据处理经验，从事过大数据分析，数据清洗，数据挖掘相关项目经验优先。"", ""4.掌握基本数据库操作，sql语句等，熟悉linux操作系统操作命令。"", ""5.程序设计思路清晰，编码风格良好"", ""6.具备团队合作精神，能与需求，测试团队顺畅沟通"", ""7.统招二本及以上学历""]","[""1.熟悉python基础库，三年左右的python工作经验。"", ""2.熟悉常用的数据结构和算法，熟悉python多线程，多进程程序设计。"", ""3.有一定的大量数据处理经验，从事过大数据分析，数据清洗，数据挖掘相关项目经验优先。"", ""4.掌握基本数据库操作，sql语句等，熟悉linux操作系统操作命令。"", ""5.程序设计思路清晰，编码风格良好"", ""6.具备团队合作精神，能与需求，测试团队顺畅沟通"", ""7.统招二本及以上学历""]","[""Python"", ""本科"", ""3-5年"", ""计算机软件""]","[""Python"", ""本科"", ""3-5年"", ""计算机软件""]",http://www.zhaopin.com/jobdetail/CC000544460J40805491616.htm,2026-07-04T08:09:11.797Z
job_platform,zhaopin,8,40835663210,python全栈开发工程师,深度制耀(北京)科技股份有限公司,产业互联网平台,深圳 南山,15001,25000,1-3年,本科,2026-01-27 13:20:34,"一、岗位职责：
1. 灵活运用AI技术解决用户和业务需求，负责AI应用的前后端开发；
2. 负责Agent开发与Agent应用平台搭建，包括系统架构设计与实现；
3. 参与产品全栈开发，包括前端界面设计与后端服务构建；
4. 持续在各种场景下探索，利用AI能力增强产品体验、提升工程效率。
二、任职要求：
1. 计算机科学或相关专业本科及以上学历；
2. 技术栈要求：
- 熟悉React前端框架，具备良好的前端开发能力
- 熟练掌握Python及FastAPI后端框架
- 了解或熟悉Next.js全栈开发框架，了解tRPC
- 熟悉数据库设计（MySQL/PostgreSQL/MongoDB等）
- 熟悉Linux操作系统和Docker容器化部署
3. AI相关经验：
- 有AIGC相关项目经验
- 熟悉常见大模型辅助开发工具
- 有Agent开发经验者优先，了解LangChain、pydantic_ai等框架
4. 具备良好的团队协作和优秀的沟通能力；
5. 具备一定的抗压能力、主观能动性强、具备良好的独立规划及任务拆解能力。","[""一、岗位职责："", ""1. 灵活运用AI技术解决用户和业务需求，负责AI应用的前后端开发；"", ""2. 负责Agent开发与Agent应用平台搭建，包括系统架构设计与实现；"", ""3. 参与产品全栈开发，包括前端界面设计与后端服务构建；"", ""4. 持续在各种场景下探索，利用AI能力增强产品体验、提升工程效率。"", ""二、任职要求："", ""1. 计算机科学或相关专业本科及以上学历；"", ""2. 技术栈要求："", ""- 熟悉React前端框架，具备良好的前端开发能力"", ""- 熟练掌握Python及FastAPI后端框架"", ""- 了解或熟悉Next.js全栈开发框架，了解tRPC"", ""- 熟悉数据库设计（MySQL/PostgreSQL/MongoDB等）"", ""- 熟悉Linux操作系统和Docker容器化部署"", ""3. AI相关经验："", ""- 有AIGC相关项目经验"", ""- 熟悉常见大模型辅助开发工具"", ""- 有Agent开发经验者优先，了解LangChain、pydantic_ai等框架"", ""4. 具备良好的团队协作和优秀的沟通能力；"", ""5. 具备一定的抗压能力、主观能动性强、具备良好的独立规划及任务拆解能力。""]","[""一、岗位职责："", ""1. 灵活运用AI技术解决用户和业务需求，负责AI应用的前后端开发；"", ""2. 负责Agent开发与Agent应用平台搭建，包括系统架构设计与实现；"", ""3. 参与产品全栈开发，包括前端界面设计与后端服务构建；"", ""4. 持续在各种场景下探索，利用AI能力增强产品体验、提升工程效率。"", ""二、任职要求："", ""1. 计算机科学或相关专业本科及以上学历；"", ""2. 技术栈要求："", ""- 熟悉React前端框架，具备良好的前端开发能力"", ""- 熟练掌握Python及FastAPI后端框架"", ""- 了解或熟悉Next.js全栈开发框架，了解tRPC"", ""- 熟悉数据库设计（MySQL/PostgreSQL/MongoDB等）"", ""- 熟悉Linux操作系统和Docker容器化部署"", ""3. AI相关经验："", ""- 有AIGC相关项目经验"", ""- 熟悉常见大模型辅助开发工具"", ""- 有Agent开发经验者优先，了解LangChain、pydantic_ai等框架"", ""4. 具备良好的团队协作和优秀的沟通能力；"", ""5. 具备一定的抗压能力、主观能动性强、具备良好的独立规划及任务拆解能力。""]","[""本科"", ""1-3年"", ""人工智能""]","[""本科"", ""1-3年"", ""人工智能""]",http://www.zhaopin.com/jobdetail/CC697082780J40835663210.htm,2026-07-04T08:09:11.797Z
job_platform,zhaopin,8,40916988815,python自动化测试工程师（企业金融支付方向）,美的集团,工业自动化/机器人,深圳 南山 粤海,9001,12000,5-10年,大专,2026-01-19 15:24:05,"岗位要求：
1、精通测试理论、黑盒测试用例设计方法；
2、有大型项目测试管理工作经验，有1-2年管理经验；
3、有敏捷团队测试管理工作经验；
4、熟练使用Mysql、Oracle、Redis等多种类型数据库，编写常用SQL脚本；
5、熟练使用Linux系统，编写Shell脚本；
6、精通自动化测试、性能测试、接口测试技术，能独立开展相关测试工作，并指导其他测试人员开展相关工作；
7、能主动对所在组织的测试工作提出改善方案，并推动问题解决；
8、掌握Java、.NET编程语言优先；
主要负责企业金融平台系统的开发","[""岗位要求："", ""1、精通测试理论、黑盒测试用例设计方法；"", ""2、有大型项目测试管理工作经验，有1-2年管理经验；"", ""3、有敏捷团队测试管理工作经验；"", ""4、熟练使用Mysql、Oracle、Redis等多种类型数据库，编写常用SQL脚本；"", ""5、熟练使用Linux系统，编写Shell脚本；"", ""6、精通自动化测试、性能测试、接口测试技术，能独立开展相关测试工作，并指导其他测试人员开展相关工作；"", ""7、能主动对所在组织的测试工作提出改善方案，并推动问题解决；"", ""8、掌握Java、.NET编程语言优先；"", ""主要负责企业金融平台系统的开发""]","[""岗位要求："", ""1、精通测试理论、黑盒测试用例设计方法；"", ""2、有大型项目测试管理工作经验，有1-2年管理经验；"", ""3、有敏捷团队测试管理工作经验；"", ""4、熟练使用Mysql、Oracle、Redis等多种类型数据库，编写常用SQL脚本；"", ""5、熟练使用Linux系统，编写Shell脚本；"", ""6、精通自动化测试、性能测试、接口测试技术，能独立开展相关测试工作，并指导其他测试人员开展相关工作；"", ""7、能主动对所在组织的测试工作提出改善方案，并推动问题解决；"", ""8、掌握Java、.NET编程语言优先；"", ""主要负责企业金融平台系统的开发""]","[""Python"", ""Shell"", ""MySQL"", ""UI自动化测试"", ""接口自动化测试"", ""性能测试"", ""接口测试"", ""企业金融支付"", ""大专"", ""5-10年"", ""企业服务"", ""投资与资产管理"", ""产业互联网平台""]","[""Python"", ""Shell"", ""MySQL"", ""UI自动化测试"", ""接口自动化测试"", ""性能测试"", ""接口测试"", ""企业金融支付"", ""大专"", ""5-10年"", ""企业服务"", ""投资与资产管理"", ""产业互联网平台""]",http://www.zhaopin.com/jobdetail/CC000175860J40916988815.htm,2026-07-04T08:09:11.797Z
job_platform,zhaopin,8,40805003116,python开发工程师,软通动力信息技术(集团)股份有限公司,软件/IT服务,深圳 龙岗 平湖,11001,17000,1-3年,本科,2026-04-03 14:28:08,"岗位职责：
1、使用pyside框架按要求实现模块用户界面和业务逻辑；
2、负责应用程序的界面设计，开发和调试；
3、支持和协调与团队成员和业务部门之间的沟通，并有效解决问题。
<div>  岗位要求：  
1、2年以上python开发经验，有Qt开发经验优先。 </div>","[""岗位职责："", ""1、使用pyside框架按要求实现模块用户界面和业务逻辑；"", ""2、负责应用程序的界面设计，开发和调试；"", ""3、支持和协调与团队成员和业务部门之间的沟通，并有效解决问题。"", ""<div>  岗位要求："", ""1、2年以上python开发经验，有Qt开发经验优先。 </div>""]","[""岗位职责："", ""1、使用pyside框架按要求实现模块用户界面和业务逻辑；"", ""2、负责应用程序的界面设计，开发和调试；"", ""3、支持和协调与团队成员和业务部门之间的沟通，并有效解决问题。"", ""<div>  岗位要求："", ""1、2年以上python开发经验，有Qt开发经验优先。 </div>""]","[""PyQt"", ""本科"", ""1-3年"", ""物联网"", ""计算机软件""]","[""PyQt"", ""本科"", ""1-3年"", ""物联网"", ""计算机软件""]",http://www.zhaopin.com/jobdetail/CC000544460J40805003116.htm,2026-07-04T08:09:11.797Z
job_platform,zhaopin,8,40604483602,python开发工程师,昌泰云技术服务(深圳)有限公司,通信运营商/电信增值服务,深圳 南山 粤海,8001,12000,1-3年,本科,2026-01-15 00:00:03,"负责理解腾讯数据中心运营模式，基于管理要求进行系统及业务流程开发，包括各类运营管理系统的设计和后端开发，以及基于低代码平台业务流程设计开发；
能力要求：
1、大学本科及以上学历，计算机相关专业，2年以上后端经验;
2、熟悉Python、go、Js等语言，熟悉Web后端开发，有前端经验优先;
3、熟悉Mysql数据库；
4、熟悉Linux的基本操作命令，了解HTTP的基本工作原理;
5、有较强的学习能力、沟通表达能力，良好的编程习惯","[""负责理解腾讯数据中心运营模式，基于管理要求进行系统及业务流程开发，包括各类运营管理系统的设计和后端开发，以及基于低代码平台业务流程设计开发；"", ""能力要求："", ""1、大学本科及以上学历，计算机相关专业，2年以上后端经验;"", ""2、熟悉Python、go、Js等语言，熟悉Web后端开发，有前端经验优先;"", ""3、熟悉Mysql数据库；"", ""4、熟悉Linux的基本操作命令，了解HTTP的基本工作原理;"", ""5、有较强的学习能力、沟通表达能力，良好的编程习惯""]","[""负责理解腾讯数据中心运营模式，基于管理要求进行系统及业务流程开发，包括各类运营管理系统的设计和后端开发，以及基于低代码平台业务流程设计开发；"", ""能力要求："", ""1、大学本科及以上学历，计算机相关专业，2年以上后端经验;"", ""2、熟悉Python、go、Js等语言，熟悉Web后端开发，有前端经验优先;"", ""3、熟悉Mysql数据库；"", ""4、熟悉Linux的基本操作命令，了解HTTP的基本工作原理;"", ""5、有较强的学习能力、沟通表达能力，良好的编程习惯""]","[""Python"", ""MySQL"", ""Redis"", ""Django"", ""GO"", ""本科"", ""1-3年"", ""计算机软件""]","[""Python"", ""MySQL"", ""Redis"", ""Django"", ""GO"", ""本科"", ""1-3年"", ""计算机软件""]",http://www.zhaopin.com/jobdetail/CC580898680J40604483602.htm,2026-07-04T08:09:11.797Z
job_platform,zhaopin,8,40819226211,python后端开发工程师,深圳建广数字科技有限公司青岛分公司,软件/IT服务,深圳 南山 粤海 大冲,16001,18000,5-10年,大专,2026-01-06 15:30:22,"核心职责
1.负责大规模分布式系统的设计、开发与迭代，保障系统稳定性和性能。
2.参与技术架构规划，推动微服务、容器化、自动化运维等落地。
3.主导复杂业务模块的技术方案设计和代码实现，确保代码质量和可维护性。
4.优化系统性能，解决高并发、高可用场景下的技术难题。
5.协助团队技术成长，进行代码审查、技术分享和新人指导。
任职要求
1.5年以上后台开发经验，有完整的大型项目架构设计和落地经验。
2.精通 Python 和 Java，至少其中一门语言有深入实践，熟悉其生态和常用框架（如 Spring Boot、Django/Flask等）。
3.熟练掌握数据库设计（MySQL/PostgreSQL等）、缓存技术（Redis/Memcached）、消息队列（Kafka/RabbitMQ等）。
4.熟悉分布式系统原理，有微服务、容器化（Docker/K8s）和云服务（AWS/Azure/阿里云等）实战经验。
5.具备良好的系统设计能力，能独立完成技术方案设计和核心代码开发。
优先考虑：
1.有高并发、大数据量系统开发经验，如电商平台、金融系统、社交网络等。
2.熟悉 DevOps 工具链（CI/CD、监控日志体系）。
3.有技术团队管理或项目主导经验。
4.对新技术敏感，有开源项目贡献或技术博客输出者优先。
软性要求：
1.强烈的责任心和自驱力，能主动发现和解决潜在问题。
2.优秀的沟通协作能力，具备团队精神和 mentorship 意识。
会考leetcode刷题","[""核心职责"", ""1.负责大规模分布式系统的设计、开发与迭代，保障系统稳定性和性能。"", ""2.参与技术架构规划，推动微服务、容器化、自动化运维等落地。"", ""3.主导复杂业务模块的技术方案设计和代码实现，确保代码质量和可维护性。"", ""4.优化系统性能，解决高并发、高可用场景下的技术难题。"", ""5.协助团队技术成长，进行代码审查、技术分享和新人指导。"", ""任职要求"", ""1.5年以上后台开发经验，有完整的大型项目架构设计和落地经验。"", ""2.精通 Python 和 Java，至少其中一门语言有深入实践，熟悉其生态和常用框架（如 Spring Boot、Django/Flask等）。"", ""3.熟练掌握数据库设计（MySQL/PostgreSQL等）、缓存技术（Redis/Memcached）、消息队列（Kafka/RabbitMQ等）。"", ""4.熟悉分布式系统原理，有微服务、容器化（Docker/K8s）和云服务（AWS/Azure/阿里云等）实战经验。"", ""5.具备良好的系统设计能力，能独立完成技术方案设计和核心代码开发。"", ""优先考虑："", ""1.有高并发、大数据量系统开发经验，如电商平台、金融系统、社交网络等。"", ""2.熟悉 DevOps 工具链（CI/CD、监控日志体系）。"", ""3.有技术团队管理或项目主导经验。"", ""4.对新技术敏感，有开源项目贡献或技术博客输出者优先。"", ""软性要求："", ""1.强烈的责任心和自驱力，能主动发现和解决潜在问题。"", ""2.优秀的沟通协作能力，具备团队精神和 mentorship 意识。"", ""会考leetcode刷题""]","[""核心职责"", ""1.负责大规模分布式系统的设计、开发与迭代，保障系统稳定性和性能。"", ""2.参与技术架构规划，推动微服务、容器化、自动化运维等落地。"", ""3.主导复杂业务模块的技术方案设计和代码实现，确保代码质量和可维护性。"", ""4.优化系统性能，解决高并发、高可用场景下的技术难题。"", ""5.协助团队技术成长，进行代码审查、技术分享和新人指导。"", ""任职要求"", ""1.5年以上后台开发经验，有完整的大型项目架构设计和落地经验。"", ""2.精通 Python 和 Java，至少其中一门语言有深入实践，熟悉其生态和常用框架（如 Spring Boot、Django/Flask等）。"", ""3.熟练掌握数据库设计（MySQL/PostgreSQL等）、缓存技术（Redis/Memcached）、消息队列（Kafka/RabbitMQ等）。"", ""4.熟悉分布式系统原理，有微服务、容器化（Docker/K8s）和云服务（AWS/Azure/阿里云等）实战经验。"", ""5.具备良好的系统设计能力，能独立完成技术方案设计和核心代码开发。"", ""优先考虑："", ""1.有高并发、大数据量系统开发经验，如电商平台、金融系统、社交网络等。"", ""2.熟悉 DevOps 工具链（CI/CD、监控日志体系）。"", ""3.有技术团队管理或项目主导经验。"", ""4.对新技术敏感，有开源项目贡献或技术博客输出者优先。"", ""软性要求："", ""1.强烈的责任心和自驱力，能主动发现和解决潜在问题。"", ""2.优秀的沟通协作能力，具备团队精神和 mentorship 意识。"", ""会考leetcode刷题""]","[""Java"", ""Django"", ""Flask"", ""MySQL"", ""PostgreSQL"", ""大专"", ""5-10年"", ""互联网电商"", ""企业服务"", ""云计算""]","[""Java"", ""Django"", ""Flask"", ""MySQL"", ""PostgreSQL"", ""大专"", ""5-10年"", ""互联网电商"", ""企业服务"", ""云计算""]",http://www.zhaopin.com/jobdetail/CCL1320891960J40819226211.htm,2026-07-04T08:09:11.797Z
job_platform,zhaopin,8,40798247316,python开发,软通动力信息技术(集团)股份有限公司,软件/IT服务,深圳 龙岗 平湖,10001,15000,1-3年,本科,2026-03-27 09:29:12,"岗位职责：
1、使用pyside框架按要求实现模块用户界面和业务逻辑
2、负责应用程序的界面设计，开发和调试
3、支持和协调与团队成员和业务部门之间的沟通，并有效解决问题。
岗位要求：
1、一年以上python开发经验，有Qt开发经验优先
2、熟悉常用Linux命令","[""岗位职责："", ""1、使用pyside框架按要求实现模块用户界面和业务逻辑"", ""2、负责应用程序的界面设计，开发和调试"", ""3、支持和协调与团队成员和业务部门之间的沟通，并有效解决问题。"", ""岗位要求："", ""1、一年以上python开发经验，有Qt开发经验优先"", ""2、熟悉常用Linux命令""]","[""岗位职责："", ""1、使用pyside框架按要求实现模块用户界面和业务逻辑"", ""2、负责应用程序的界面设计，开发和调试"", ""3、支持和协调与团队成员和业务部门之间的沟通，并有效解决问题。"", ""岗位要求："", ""1、一年以上python开发经验，有Qt开发经验优先"", ""2、熟悉常用Linux命令""]","[""QT"", ""PyQt"", ""Python"", ""PYSIDE"", ""Redis"", ""本科"", ""1-3年"", ""互联网电商"", ""计算机软件"", ""云计算""]","[""QT"", ""PyQt"", ""Python"", ""PYSIDE"", ""Redis"", ""本科"", ""1-3年"", ""互联网电商"", ""计算机软件"", ""云计算""]",http://www.zhaopin.com/jobdetail/CC000544460J40798247316.htm,2026-07-04T08:09:11.797Z
job_platform,zhaopin,8,40725377706,python开发工程师,深圳市法本信息技术股份有限公司,软件/IT服务,深圳 南山 招商,11001,17000,3-5年,本科,2025-12-19 14:19:11,"本科及其以上学历，计算机相关专业。至少2年后台开发经验
掌握 Python 编程语言，以及 Django，SqlAlchemy 和 Celery 框架
掌握 MySQL，Redis 和 RabbitMQ 传统中间件技术
熟悉 Golang 编程语言优先
熟悉 OpenStack 架构和核心组件优先
熟悉 Ansible/SaltStack/Terraform 自动化框架优先","[""本科及其以上学历，计算机相关专业。至少2年后台开发经验"", ""掌握 Python 编程语言，以及 Django，SqlAlchemy 和 Celery 框架"", ""掌握 MySQL，Redis 和 RabbitMQ 传统中间件技术"", ""熟悉 Golang 编程语言优先"", ""熟悉 OpenStack 架构和核心组件优先"", ""熟悉 Ansible/SaltStack/Terraform 自动化框架优先""]","[""本科及其以上学历，计算机相关专业。至少2年后台开发经验"", ""掌握 Python 编程语言，以及 Django，SqlAlchemy 和 Celery 框架"", ""掌握 MySQL，Redis 和 RabbitMQ 传统中间件技术"", ""熟悉 Golang 编程语言优先"", ""熟悉 OpenStack 架构和核心组件优先"", ""熟悉 Ansible/SaltStack/Terraform 自动化框架优先""]","[""Django"", ""效能平台"", ""本科"", ""3-5年""]","[""Django"", ""效能平台"", ""本科"", ""3-5年""]",http://www.zhaopin.com/jobdetail/CC385622410J40725377706.htm,2026-07-04T08:09:11.797Z
job_platform,zhaopin,8,40860547603,Python开发工程师（年底双薪/培养）,科锐尔人力资源服务(苏州)有限公司,人力资源,深圳 龙岗 坂田,15001,30000,经验不限,本科,2025-12-02 20:01:39,"职位描述
1、负责后端服务的设计、开发与维护，支撑业务系统高效稳定运行；
2、参与需求分析、技术方案设计，并完成代码实现与单元测试；
3、优化系统性能，保障服务高可用、可扩展性；
4、协助团队攻克技术难题，推动代码规范与质量提升；
5、配合跨部门协作，完成系统集成与模块交付。
职位要求<div> 1、本科及以上学历，计算机相关专业 
2、精通Python，熟悉常用框架（如Django/Flask/FastAPI等）； 
3、熟悉MySQL/Redis等数据库，具备SQL优化经验；</div><div> 4、了解Linux环境、Docker容器化及常用中间件；</div>","[""职位描述"", ""1、负责后端服务的设计、开发与维护，支撑业务系统高效稳定运行；"", ""2、参与需求分析、技术方案设计，并完成代码实现与单元测试；"", ""3、优化系统性能，保障服务高可用、可扩展性；"", ""4、协助团队攻克技术难题，推动代码规范与质量提升；"", ""5、配合跨部门协作，完成系统集成与模块交付。"", ""职位要求<div> 1、本科及以上学历，计算机相关专业"", ""2、精通Python，熟悉常用框架（如Django/Flask/FastAPI等）；"", ""3、熟悉MySQL/Redis等数据库，具备SQL优化经验；</div><div> 4、了解Linux环境、Docker容器化及常用中间件；</div>""]","[""职位描述"", ""1、负责后端服务的设计、开发与维护，支撑业务系统高效稳定运行；"", ""2、参与需求分析、技术方案设计，并完成代码实现与单元测试；"", ""3、优化系统性能，保障服务高可用、可扩展性；"", ""4、协助团队攻克技术难题，推动代码规范与质量提升；"", ""5、配合跨部门协作，完成系统集成与模块交付。"", ""职位要求<div> 1、本科及以上学历，计算机相关专业"", ""2、精通Python，熟悉常用框架（如Django/Flask/FastAPI等）；"", ""3、熟悉MySQL/Redis等数据库，具备SQL优化经验；</div><div> 4、了解Linux环境、Docker容器化及常用中间件；</div>""]","[""Java"", ""Django"", ""Flask"", ""MySQL"", ""Oracle"", ""Redis"", ""本科"", ""产业互联网平台"", ""计算机软件"", ""互联网电商"", ""年底双薪"", ""年终奖""]","[""Java"", ""Django"", ""Flask"", ""MySQL"", ""Oracle"", ""Redis"", ""本科"", ""产业互联网平台"", ""计算机软件"", ""互联网电商"", ""年底双薪"", ""年终奖""]",http://www.zhaopin.com/jobdetail/CC453635220J40860547603.htm,2026-07-04T08:09:11.797Z
job_platform,zhaopin,8,40328732616,Python开发工程师,软通动力信息技术(集团)股份有限公司,软件/IT服务,深圳 龙岗 坂田,10001,15000,1-3年,本科,2026-03-26 22:48:01,"<div>  1、2年python后端开发经验；</div><div>  2、python开发能力要好；</div><div>  3、熟悉django或者flask框架；</div><div>  
职位福利：五险一金、绩效奖金、年终分红、全勤奖、带薪年假、弹性工作、补充医疗保险、周末双休  
</div>","[""<div>  1、2年python后端开发经验；</div><div>  2、python开发能力要好；</div><div>  3、熟悉django或者flask框架；</div><div>"", ""职位福利：五险一金、绩效奖金、年终分红、全勤奖、带薪年假、弹性工作、补充医疗保险、周末双休"", ""</div>""]","[""<div>  1、2年python后端开发经验；</div><div>  2、python开发能力要好；</div><div>  3、熟悉django或者flask框架；</div><div>"", ""职位福利：五险一金、绩效奖金、年终分红、全勤奖、带薪年假、弹性工作、补充医疗保险、周末双休"", ""</div>""]","[""Django"", ""Flask"", ""Jenkins"", ""Redis"", ""Python"", ""Linux"", ""数据结构"", ""多线程"", ""本科"", ""1-3年"", ""产业互联网平台"", ""软件/IT服务"", ""计算机软件"", ""五险一金"", ""绩效奖金"", ""年终分红"", ""全勤奖"", ""带薪年假"", ""弹性工作"", ""补充医疗保险"", ""周末双休"", ""带薪假期""]","[""Django"", ""Flask"", ""Jenkins"", ""Redis"", ""Python"", ""Linux"", ""数据结构"", ""多线程"", ""本科"", ""1-3年"", ""产业互联网平台"", ""软件/IT服务"", ""计算机软件"", ""五险一金"", ""绩效奖金"", ""年终分红"", ""全勤奖"", ""带薪年假"", ""弹性工作"", ""补充医疗保险"", ""周末双休"", ""带薪假期""]",http://www.zhaopin.com/jobdetail/CC000544460J40328732616.htm,2026-07-04T08:09:11.797Z
job_platform,zhaopin,8,40516860908,python开发工程师,云值(深圳)科技有限公司,软件/IT服务,深圳 罗湖 笋岗,8001,10000,1-3年,大专,2025-11-24 00:00:02,"岗位职责：
1、负责公司web后端项目的设计和开发工作
2、核心功能的架构与代码模板编写，开发与维护系统公用核心模块
3、对编码质量、进度、规范等负责<div>  
任职要求：  
1、统招大学大专或以上学历  
2、熟悉Python,有全面的Python语言使用基础和开发经验；  
3、熟练使用Linux系统，深刻理解HTTP协议；  
4、良好的Python环境下数据结构和算法经验；  
5、良好的编码习惯，文档书写习惯，优化程序能力和学习能力 ； 
6、熟练使用并深入理解常用Web开发框架，如Django或FastAPI；  
7、对常用数据库和消息队列有较深入的使用经验，了解使用多线程、异步编程；</div><div> 8、具备脚本开发经验：熟悉Appium、uiautomator2、Playwright等自动化框架，具备如自动化操作、数据采集等场景开发经验者优先；  <div>  </div></div>","[""岗位职责："", ""1、负责公司web后端项目的设计和开发工作"", ""2、核心功能的架构与代码模板编写，开发与维护系统公用核心模块"", ""3、对编码质量、进度、规范等负责<div>"", ""任职要求："", ""1、统招大学大专或以上学历"", ""2、熟悉Python,有全面的Python语言使用基础和开发经验；"", ""3、熟练使用Linux系统，深刻理解HTTP协议；"", ""4、良好的Python环境下数据结构和算法经验；"", ""5、良好的编码习惯，文档书写习惯，优化程序能力和学习能力 ；"", ""6、熟练使用并深入理解常用Web开发框架，如Django或FastAPI；"", ""7、对常用数据库和消息队列有较深入的使用经验，了解使用多线程、异步编程；</div><div> 8、具备脚本开发经验：熟悉Appium、uiautomator2、Playwright等自动化框架，具备如自动化操作、数据采集等场景开发经验者优先；  <div>  </div></div>""]","[""岗位职责："", ""1、负责公司web后端项目的设计和开发工作"", ""2、核心功能的架构与代码模板编写，开发与维护系统公用核心模块"", ""3、对编码质量、进度、规范等负责<div>"", ""任职要求："", ""1、统招大学大专或以上学历"", ""2、熟悉Python,有全面的Python语言使用基础和开发经验；"", ""3、熟练使用Linux系统，深刻理解HTTP协议；"", ""4、良好的Python环境下数据结构和算法经验；"", ""5、良好的编码习惯，文档书写习惯，优化程序能力和学习能力 ；"", ""6、熟练使用并深入理解常用Web开发框架，如Django或FastAPI；"", ""7、对常用数据库和消息队列有较深入的使用经验，了解使用多线程、异步编程；</div><div> 8、具备脚本开发经验：熟悉Appium、uiautomator2、Playwright等自动化框架，具备如自动化操作、数据采集等场景开发经验者优先；  <div>  </div></div>""]","[""Python"", ""Django"", ""FASTAPI"", ""PostgreSQL"", ""自动化脚本"", ""大专"", ""1-3年""]","[""Python"", ""Django"", ""FASTAPI"", ""PostgreSQL"", ""自动化脚本"", ""大专"", ""1-3年""]",http://www.zhaopin.com/jobdetail/CCL1452088230J40516860908.htm,2026-07-04T08:09:11.797Z
job_platform,zhaopin,8,40701286314,python算法工程师,深圳市紫川软件有限公司,软件/IT服务,深圳 福田 福田街道,14001,16000,1-3年,本科,2025-10-14 15:08:11,"岗位职责：
承担项目组内python工程化开发、数据分析及挖掘工作
任职要求：
1）本科学历，计算机等相关专业，3年以上工作年限； 
2） 至少1-3年以上的Python开发经验，能够编写高质量、可重用和易于维护的代码，对pipeline流水线编码有一定了解； 
3） 熟悉机器学习相关算法，具备独立承担项目开发的能力，能够基于建模方案进行工程化开发、部署、上线； 
4）熟练使用hive等数据库进行数据处理，熟悉Linux操作系统及Shell编程。","[""岗位职责："", ""承担项目组内python工程化开发、数据分析及挖掘工作"", ""任职要求："", ""1）本科学历，计算机等相关专业，3年以上工作年限；"", ""2） 至少1-3年以上的Python开发经验，能够编写高质量、可重用和易于维护的代码，对pipeline流水线编码有一定了解；"", ""3） 熟悉机器学习相关算法，具备独立承担项目开发的能力，能够基于建模方案进行工程化开发、部署、上线；"", ""4）熟练使用hive等数据库进行数据处理，熟悉Linux操作系统及Shell编程。""]","[""岗位职责："", ""承担项目组内python工程化开发、数据分析及挖掘工作"", ""任职要求："", ""1）本科学历，计算机等相关专业，3年以上工作年限；"", ""2） 至少1-3年以上的Python开发经验，能够编写高质量、可重用和易于维护的代码，对pipeline流水线编码有一定了解；"", ""3） 熟悉机器学习相关算法，具备独立承担项目开发的能力，能够基于建模方案进行工程化开发、部署、上线；"", ""4）熟练使用hive等数据库进行数据处理，熟悉Linux操作系统及Shell编程。""]","[""hive"", ""机器学习"", ""本科"", ""1-3年"", ""计算机软件""]","[""hive"", ""机器学习"", ""本科"", ""1-3年"", ""计算机软件""]",http://www.zhaopin.com/jobdetail/CC143806550J40701286314.htm,2026-07-04T08:09:11.797Z
job_platform,zhaopin,8,40802127116,Python开发工程师,软通动力信息技术(集团)股份有限公司,软件/IT服务,深圳 龙岗 坂田,8001,16000,1-3年,本科,2026-03-24 18:21:50,"岗位职责: 
1. 负责系统功能模块的设计、开发与优化 
2. 编写高质量、可维护的 Python 代码 
3. 参与技术方案讨论与代码评审 
4. 配合团队完成项目迭代与交付 
5. 持续改进系统性能与稳定性 
任职要求： 
1. 善于沟通、按时完成上级交给的工作； 
2. 拥有良好的团队合作精神，能迅速融入团队； 
3. 具备良好的学习能力，能够不断改进工作方法；
4. 统招本科及以上学历，2年经验起；","[""岗位职责:"", ""1. 负责系统功能模块的设计、开发与优化"", ""2. 编写高质量、可维护的 Python 代码"", ""3. 参与技术方案讨论与代码评审"", ""4. 配合团队完成项目迭代与交付"", ""5. 持续改进系统性能与稳定性"", ""任职要求："", ""1. 善于沟通、按时完成上级交给的工作；"", ""2. 拥有良好的团队合作精神，能迅速融入团队；"", ""3. 具备良好的学习能力，能够不断改进工作方法；"", ""4. 统招本科及以上学历，2年经验起；""]","[""岗位职责:"", ""1. 负责系统功能模块的设计、开发与优化"", ""2. 编写高质量、可维护的 Python 代码"", ""3. 参与技术方案讨论与代码评审"", ""4. 配合团队完成项目迭代与交付"", ""5. 持续改进系统性能与稳定性"", ""任职要求："", ""1. 善于沟通、按时完成上级交给的工作；"", ""2. 拥有良好的团队合作精神，能迅速融入团队；"", ""3. 具备良好的学习能力，能够不断改进工作方法；"", ""4. 统招本科及以上学历，2年经验起；""]","[""Python"", ""本科"", ""1-3年""]","[""Python"", ""本科"", ""1-3年""]",http://www.zhaopin.com/jobdetail/CC000544460J40802127116.htm,2026-07-04T08:09:11.797Z
job_platform,zhaopin,8,40773238101,Python量化开发,华赢东方科技(深圳)有限公司,投资与资产管理,深圳 福田 福田街道,150,300,经验不限,本科,2025-09-05 15:15:28,"1，实习生（在校生，未毕业）工资150-500/天，看个人能力而定。
2，工作地点：
深圳（福田区卓越世纪中心） / 上海（虹口区星荟中心）
核心职责
· 与交易员、量化研究员及技术团队紧密合作，参与构建、优化和维护完整的交易数据处理与分析流程；
· 使用历史市场数据进行数据清洗、特征提取与统计分析，支持量化策略的研发与回测；
· 基于Python和SQL开发高效的数据分析脚本与自动化工具，提升数据处理与策略验证效率；
· 参与现有量化策略的改进工作，通过数据建模与仿真测试评估策略表现，挖掘潜在盈利机会；
· 协助搭建和维护数据管道（Data Pipeline），确保实时与历史金融数据的准确性与可用性；
· 对交易行为、市场行情及策略表现进行可视化分析，输出清晰的数据报告，辅助决策支持。
任职要求：
· 具备良好的沟通能力和团队协作精神，学习能力强，能快速适应高强度、快节奏的工作环境。
· 本科及以上学历，专业包括但不限于计算机科学、金融工程、统计学、数学、数据科学、电子信息、自动化等相关领域；
· 熟练掌握 Python，具备扎实的编程基础，熟悉常用数据分析库（如 Pandas、NumPy、Matplotlib/Seaborn 等）；
· 具备良好的数据敏感度和逻辑分析能力，能独立完成数据探索、清洗、建模与可视化；
· 有使用历史金融数据进行回测或策略分析经验者优先；
· 能够高效编写复杂SQL语句，具备数据库设计与优化经验者优先；
· 具备网络编程或并发编程经验者优先（如 asyncio、多线程/多进程）；
加分项：
· 了解 C/C++ 编程语言；
· 熟悉期货、期权等衍生品基本交易机制；
· 有金融数据处理经验（如行情数据、订单簿、K线等）；
· 熟悉常用数据库系统（如 PostgreSQL、Clickhouse等）；
· 有机器学习或时间序列预测项目经验者优先；","[""1，实习生（在校生，未毕业）工资150-500/天，看个人能力而定。"", ""2，工作地点："", ""深圳（福田区卓越世纪中心） / 上海（虹口区星荟中心）"", ""核心职责"", ""· 与交易员、量化研究员及技术团队紧密合作，参与构建、优化和维护完整的交易数据处理与分析流程；"", ""· 使用历史市场数据进行数据清洗、特征提取与统计分析，支持量化策略的研发与回测；"", ""· 基于Python和SQL开发高效的数据分析脚本与自动化工具，提升数据处理与策略验证效率；"", ""· 参与现有量化策略的改进工作，通过数据建模与仿真测试评估策略表现，挖掘潜在盈利机会；"", ""· 协助搭建和维护数据管道（Data Pipeline），确保实时与历史金融数据的准确性与可用性；"", ""· 对交易行为、市场行情及策略表现进行可视化分析，输出清晰的数据报告，辅助决策支持。"", ""任职要求："", ""· 具备良好的沟通能力和团队协作精神，学习能力强，能快速适应高强度、快节奏的工作环境。"", ""· 本科及以上学历，专业包括但不限于计算机科学、金融工程、统计学、数学、数据科学、电子信息、自动化等相关领域；"", ""· 熟练掌握 Python，具备扎实的编程基础，熟悉常用数据分析库（如 Pandas、NumPy、Matplotlib/Seaborn 等）；"", ""· 具备良好的数据敏感度和逻辑分析能力，能独立完成数据探索、清洗、建模与可视化；"", ""· 有使用历史金融数据进行回测或策略分析经验者优先；"", ""· 能够高效编写复杂SQL语句，具备数据库设计与优化经验者优先；"", ""· 具备网络编程或并发编程经验者优先（如 asyncio、多线程/多进程）；"", ""加分项："", ""· 了解 C/C++ 编程语言；"", ""· 熟悉期货、期权等衍生品基本交易机制；"", ""· 有金融数据处理经验（如行情数据、订单簿、K线等）；"", ""· 熟悉常用数据库系统（如 PostgreSQL、Clickhouse等）；"", ""· 有机器学习或时间序列预测项目经验者优先；""]","[""1，实习生（在校生，未毕业）工资150-500/天，看个人能力而定。"", ""2，工作地点："", ""深圳（福田区卓越世纪中心） / 上海（虹口区星荟中心）"", ""核心职责"", ""· 与交易员、量化研究员及技术团队紧密合作，参与构建、优化和维护完整的交易数据处理与分析流程；"", ""· 使用历史市场数据进行数据清洗、特征提取与统计分析，支持量化策略的研发与回测；"", ""· 基于Python和SQL开发高效的数据分析脚本与自动化工具，提升数据处理与策略验证效率；"", ""· 参与现有量化策略的改进工作，通过数据建模与仿真测试评估策略表现，挖掘潜在盈利机会；"", ""· 协助搭建和维护数据管道（Data Pipeline），确保实时与历史金融数据的准确性与可用性；"", ""· 对交易行为、市场行情及策略表现进行可视化分析，输出清晰的数据报告，辅助决策支持。"", ""任职要求："", ""· 具备良好的沟通能力和团队协作精神，学习能力强，能快速适应高强度、快节奏的工作环境。"", ""· 本科及以上学历，专业包括但不限于计算机科学、金融工程、统计学、数学、数据科学、电子信息、自动化等相关领域；"", ""· 熟练掌握 Python，具备扎实的编程基础，熟悉常用数据分析库（如 Pandas、NumPy、Matplotlib/Seaborn 等）；"", ""· 具备良好的数据敏感度和逻辑分析能力，能独立完成数据探索、清洗、建模与可视化；"", ""· 有使用历史金融数据进行回测或策略分析经验者优先；"", ""· 能够高效编写复杂SQL语句，具备数据库设计与优化经验者优先；"", ""· 具备网络编程或并发编程经验者优先（如 asyncio、多线程/多进程）；"", ""加分项："", ""· 了解 C/C++ 编程语言；"", ""· 熟悉期货、期权等衍生品基本交易机制；"", ""· 有金融数据处理经验（如行情数据、订单簿、K线等）；"", ""· 熟悉常用数据库系统（如 PostgreSQL、Clickhouse等）；"", ""· 有机器学习或时间序列预测项目经验者优先；""]","[""C++"", ""Python"", ""加密货币"", ""本科""]","[""C++"", ""Python"", ""加密货币"", ""本科""]",http://www.zhaopin.com/jobdetail/CCL1451665190J40773238101.htm,2026-07-04T08:09:11.797Z
job_platform,zhaopin,8,40627515614,Python开发工程师,深圳市紫川软件有限公司,软件/IT服务,深圳 福田 福田街道,11001,16000,3-5年,本科,2025-09-11 08:54:05,"1）本科学历，计算机等相关专业，3年以上工作年限；
2） 至少1-3年以上的Python开发经验，能够编写高质量、可重用和易于维护的代码，对pipeline流水线编码有一定了解； 
3） 熟悉机器学习相关算法，具备独立承担项目开发的能力，能够基于建模方案进行工程化开发、部署、上线；
4）熟练使用hive等数据库进行数据处理，熟悉Linux操作系统及Shell编程。
承担项目组内python工程化开发、数据分析及挖掘工作","[""1）本科学历，计算机等相关专业，3年以上工作年限；"", ""2） 至少1-3年以上的Python开发经验，能够编写高质量、可重用和易于维护的代码，对pipeline流水线编码有一定了解；"", ""3） 熟悉机器学习相关算法，具备独立承担项目开发的能力，能够基于建模方案进行工程化开发、部署、上线；"", ""4）熟练使用hive等数据库进行数据处理，熟悉Linux操作系统及Shell编程。"", ""承担项目组内python工程化开发、数据分析及挖掘工作""]","[""1）本科学历，计算机等相关专业，3年以上工作年限；"", ""2） 至少1-3年以上的Python开发经验，能够编写高质量、可重用和易于维护的代码，对pipeline流水线编码有一定了解；"", ""3） 熟悉机器学习相关算法，具备独立承担项目开发的能力，能够基于建模方案进行工程化开发、部署、上线；"", ""4）熟练使用hive等数据库进行数据处理，熟悉Linux操作系统及Shell编程。"", ""承担项目组内python工程化开发、数据分析及挖掘工作""]","[""Django"", ""DRF"", ""本科"", ""3-5年"", ""计算机软件""]","[""Django"", ""DRF"", ""本科"", ""3-5年"", ""计算机软件""]",http://www.zhaopin.com/jobdetail/CC143806550J40627515614.htm,2026-07-04T08:09:11.797Z
job_platform,zhaopin,8,40797103616,python,软通动力信息技术(集团)股份有限公司,软件/IT服务,深圳 龙岗 平湖,10001,18000,3-5年,本科,2026-03-16 17:02:27,"【岗位要求】
1、负责软件模块的设计、开发联调及版本看护
2. 编写自动化脚本，执行单元测试/集成测试/系统测试
3、负责编写软件的设计文档、开发文档及用户手册
4、负责研发环境整机的装备软件执行及交付
【能力要求】
1、本科及以上学历，计算机或电子信息行业相关专业，1年以上软件开发经验
2、熟练使用Python及常用测试框架
3、熟练掌握Git/SVN版本控制工具
4、逻辑清晰，具备技术文档编写和问题分析能力
5、熟悉常用仪表使用","[""【岗位要求】"", ""1、负责软件模块的设计、开发联调及版本看护"", ""2. 编写自动化脚本，执行单元测试/集成测试/系统测试"", ""3、负责编写软件的设计文档、开发文档及用户手册"", ""4、负责研发环境整机的装备软件执行及交付"", ""【能力要求】"", ""1、本科及以上学历，计算机或电子信息行业相关专业，1年以上软件开发经验"", ""2、熟练使用Python及常用测试框架"", ""3、熟练掌握Git/SVN版本控制工具"", ""4、逻辑清晰，具备技术文档编写和问题分析能力"", ""5、熟悉常用仪表使用""]","[""【岗位要求】"", ""1、负责软件模块的设计、开发联调及版本看护"", ""2. 编写自动化脚本，执行单元测试/集成测试/系统测试"", ""3、负责编写软件的设计文档、开发文档及用户手册"", ""4、负责研发环境整机的装备软件执行及交付"", ""【能力要求】"", ""1、本科及以上学历，计算机或电子信息行业相关专业，1年以上软件开发经验"", ""2、熟练使用Python及常用测试框架"", ""3、熟练掌握Git/SVN版本控制工具"", ""4、逻辑清晰，具备技术文档编写和问题分析能力"", ""5、熟悉常用仪表使用""]","[""本科"", ""3-5年"", ""仪器仪表""]","[""本科"", ""3-5年"", ""仪器仪表""]",http://www.zhaopin.com/jobdetail/CC000544460J40797103616.htm,2026-07-04T08:09:11.797Z
job_platform,zhaopin,8,40771728109,Python工程师 助理接受小白,沙坪坝区金福源信息技术咨询服务工作室(个体工商户),云计算,深圳 龙华,5001,8000,经验不限,大专,2025-08-22 17:12:15,"岗位内容：
1. 参与Python Web应用程序的开发和维护。
2. 配合团队完成项目计划和进度，协调解决团队合作中的问题。
3. 编写和维护高质量的代码，确保代码易于理解、可维护和可扩展。
4. 参与应用程序架构设计、性能优化和版本管理。
5. 利用Python技术进行数据分析和处理。
任职要求： 
1. 熟练掌握Python语言，有一定的Web开发经验。
2. 熟悉MySQL、Oracle、MongoDB等常用数据库之一，了解数据库设计和性能优化。
3. 具备基本的Linux操作和维护知识。
4. 能够快速学习新的技术和工具，善于思考和解决问题。
5. 具备较强的团队合作能力和沟通能力。","[""岗位内容："", ""1. 参与Python Web应用程序的开发和维护。"", ""2. 配合团队完成项目计划和进度，协调解决团队合作中的问题。"", ""3. 编写和维护高质量的代码，确保代码易于理解、可维护和可扩展。"", ""4. 参与应用程序架构设计、性能优化和版本管理。"", ""5. 利用Python技术进行数据分析和处理。"", ""任职要求："", ""1. 熟练掌握Python语言，有一定的Web开发经验。"", ""2. 熟悉MySQL、Oracle、MongoDB等常用数据库之一，了解数据库设计和性能优化。"", ""3. 具备基本的Linux操作和维护知识。"", ""4. 能够快速学习新的技术和工具，善于思考和解决问题。"", ""5. 具备较强的团队合作能力和沟通能力。""]","[""岗位内容："", ""1. 参与Python Web应用程序的开发和维护。"", ""2. 配合团队完成项目计划和进度，协调解决团队合作中的问题。"", ""3. 编写和维护高质量的代码，确保代码易于理解、可维护和可扩展。"", ""4. 参与应用程序架构设计、性能优化和版本管理。"", ""5. 利用Python技术进行数据分析和处理。"", ""任职要求："", ""1. 熟练掌握Python语言，有一定的Web开发经验。"", ""2. 熟悉MySQL、Oracle、MongoDB等常用数据库之一，了解数据库设计和性能优化。"", ""3. 具备基本的Linux操作和维护知识。"", ""4. 能够快速学习新的技术和工具，善于思考和解决问题。"", ""5. 具备较强的团队合作能力和沟通能力。""]","[""Java"", ""JavaScript"", ""大专"", ""产业互联网平台"", ""软件/IT服务"", ""计算机软件""]","[""Java"", ""JavaScript"", ""大专"", ""产业互联网平台"", ""软件/IT服务"", ""计算机软件""]",http://www.zhaopin.com/jobdetail/CCL1507913120J40771728109.htm,2026-07-04T08:09:11.797Z
job_platform,zhaopin,8,40689633614,python后端开发工程师,深圳市紫川软件有限公司,软件/IT服务,深圳 福田 福田街道,11001,15000,3-5年,本科,2025-09-11 08:54:04,"岗位职责
1、运维平台等系统功能需求的评估、排期和开发； 
2、响应系统异常告警，及时处理系统异常，确保系统稳定； 
3、负责跟进团队内的专项进度； 
4、完成上级领导安排的其他工作。
任职资格:
1、本科及以上学历；3-5年工作经验。 
2、计算机基础扎实，熟悉Linux操作系统及常用命令，熟悉数据库基础知识及基础操作； 
3、熟练Python开发，熟悉Django框架,能够独立承接后端开发任务； 
4、具备较强的问题分析能力和解决能力；具备良好的学习能力、沟通协调能力、团队协作能力，有高度的工作责任心、抗压能力强。 
5、有运维工具开发、系统运维、项目管理经验者优先","[""岗位职责"", ""1、运维平台等系统功能需求的评估、排期和开发；"", ""2、响应系统异常告警，及时处理系统异常，确保系统稳定；"", ""3、负责跟进团队内的专项进度；"", ""4、完成上级领导安排的其他工作。"", ""任职资格:"", ""1、本科及以上学历；3-5年工作经验。"", ""2、计算机基础扎实，熟悉Linux操作系统及常用命令，熟悉数据库基础知识及基础操作；"", ""3、熟练Python开发，熟悉Django框架,能够独立承接后端开发任务；"", ""4、具备较强的问题分析能力和解决能力；具备良好的学习能力、沟通协调能力、团队协作能力，有高度的工作责任心、抗压能力强。"", ""5、有运维工具开发、系统运维、项目管理经验者优先""]","[""岗位职责"", ""1、运维平台等系统功能需求的评估、排期和开发；"", ""2、响应系统异常告警，及时处理系统异常，确保系统稳定；"", ""3、负责跟进团队内的专项进度；"", ""4、完成上级领导安排的其他工作。"", ""任职资格:"", ""1、本科及以上学历；3-5年工作经验。"", ""2、计算机基础扎实，熟悉Linux操作系统及常用命令，熟悉数据库基础知识及基础操作；"", ""3、熟练Python开发，熟悉Django框架,能够独立承接后端开发任务；"", ""4、具备较强的问题分析能力和解决能力；具备良好的学习能力、沟通协调能力、团队协作能力，有高度的工作责任心、抗压能力强。"", ""5、有运维工具开发、系统运维、项目管理经验者优先""]","[""Python"", ""Django"", ""MySQL"", ""本科"", ""3-5年"", ""计算机软件"", ""产业互联网平台""]","[""Python"", ""Django"", ""MySQL"", ""本科"", ""3-5年"", ""计算机软件"", ""产业互联网平台""]",http://www.zhaopin.com/jobdetail/CC143806550J40689633614.htm,2026-07-04T08:09:11.797Z
job_platform,zhaopin,8,40799292516,急招Python开发以及测试,软通动力信息技术(集团)股份有限公司,软件/IT服务,深圳 龙岗 平湖,10001,20000,1-3年,本科,2026-03-15 20:43:31,"办公地址：罗山C 文科大厦 中科谷6F 都可以的
python 开发岗位要求
软硬联调--python/c
【岗位要求】
1、负责软件模块的设计、开发联调及版本看护
2. 编写自动化脚本，执行单元测试/集成测试/系统测试
3、负责编写软件的设计文档、开发文档及用户手册
4、负责研发环境整机的装备软件执行及交付
【能力要求】
1、本科及以上学历，计算机或电子信息行业相关专业，1年以上软件开发经验
2、熟练使用Python及常用测试框架
3、熟练掌握Git/SVN版本控制工具
4、逻辑清晰，具备技术文档编写和问题分析能力
5、熟悉常用仪表使用
测试技能要求
技能要求：1、python语言基础扎实，能使用python等脚本开发语言编程；
2、熟悉Linux/Windows操作系统；
3、熟悉shell、批处理命令脚本编程语言
4、了解持续集成、流水线概念；
5、了解pytest、gtest测试框架，能使用pytest、gtest框架进行测试；
6、计算机、软件、通信等相关专业；
7、热爱编程，基础扎实，掌握常见编程语言，有良好的编程习惯，对数据结构、算法有一定了解；
岗位职责：
1.负责提供的C++接口转Python，适配Pytest框架；
2.负责测试自动化用例的写作、调试及上库；
3.负责支撑软件平台自动化用例的稳定运行；","[""办公地址：罗山C 文科大厦 中科谷6F 都可以的"", ""python 开发岗位要求"", ""软硬联调--python/c"", ""【岗位要求】"", ""1、负责软件模块的设计、开发联调及版本看护"", ""2. 编写自动化脚本，执行单元测试/集成测试/系统测试"", ""3、负责编写软件的设计文档、开发文档及用户手册"", ""4、负责研发环境整机的装备软件执行及交付"", ""【能力要求】"", ""1、本科及以上学历，计算机或电子信息行业相关专业，1年以上软件开发经验"", ""2、熟练使用Python及常用测试框架"", ""3、熟练掌握Git/SVN版本控制工具"", ""4、逻辑清晰，具备技术文档编写和问题分析能力"", ""5、熟悉常用仪表使用"", ""测试技能要求"", ""技能要求：1、python语言基础扎实，能使用python等脚本开发语言编程；"", ""2、熟悉Linux/Windows操作系统；"", ""3、熟悉shell、批处理命令脚本编程语言"", ""4、了解持续集成、流水线概念；"", ""5、了解pytest、gtest测试框架，能使用pytest、gtest框架进行测试；"", ""6、计算机、软件、通信等相关专业；"", ""7、热爱编程，基础扎实，掌握常见编程语言，有良好的编程习惯，对数据结构、算法有一定了解；"", ""岗位职责："", ""1.负责提供的C++接口转Python，适配Pytest框架；"", ""2.负责测试自动化用例的写作、调试及上库；"", ""3.负责支撑软件平台自动化用例的稳定运行；""]","[""办公地址：罗山C 文科大厦 中科谷6F 都可以的"", ""python 开发岗位要求"", ""软硬联调--python/c"", ""【岗位要求】"", ""1、负责软件模块的设计、开发联调及版本看护"", ""2. 编写自动化脚本，执行单元测试/集成测试/系统测试"", ""3、负责编写软件的设计文档、开发文档及用户手册"", ""4、负责研发环境整机的装备软件执行及交付"", ""【能力要求】"", ""1、本科及以上学历，计算机或电子信息行业相关专业，1年以上软件开发经验"", ""2、熟练使用Python及常用测试框架"", ""3、熟练掌握Git/SVN版本控制工具"", ""4、逻辑清晰，具备技术文档编写和问题分析能力"", ""5、熟悉常用仪表使用"", ""测试技能要求"", ""技能要求：1、python语言基础扎实，能使用python等脚本开发语言编程；"", ""2、熟悉Linux/Windows操作系统；"", ""3、熟悉shell、批处理命令脚本编程语言"", ""4、了解持续集成、流水线概念；"", ""5、了解pytest、gtest测试框架，能使用pytest、gtest框架进行测试；"", ""6、计算机、软件、通信等相关专业；"", ""7、热爱编程，基础扎实，掌握常见编程语言，有良好的编程习惯，对数据结构、算法有一定了解；"", ""岗位职责："", ""1.负责提供的C++接口转Python，适配Pytest框架；"", ""2.负责测试自动化用例的写作、调试及上库；"", ""3.负责支撑软件平台自动化用例的稳定运行；""]","[""Python"", ""Flask"", ""Django"", ""Tornado"", ""PostgreSQL"", ""Oracle"", ""MongoDB"", ""本科"", ""1-3年"", ""半导体/芯片"", ""电子设备制造""]","[""Python"", ""Flask"", ""Django"", ""Tornado"", ""PostgreSQL"", ""Oracle"", ""MongoDB"", ""本科"", ""1-3年"", ""半导体/芯片"", ""电子设备制造""]",http://www.zhaopin.com/jobdetail/CC000544460J40799292516.htm,2026-07-04T08:09:11.797Z
job_platform,zhaopin,9,40790319305,python开发工程师（深圳）,南京争锋信息科技有限公司,产业互联网平台,深圳 福田 莲花,12001,20000,3-5年,本科,2025-08-20 15:03:29,"岗位要求
1、本科以上学历，有3年以上python开发经验，计算机相关专业；
2、熟练掌握python语法，了解常用数据分析框架；
3、熟练掌握常用SQL，有数据清洗、加工等数据开发经验；
4、有AI相关开发经验者优先；
5、具备较强的责任心，工作认真负责； 
岗位描述
1、负责对客需求开发工作，包括日常任务开发、测试验证配合与开发提效组件引入。
2、负责python服务建设，包括服务性能调优、日志上报监控、组件升级、漏洞修复与访问控制。
3、参与AI创新应用组件与环境准备，包括向量库、大模型、知识库的本地化部署与调试。
4、参与算法优化与模型训练工作，包括标注数据准备、评测集本地运行调试等工作。","[""岗位要求"", ""1、本科以上学历，有3年以上python开发经验，计算机相关专业；"", ""2、熟练掌握python语法，了解常用数据分析框架；"", ""3、熟练掌握常用SQL，有数据清洗、加工等数据开发经验；"", ""4、有AI相关开发经验者优先；"", ""5、具备较强的责任心，工作认真负责；"", ""岗位描述"", ""1、负责对客需求开发工作，包括日常任务开发、测试验证配合与开发提效组件引入。"", ""2、负责python服务建设，包括服务性能调优、日志上报监控、组件升级、漏洞修复与访问控制。"", ""3、参与AI创新应用组件与环境准备，包括向量库、大模型、知识库的本地化部署与调试。"", ""4、参与算法优化与模型训练工作，包括标注数据准备、评测集本地运行调试等工作。""]","[""岗位要求"", ""1、本科以上学历，有3年以上python开发经验，计算机相关专业；"", ""2、熟练掌握python语法，了解常用数据分析框架；"", ""3、熟练掌握常用SQL，有数据清洗、加工等数据开发经验；"", ""4、有AI相关开发经验者优先；"", ""5、具备较强的责任心，工作认真负责；"", ""岗位描述"", ""1、负责对客需求开发工作，包括日常任务开发、测试验证配合与开发提效组件引入。"", ""2、负责python服务建设，包括服务性能调优、日志上报监控、组件升级、漏洞修复与访问控制。"", ""3、参与AI创新应用组件与环境准备，包括向量库、大模型、知识库的本地化部署与调试。"", ""4、参与算法优化与模型训练工作，包括标注数据准备、评测集本地运行调试等工作。""]","[""Python"", ""MySQL"", ""本科"", ""3-5年"", ""计算机软件"", ""产业互联网平台"", ""人工智能""]","[""Python"", ""MySQL"", ""本科"", ""3-5年"", ""计算机软件"", ""产业互联网平台"", ""人工智能""]",http://www.zhaopin.com/jobdetail/CC329861810J40790319305.htm,2026-07-04T08:09:11.797Z
job_platform,zhaopin,9,40873663005,世界500强+双休+不限语言算法开发岗,外企德科数字技术有限公司,软件/IT服务,深圳 龙华 观湖,12001,24000,经验不限,本科,2026-07-04 14:17:26,"全国均有岗位(开发、测试、算法等)
岗位要求: 
一、软件开发工程师 
1.热爱编程，熟悉掌握Java/C++/C/Python/Web开发等编程语言中的一种或多种编程语言扎实的编程功底。 
2.具备良好的独立工作能力和解决问题能力，善于沟通，乐于合作，热衷新技术。 
二、软件测试工程师: 
1.热爱编程，熟悉掌握C/C++/Java/Python等编程语言中的一种或多种编程语言，扎实的编程功底。 
2.有web开发或测试经验、自动化开发或测试经验者优先。 
3.熟练掌握系统测试、功能测试、专项测试、软件测试、韧性测试、安全测试方法中的一种或多种测试方法，有相关测试语言/脚本的编写和实践经验优先，也可接受纯测试经验的。 
4.具备良好的独立工作能力和解决问题能力，善于沟通，乐于合作，热衷新技术。
我们能提供给您~
①大厂市场领先且稳定的薪酬福利收入（根据面试能力评价等定级定薪）；②个人编程能力的快速学习提升（导师6个月带教）；③行业前沿的技术框架（不用担心未来如果换工作技术框架不适用）；④行业领先的产品研发项目管理流程、编码规范培训、纯粹的工程师氛围（您要相信，和优秀的人一起工作，您也必定变得更优秀）。
您需要经过什么面试流程~
全程线上 ①机考；②综测；③在线面试。
福利待遇:优质研究所办公环境、试用期全薪、夜宵补贴、双薪加班费、调薪调级、等你来投递！","[""全国均有岗位(开发、测试、算法等)"", ""岗位要求:"", ""一、软件开发工程师"", ""1.热爱编程，熟悉掌握Java/C++/C/Python/Web开发等编程语言中的一种或多种编程语言扎实的编程功底。"", ""2.具备良好的独立工作能力和解决问题能力，善于沟通，乐于合作，热衷新技术。"", ""二、软件测试工程师:"", ""1.热爱编程，熟悉掌握C/C++/Java/Python等编程语言中的一种或多种编程语言，扎实的编程功底。"", ""2.有web开发或测试经验、自动化开发或测试经验者优先。"", ""3.熟练掌握系统测试、功能测试、专项测试、软件测试、韧性测试、安全测试方法中的一种或多种测试方法，有相关测试语言/脚本的编写和实践经验优先，也可接受纯测试经验的。"", ""4.具备良好的独立工作能力和解决问题能力，善于沟通，乐于合作，热衷新技术。"", ""我们能提供给您~"", ""①大厂市场领先且稳定的薪酬福利收入（根据面试能力评价等定级定薪）；②个人编程能力的快速学习提升（导师6个月带教）；③行业前沿的技术框架（不用担心未来如果换工作技术框架不适用）；④行业领先的产品研发项目管理流程、编码规范培训、纯粹的工程师氛围（您要相信，和优秀的人一起工作，您也必定变得更优秀）。"", ""您需要经过什么面试流程~"", ""全程线上 ①机考；②综测；③在线面试。"", ""福利待遇:优质研究所办公环境、试用期全薪、夜宵补贴、双薪加班费、调薪调级、等你来投递！""]","[""全国均有岗位(开发、测试、算法等)"", ""岗位要求:"", ""一、软件开发工程师"", ""1.热爱编程，熟悉掌握Java/C++/C/Python/Web开发等编程语言中的一种或多种编程语言扎实的编程功底。"", ""2.具备良好的独立工作能力和解决问题能力，善于沟通，乐于合作，热衷新技术。"", ""二、软件测试工程师:"", ""1.热爱编程，熟悉掌握C/C++/Java/Python等编程语言中的一种或多种编程语言，扎实的编程功底。"", ""2.有web开发或测试经验、自动化开发或测试经验者优先。"", ""3.熟练掌握系统测试、功能测试、专项测试、软件测试、韧性测试、安全测试方法中的一种或多种测试方法，有相关测试语言/脚本的编写和实践经验优先，也可接受纯测试经验的。"", ""4.具备良好的独立工作能力和解决问题能力，善于沟通，乐于合作，热衷新技术。"", ""我们能提供给您~"", ""①大厂市场领先且稳定的薪酬福利收入（根据面试能力评价等定级定薪）；②个人编程能力的快速学习提升（导师6个月带教）；③行业前沿的技术框架（不用担心未来如果换工作技术框架不适用）；④行业领先的产品研发项目管理流程、编码规范培训、纯粹的工程师氛围（您要相信，和优秀的人一起工作，您也必定变得更优秀）。"", ""您需要经过什么面试流程~"", ""全程线上 ①机考；②综测；③在线面试。"", ""福利待遇:优质研究所办公环境、试用期全薪、夜宵补贴、双薪加班费、调薪调级、等你来投递！""]","[""Python"", ""C++"", ""Java"", ""不接受实习"", ""C 语言"", ""本科"", ""软件/IT服务"", ""试用期全薪"", ""夜宵补贴"", ""双薪加班费"", ""调薪调级"", ""加班补助""]","[""Python"", ""C++"", ""Java"", ""不接受实习"", ""C 语言"", ""本科"", ""软件/IT服务"", ""试用期全薪"", ""夜宵补贴"", ""双薪加班费"", ""调薪调级"", ""加班补助""]",http://www.zhaopin.com/jobdetail/CCL1480117890J40873663005.htm,2026-07-04T08:09:11.797Z
job_platform,zhaopin,9,40797864816,Python开发,软通动力信息技术(集团)股份有限公司,软件/IT服务,深圳 龙岗 坂田,12001,15000,3-5年,本科,2026-03-10 22:54:19,"【Python开发】精通python编程，熟悉运用python工具进行；偏数据自动化处理（主要工作内容是找出电池周期性能测试数据与电化学之间的关联关系）
1. 数据的自动化处理：
① 有数据转化能力，例如通过数学转化关系，实现EIS到DRT的转化，得到的图形数据能够实现分峰拟合，上述数据能够实现批量化处理
② 能够建立数据间的对应关系，通过数学演化，建立具有数学公式的详细关联，具备仿真建模能力
2. 小程序封装：上述的需求能封装成小程序，预留相应的参数接口
3. 图像识别：同样背景的图片，能够识别出图片的异常点，例如图片中的异常颗粒等","[""【Python开发】精通python编程，熟悉运用python工具进行；偏数据自动化处理（主要工作内容是找出电池周期性能测试数据与电化学之间的关联关系）"", ""1. 数据的自动化处理："", ""① 有数据转化能力，例如通过数学转化关系，实现EIS到DRT的转化，得到的图形数据能够实现分峰拟合，上述数据能够实现批量化处理"", ""② 能够建立数据间的对应关系，通过数学演化，建立具有数学公式的详细关联，具备仿真建模能力"", ""2. 小程序封装：上述的需求能封装成小程序，预留相应的参数接口"", ""3. 图像识别：同样背景的图片，能够识别出图片的异常点，例如图片中的异常颗粒等""]","[""【Python开发】精通python编程，熟悉运用python工具进行；偏数据自动化处理（主要工作内容是找出电池周期性能测试数据与电化学之间的关联关系）"", ""1. 数据的自动化处理："", ""① 有数据转化能力，例如通过数学转化关系，实现EIS到DRT的转化，得到的图形数据能够实现分峰拟合，上述数据能够实现批量化处理"", ""② 能够建立数据间的对应关系，通过数学演化，建立具有数学公式的详细关联，具备仿真建模能力"", ""2. 小程序封装：上述的需求能封装成小程序，预留相应的参数接口"", ""3. 图像识别：同样背景的图片，能够识别出图片的异常点，例如图片中的异常颗粒等""]","[""Python"", ""本科"", ""3-5年""]","[""Python"", ""本科"", ""3-5年""]",http://www.zhaopin.com/jobdetail/CC000544460J40797864816.htm,2026-07-04T08:09:11.797Z
job_platform,zhaopin,9,40915138912,AI大模型开发应用工程师助理,深圳市晨圳扬科技有限公司,软件/IT服务,深圳 龙华 民治,8001,11000,经验不限,本科,2026-07-04 10:05:56,"工作职责：
1. 协助工程师完成大模型训练数据的清洗、标注与预处理工作，保障数据质量。
2. 参与大模型的推理部署与性能优化，协助解决模型运行中的基础技术问题。
3. 支持大模型应用场景的测试验证，记录并反馈模型效果与用户体验问题。
4. 协助整理技术文档与项目报告，跟踪并维护模型迭代的版本记录。
任职要求：
1. 计算机、理工科相关专业本科及以上学历，具备扎实的数学与编程基础。
2. 熟悉Python语言，掌握至少一种深度学习框架（如TensorFlow/PyTorch）。
3. 具备良好的逻辑思维与问题解决能力，能快速学习新技术并高效执行任务。<div> 4. 欢迎往届生投递</div>","[""工作职责："", ""1. 协助工程师完成大模型训练数据的清洗、标注与预处理工作，保障数据质量。"", ""2. 参与大模型的推理部署与性能优化，协助解决模型运行中的基础技术问题。"", ""3. 支持大模型应用场景的测试验证，记录并反馈模型效果与用户体验问题。"", ""4. 协助整理技术文档与项目报告，跟踪并维护模型迭代的版本记录。"", ""任职要求："", ""1. 计算机、理工科相关专业本科及以上学历，具备扎实的数学与编程基础。"", ""2. 熟悉Python语言，掌握至少一种深度学习框架（如TensorFlow/PyTorch）。"", ""3. 具备良好的逻辑思维与问题解决能力，能快速学习新技术并高效执行任务。<div> 4. 欢迎往届生投递</div>""]","[""工作职责："", ""1. 协助工程师完成大模型训练数据的清洗、标注与预处理工作，保障数据质量。"", ""2. 参与大模型的推理部署与性能优化，协助解决模型运行中的基础技术问题。"", ""3. 支持大模型应用场景的测试验证，记录并反馈模型效果与用户体验问题。"", ""4. 协助整理技术文档与项目报告，跟踪并维护模型迭代的版本记录。"", ""任职要求："", ""1. 计算机、理工科相关专业本科及以上学历，具备扎实的数学与编程基础。"", ""2. 熟悉Python语言，掌握至少一种深度学习框架（如TensorFlow/PyTorch）。"", ""3. 具备良好的逻辑思维与问题解决能力，能快速学习新技术并高效执行任务。<div> 4. 欢迎往届生投递</div>""]","[""深度学习"", ""Python"", ""TensorFlow"", ""PyTorch"", ""大模型数据处理"", ""大模型推理部署"", ""模型迭代维护"", ""本科""]","[""深度学习"", ""Python"", ""TensorFlow"", ""PyTorch"", ""大模型数据处理"", ""大模型推理部署"", ""模型迭代维护"", ""本科""]",http://www.zhaopin.com/jobdetail/CCL1523276670J40915138912.htm,2026-07-04T08:09:11.797Z
job_platform,zhaopin,9,40873664105,接收考研考公gap+开发岗+双休,外企德科数字技术有限公司,软件/IT服务,深圳 龙华 观湖,13001,25000,经验不限,本科,2026-07-04 14:15:39,"全国均有岗位(开发、测试、算法等)
岗位要求:
一、软件开发工程师
1.热爱编程，熟悉掌握Java/C++/C/Python/Web开发等编程语言中的一种或多种编程语言扎实的编程功底。
2.具备良好的独立工作能力和解决问题能力，善于沟通，乐于合作，热衷新技术。
二、软件测试工程师:
1.热爱编程，熟悉掌握C/C++/Java/Python等编程语言中的一种或多种编程语言，扎实的编程功底。
2.有web开发或测试经验、自动化开发或测试经验者优先。
3.熟练掌握系统测试、功能测试、专项测试、软件测试、韧性测试、安全测试方法中的一种或多种测试方法，有相关测试语言/脚本的编写和实践经验优先，也可接受纯测试经验的。
4.具备良好的独立工作能力和解决问题能力，善于沟通，乐于合作，热衷新技术。
我们能提供给您~
①大厂市场领先且稳定的薪酬福利收入（根据面试能力评价等定级定薪）；②个人编程能力的快速学习提升（导师6个月带教）；③行业前沿的技术框架（不用担心未来如果换工作技术框架不适用）；④行业领先的产品研发项目管理流程、编码规范培训、纯粹的工程师氛围（您要相信，和优秀的人一起工作，您也必定变得更优秀）。
您需要经过什么面试流程~
全程线上 ①机考；②综测；③在线面试。
福利待遇:优质研究所办公环境、试用期全薪、夜宵补贴、双薪加班费、调薪调级、等你来投递！","[""全国均有岗位(开发、测试、算法等)"", ""岗位要求:"", ""一、软件开发工程师"", ""1.热爱编程，熟悉掌握Java/C++/C/Python/Web开发等编程语言中的一种或多种编程语言扎实的编程功底。"", ""2.具备良好的独立工作能力和解决问题能力，善于沟通，乐于合作，热衷新技术。"", ""二、软件测试工程师:"", ""1.热爱编程，熟悉掌握C/C++/Java/Python等编程语言中的一种或多种编程语言，扎实的编程功底。"", ""2.有web开发或测试经验、自动化开发或测试经验者优先。"", ""3.熟练掌握系统测试、功能测试、专项测试、软件测试、韧性测试、安全测试方法中的一种或多种测试方法，有相关测试语言/脚本的编写和实践经验优先，也可接受纯测试经验的。"", ""4.具备良好的独立工作能力和解决问题能力，善于沟通，乐于合作，热衷新技术。"", ""我们能提供给您~"", ""①大厂市场领先且稳定的薪酬福利收入（根据面试能力评价等定级定薪）；②个人编程能力的快速学习提升（导师6个月带教）；③行业前沿的技术框架（不用担心未来如果换工作技术框架不适用）；④行业领先的产品研发项目管理流程、编码规范培训、纯粹的工程师氛围（您要相信，和优秀的人一起工作，您也必定变得更优秀）。"", ""您需要经过什么面试流程~"", ""全程线上 ①机考；②综测；③在线面试。"", ""福利待遇:优质研究所办公环境、试用期全薪、夜宵补贴、双薪加班费、调薪调级、等你来投递！""]","[""全国均有岗位(开发、测试、算法等)"", ""岗位要求:"", ""一、软件开发工程师"", ""1.热爱编程，熟悉掌握Java/C++/C/Python/Web开发等编程语言中的一种或多种编程语言扎实的编程功底。"", ""2.具备良好的独立工作能力和解决问题能力，善于沟通，乐于合作，热衷新技术。"", ""二、软件测试工程师:"", ""1.热爱编程，熟悉掌握C/C++/Java/Python等编程语言中的一种或多种编程语言，扎实的编程功底。"", ""2.有web开发或测试经验、自动化开发或测试经验者优先。"", ""3.熟练掌握系统测试、功能测试、专项测试、软件测试、韧性测试、安全测试方法中的一种或多种测试方法，有相关测试语言/脚本的编写和实践经验优先，也可接受纯测试经验的。"", ""4.具备良好的独立工作能力和解决问题能力，善于沟通，乐于合作，热衷新技术。"", ""我们能提供给您~"", ""①大厂市场领先且稳定的薪酬福利收入（根据面试能力评价等定级定薪）；②个人编程能力的快速学习提升（导师6个月带教）；③行业前沿的技术框架（不用担心未来如果换工作技术框架不适用）；④行业领先的产品研发项目管理流程、编码规范培训、纯粹的工程师氛围（您要相信，和优秀的人一起工作，您也必定变得更优秀）。"", ""您需要经过什么面试流程~"", ""全程线上 ①机考；②综测；③在线面试。"", ""福利待遇:优质研究所办公环境、试用期全薪、夜宵补贴、双薪加班费、调薪调级、等你来投递！""]","[""C/C++"", ""Java"", ""Python"", ""接受应届生无经验"", ""不接受实习"", ""本科"", ""软件/IT服务"", ""试用期全薪"", ""夜宵补贴"", ""双薪加班费"", ""调薪调级"", ""加班补助""]","[""C/C++"", ""Java"", ""Python"", ""接受应届生无经验"", ""不接受实习"", ""本科"", ""软件/IT服务"", ""试用期全薪"", ""夜宵补贴"", ""双薪加班费"", ""调薪调级"", ""加班补助""]",http://www.zhaopin.com/jobdetail/CCL1480117890J40873664105.htm,2026-07-04T08:09:11.797Z
job_platform,zhaopin,9,40796017416,python开发测试工程师,软通动力信息技术(集团)股份有限公司,软件/IT服务,深圳 龙岗 平湖,9001,17000,3-5年,本科,2026-03-04 23:59:58,"技能要求：<div> 1、python语言基础扎实，能使用python等脚本开发语言编程； 
2、熟悉Linux/Windows操作系统； 
3、熟悉shell、批处理命令脚本编程语言 
4、了解持续集成、流水线概念； 
5、了解pytest、gtest测试框架，能使用pytest、gtest框架进行测试； 
6、计算机、软件、通信等相关专业； 
7、热爱编程，基础扎实，掌握常见编程语言，有良好的编程习惯，对数据结构、算法有一定了解； 
岗位职责： 
1.负责提供的C++接口转Python，适配Pytest框架； 
2.负责测试自动化用例的写作、调试及上库； 
3.负责支撑软件平台自动化用例的稳定运行；""</div>","[""技能要求：<div> 1、python语言基础扎实，能使用python等脚本开发语言编程；"", ""2、熟悉Linux/Windows操作系统；"", ""3、熟悉shell、批处理命令脚本编程语言"", ""4、了解持续集成、流水线概念；"", ""5、了解pytest、gtest测试框架，能使用pytest、gtest框架进行测试；"", ""6、计算机、软件、通信等相关专业；"", ""7、热爱编程，基础扎实，掌握常见编程语言，有良好的编程习惯，对数据结构、算法有一定了解；"", ""岗位职责："", ""1.负责提供的C++接口转Python，适配Pytest框架；"", ""2.负责测试自动化用例的写作、调试及上库；"", ""3.负责支撑软件平台自动化用例的稳定运行；\""</div>""]","[""技能要求：<div> 1、python语言基础扎实，能使用python等脚本开发语言编程；"", ""2、熟悉Linux/Windows操作系统；"", ""3、熟悉shell、批处理命令脚本编程语言"", ""4、了解持续集成、流水线概念；"", ""5、了解pytest、gtest测试框架，能使用pytest、gtest框架进行测试；"", ""6、计算机、软件、通信等相关专业；"", ""7、热爱编程，基础扎实，掌握常见编程语言，有良好的编程习惯，对数据结构、算法有一定了解；"", ""岗位职责："", ""1.负责提供的C++接口转Python，适配Pytest框架；"", ""2.负责测试自动化用例的写作、调试及上库；"", ""3.负责支撑软件平台自动化用例的稳定运行；\""</div>""]","[""Python"", ""本科"", ""3-5年""]","[""Python"", ""本科"", ""3-5年""]",http://www.zhaopin.com/jobdetail/CC000544460J40796017416.htm,2026-07-04T08:09:11.797Z
job_platform,zhaopin,9,40861693507,数据分析师,众前行(重庆)人力资源有限公司,人力资源,深圳 坪山 坑梓,10001,15000,1-3年,大专,2026-07-04 09:40:42,"工作职责
1. 负责公司人力资源全链路数据的采集、清洗与整合，构建标准化数据仓库。
2. 针对招聘效率、员工留存、薪酬效能等核心业务场景，设计数据分析模型并输出洞察报告。
3. 搭建数据可视化看板，实时监控关键指标波动，为业务优化提供数据驱动的决策建议。
4. 参与人力资源数字化项目，推动数据工具在招聘、培训、绩效等模块的落地应用。
任职要求
1. 大专及以上学历，统计学、数学、计算机或人力资源相关专业优先。
2. 熟练掌握SQL数据查询与处理，精通至少一种数据分析工具（如Python/R/Tableau）。
3. 具备人力资源业务场景的数据分析经验，能独立完成从需求拆解到报告输出的全流程。
4. 拥有良好的逻辑思维与沟通能力，能将复杂数据结论转化为业务可理解的行动方案。","[""工作职责"", ""1. 负责公司人力资源全链路数据的采集、清洗与整合，构建标准化数据仓库。"", ""2. 针对招聘效率、员工留存、薪酬效能等核心业务场景，设计数据分析模型并输出洞察报告。"", ""3. 搭建数据可视化看板，实时监控关键指标波动，为业务优化提供数据驱动的决策建议。"", ""4. 参与人力资源数字化项目，推动数据工具在招聘、培训、绩效等模块的落地应用。"", ""任职要求"", ""1. 大专及以上学历，统计学、数学、计算机或人力资源相关专业优先。"", ""2. 熟练掌握SQL数据查询与处理，精通至少一种数据分析工具（如Python/R/Tableau）。"", ""3. 具备人力资源业务场景的数据分析经验，能独立完成从需求拆解到报告输出的全流程。"", ""4. 拥有良好的逻辑思维与沟通能力，能将复杂数据结论转化为业务可理解的行动方案。""]","[""工作职责"", ""1. 负责公司人力资源全链路数据的采集、清洗与整合，构建标准化数据仓库。"", ""2. 针对招聘效率、员工留存、薪酬效能等核心业务场景，设计数据分析模型并输出洞察报告。"", ""3. 搭建数据可视化看板，实时监控关键指标波动，为业务优化提供数据驱动的决策建议。"", ""4. 参与人力资源数字化项目，推动数据工具在招聘、培训、绩效等模块的落地应用。"", ""任职要求"", ""1. 大专及以上学历，统计学、数学、计算机或人力资源相关专业优先。"", ""2. 熟练掌握SQL数据查询与处理，精通至少一种数据分析工具（如Python/R/Tableau）。"", ""3. 具备人力资源业务场景的数据分析经验，能独立完成从需求拆解到报告输出的全流程。"", ""4. 拥有良好的逻辑思维与沟通能力，能将复杂数据结论转化为业务可理解的行动方案。""]","[""数据仓库"", ""数据建模"", ""Sql"", ""Python"", ""R语言"", ""人力资源数据分析"", ""数据可视化看板搭建"", ""数字化项目落地"", ""大专"", ""1-3年""]","[""数据仓库"", ""数据建模"", ""Sql"", ""Python"", ""R语言"", ""人力资源数据分析"", ""数据可视化看板搭建"", ""数字化项目落地"", ""大专"", ""1-3年""]",http://www.zhaopin.com/jobdetail/CCL1525399570J40861693507.htm,2026-07-04T08:09:11.797Z
job_platform,zhaopin,9,40868266209,AI 软件测试工程师助理,安阳市政创信息技术有限公司,软件/IT服务,深圳 宝安 新安,6001,8000,经验不限,大专,2026-07-04 09:29:45,"我们正在寻找一位资深的软件测试工程师，负责确保公司软件产品的质量和稳定性。
工作内容：
1. 根据需求文档和设计文档，编写测试用例；
2. 执行测试用例，记录并跟踪缺陷；
3. 与开发团队紧密合作，定位并修复缺陷；
4. 参与软件产品的需求评审和设计评审；
5. 根据测试结果，编写测试报告。
岗位要求：
1. 计算机相关专业本科及以上学历；
2. 3年以上软件测试工作经验；
3. 熟练掌握至少一种主流测试工具；
4. 良好的沟通能力和团队协作精神；
5. 对软件测试有浓厚的兴趣和热情。","[""我们正在寻找一位资深的软件测试工程师，负责确保公司软件产品的质量和稳定性。"", ""工作内容："", ""1. 根据需求文档和设计文档，编写测试用例；"", ""2. 执行测试用例，记录并跟踪缺陷；"", ""3. 与开发团队紧密合作，定位并修复缺陷；"", ""4. 参与软件产品的需求评审和设计评审；"", ""5. 根据测试结果，编写测试报告。"", ""岗位要求："", ""1. 计算机相关专业本科及以上学历；"", ""2. 3年以上软件测试工作经验；"", ""3. 熟练掌握至少一种主流测试工具；"", ""4. 良好的沟通能力和团队协作精神；"", ""5. 对软件测试有浓厚的兴趣和热情。""]","[""我们正在寻找一位资深的软件测试工程师，负责确保公司软件产品的质量和稳定性。"", ""工作内容："", ""1. 根据需求文档和设计文档，编写测试用例；"", ""2. 执行测试用例，记录并跟踪缺陷；"", ""3. 与开发团队紧密合作，定位并修复缺陷；"", ""4. 参与软件产品的需求评审和设计评审；"", ""5. 根据测试结果，编写测试报告。"", ""岗位要求："", ""1. 计算机相关专业本科及以上学历；"", ""2. 3年以上软件测试工作经验；"", ""3. 熟练掌握至少一种主流测试工具；"", ""4. 良好的沟通能力和团队协作精神；"", ""5. 对软件测试有浓厚的兴趣和热情。""]","[""Python"", ""C"", ""C++"", ""转行"", ""对智能行业充满热情"", ""想转入到AI智能领域"", ""大专"", ""其他专业想转岗""]","[""Python"", ""C"", ""C++"", ""转行"", ""对智能行业充满热情"", ""想转入到AI智能领域"", ""大专"", ""其他专业想转岗""]",http://www.zhaopin.com/jobdetail/CCL1511545390J40868266209.htm,2026-07-04T08:09:11.797Z
job_platform,zhaopin,9,40631362416,python自动化测试工程师,软通动力信息技术(集团)股份有限公司,软件/IT服务,深圳 龙岗 坂田,11001,15000,3-5年,本科,2026-03-04 22:21:51,"1、本科及以上学历；
2、熟悉软件研发流程，能够独立完成软件测试策略与方案设计，并进行测试用例的输出与执行，精通各类测试方法，如边界测试、黑白盒测试，掌握自动化、性能以及可靠性的相关测试技能；
3、熟悉主流的数据库如Oracle与MySQL，掌握SQL语言，能够熟练使用Linux系统，掌握至少一种脚本语言，能够熟练掌握redis、kafka等常用中间件的配置与使用方法；
4、具备大型复杂系统的服务测试或解决方案测试的能力，良好的沟通协调与团队协作精神，学习能力，以及动手解决问题的能力。
专业知识要求
1、测试需求分析、测试设计、自动化测试；
2、性能测试、可靠性测试、安全测试，python","[""1、本科及以上学历；"", ""2、熟悉软件研发流程，能够独立完成软件测试策略与方案设计，并进行测试用例的输出与执行，精通各类测试方法，如边界测试、黑白盒测试，掌握自动化、性能以及可靠性的相关测试技能；"", ""3、熟悉主流的数据库如Oracle与MySQL，掌握SQL语言，能够熟练使用Linux系统，掌握至少一种脚本语言，能够熟练掌握redis、kafka等常用中间件的配置与使用方法；"", ""4、具备大型复杂系统的服务测试或解决方案测试的能力，良好的沟通协调与团队协作精神，学习能力，以及动手解决问题的能力。"", ""专业知识要求"", ""1、测试需求分析、测试设计、自动化测试；"", ""2、性能测试、可靠性测试、安全测试，python""]","[""1、本科及以上学历；"", ""2、熟悉软件研发流程，能够独立完成软件测试策略与方案设计，并进行测试用例的输出与执行，精通各类测试方法，如边界测试、黑白盒测试，掌握自动化、性能以及可靠性的相关测试技能；"", ""3、熟悉主流的数据库如Oracle与MySQL，掌握SQL语言，能够熟练使用Linux系统，掌握至少一种脚本语言，能够熟练掌握redis、kafka等常用中间件的配置与使用方法；"", ""4、具备大型复杂系统的服务测试或解决方案测试的能力，良好的沟通协调与团队协作精神，学习能力，以及动手解决问题的能力。"", ""专业知识要求"", ""1、测试需求分析、测试设计、自动化测试；"", ""2、性能测试、可靠性测试、安全测试，python""]","[""Python"", ""本科"", ""3-5年""]","[""Python"", ""本科"", ""3-5年""]",http://www.zhaopin.com/jobdetail/CC000544460J40631362416.htm,2026-07-04T08:09:11.797Z
job_platform,zhaopin,9,40784617706,app测试,深圳市科南数字信息技术有限公司,软件/IT服务,深圳 南山 西丽,10001,11000,5-10年,大专,2026-07-04 01:19:50,"1、质量体系构建与管理：
快速熟悉国际化母婴电商APP（Momcozy）及对接硬件设备业务，搭建并持续优化产品质量保障体系。
2、团队建设与发展：
建立高效的跨团队协作机制（如与产品、开发、硬件团队协同），保障项目高质量交付。
3、测试效率与质量提升：
主动挖掘业务和团队工作中的问题，推动改进并形成闭环反馈，促进团队持续进步。
4、项目测试与风险管控：
独立负责核心项目（如国际化功能、硬件对接、大促活动）的测试策略制定与执行，确保线上稳定性。
对app性能、弱网、兼容性等非功能测试进行规划与落地，保障多端用户体验。
职位要求
1、专科及以上学历，5年以上软件测试经验。
2、有电商、社区类或硬件对接业务测试经验者优先；
3、熟悉国际化业务（如多语言、多地区合规）者更佳。
4、精通测试理论与方法，能快速理解复杂业务并设计质量保障方案。
5、熟悉主流的前端测试框架appnium、selenium、playwright等
6、熟悉后端测试框架如pytest等
7、熟悉至少一门开发或脚本语言（如Java/Python/Shell），具备自动化测试经验。
8、深入理解操作系统、网络协议，具备安全、兼容性、稳定性测试
加分项
1、有母婴、电商或智能硬件行业经验，熟悉物联网设备测试框架。
2、熟悉CI/CD、DevOps实践，有质量度量体系搭建经验","[""1、质量体系构建与管理："", ""快速熟悉国际化母婴电商APP（Momcozy）及对接硬件设备业务，搭建并持续优化产品质量保障体系。"", ""2、团队建设与发展："", ""建立高效的跨团队协作机制（如与产品、开发、硬件团队协同），保障项目高质量交付。"", ""3、测试效率与质量提升："", ""主动挖掘业务和团队工作中的问题，推动改进并形成闭环反馈，促进团队持续进步。"", ""4、项目测试与风险管控："", ""独立负责核心项目（如国际化功能、硬件对接、大促活动）的测试策略制定与执行，确保线上稳定性。"", ""对app性能、弱网、兼容性等非功能测试进行规划与落地，保障多端用户体验。"", ""职位要求"", ""1、专科及以上学历，5年以上软件测试经验。"", ""2、有电商、社区类或硬件对接业务测试经验者优先；"", ""3、熟悉国际化业务（如多语言、多地区合规）者更佳。"", ""4、精通测试理论与方法，能快速理解复杂业务并设计质量保障方案。"", ""5、熟悉主流的前端测试框架appnium、selenium、playwright等"", ""6、熟悉后端测试框架如pytest等"", ""7、熟悉至少一门开发或脚本语言（如Java/Python/Shell），具备自动化测试经验。"", ""8、深入理解操作系统、网络协议，具备安全、兼容性、稳定性测试"", ""加分项"", ""1、有母婴、电商或智能硬件行业经验，熟悉物联网设备测试框架。"", ""2、熟悉CI/CD、DevOps实践，有质量度量体系搭建经验""]","[""1、质量体系构建与管理："", ""快速熟悉国际化母婴电商APP（Momcozy）及对接硬件设备业务，搭建并持续优化产品质量保障体系。"", ""2、团队建设与发展："", ""建立高效的跨团队协作机制（如与产品、开发、硬件团队协同），保障项目高质量交付。"", ""3、测试效率与质量提升："", ""主动挖掘业务和团队工作中的问题，推动改进并形成闭环反馈，促进团队持续进步。"", ""4、项目测试与风险管控："", ""独立负责核心项目（如国际化功能、硬件对接、大促活动）的测试策略制定与执行，确保线上稳定性。"", ""对app性能、弱网、兼容性等非功能测试进行规划与落地，保障多端用户体验。"", ""职位要求"", ""1、专科及以上学历，5年以上软件测试经验。"", ""2、有电商、社区类或硬件对接业务测试经验者优先；"", ""3、熟悉国际化业务（如多语言、多地区合规）者更佳。"", ""4、精通测试理论与方法，能快速理解复杂业务并设计质量保障方案。"", ""5、熟悉主流的前端测试框架appnium、selenium、playwright等"", ""6、熟悉后端测试框架如pytest等"", ""7、熟悉至少一门开发或脚本语言（如Java/Python/Shell），具备自动化测试经验。"", ""8、深入理解操作系统、网络协议，具备安全、兼容性、稳定性测试"", ""加分项"", ""1、有母婴、电商或智能硬件行业经验，熟悉物联网设备测试框架。"", ""2、熟悉CI/CD、DevOps实践，有质量度量体系搭建经验""]","[""Java"", ""Python"", ""Shell"", ""功能测试"", ""APP测试"", ""Selenium"", ""母婴"", ""电商"", ""跨境电商"", ""大专"", ""5-10年"", ""物联网""]","[""Java"", ""Python"", ""Shell"", ""功能测试"", ""APP测试"", ""Selenium"", ""母婴"", ""电商"", ""跨境电商"", ""大专"", ""5-10年"", ""物联网""]",http://www.zhaopin.com/jobdetail/CCL1463222990J40784617706.htm,2026-07-04T08:09:11.797Z
job_platform,zhaopin,9,40942233215,初级爬虫工程师,深圳市凯瑞佳易科技有限公司,通信/网络设备,深圳 福田 华强北,9001,13000,1-3年,本科,2026-07-04 01:51:00,"工作职责：
<ol> <li>负责通信行业公开数据的爬虫开发与维护，实现高效、稳定的数据采集。</li> <li>针对反爬机制设计解决方案，保障数据抓取的持续性与准确性。</li> <li>对采集数据进行清洗、存储与初步分析，输出结构化数据报告。</li> <li>配合业务团队需求，优化爬虫策略与数据处理流程。</li></ol>
任职要求：
<ol> <li>本科及以上学历。</li> <li>熟悉Python语言，掌握Scrapy、BeautifulSoup等主流爬虫框架。</li> <li>了解HTTP协议、HTML/CSS结构，能独立分析网页结构并提取数据。</li> <li>具备基本的数据库操作能力（如MySQL），能完成数据的存储与管理。</li> <li>具备良好的问题分析能力，能独立解决爬虫过程中的技术难题。</li></ol> <div>  公司福利：  
提供食宿，带薪年假，假节日福利，五险一金，餐补房补交通补贴，年底绩效奖金，项目奖金  
  
 </div> <div>  
 </div>","[""工作职责："", ""<ol> <li>负责通信行业公开数据的爬虫开发与维护，实现高效、稳定的数据采集。</li> <li>针对反爬机制设计解决方案，保障数据抓取的持续性与准确性。</li> <li>对采集数据进行清洗、存储与初步分析，输出结构化数据报告。</li> <li>配合业务团队需求，优化爬虫策略与数据处理流程。</li></ol>"", ""任职要求："", ""<ol> <li>本科及以上学历。</li> <li>熟悉Python语言，掌握Scrapy、BeautifulSoup等主流爬虫框架。</li> <li>了解HTTP协议、HTML/CSS结构，能独立分析网页结构并提取数据。</li> <li>具备基本的数据库操作能力（如MySQL），能完成数据的存储与管理。</li> <li>具备良好的问题分析能力，能独立解决爬虫过程中的技术难题。</li></ol> <div>  公司福利："", ""提供食宿，带薪年假，假节日福利，五险一金，餐补房补交通补贴，年底绩效奖金，项目奖金"", ""</div> <div>"", ""</div>""]","[""工作职责："", ""<ol> <li>负责通信行业公开数据的爬虫开发与维护，实现高效、稳定的数据采集。</li> <li>针对反爬机制设计解决方案，保障数据抓取的持续性与准确性。</li> <li>对采集数据进行清洗、存储与初步分析，输出结构化数据报告。</li> <li>配合业务团队需求，优化爬虫策略与数据处理流程。</li></ol>"", ""任职要求："", ""<ol> <li>本科及以上学历。</li> <li>熟悉Python语言，掌握Scrapy、BeautifulSoup等主流爬虫框架。</li> <li>了解HTTP协议、HTML/CSS结构，能独立分析网页结构并提取数据。</li> <li>具备基本的数据库操作能力（如MySQL），能完成数据的存储与管理。</li> <li>具备良好的问题分析能力，能独立解决爬虫过程中的技术难题。</li></ol> <div>  公司福利："", ""提供食宿，带薪年假，假节日福利，五险一金，餐补房补交通补贴，年底绩效奖金，项目奖金"", ""</div> <div>"", ""</div>""]","[""本科"", ""1-3年"", ""提供食宿"", ""带薪年假"", ""假节日福利"", ""五险一金"", ""餐补房补"", ""交通补贴"", ""年底绩效奖金"", ""项目奖金"", ""包吃包住"", ""带薪假期"", ""节日慰问"", ""有餐补"", ""交通补助"", ""绩效奖金""]","[""本科"", ""1-3年"", ""提供食宿"", ""带薪年假"", ""假节日福利"", ""五险一金"", ""餐补房补"", ""交通补贴"", ""年底绩效奖金"", ""项目奖金"", ""包吃包住"", ""带薪假期"", ""节日慰问"", ""有餐补"", ""交通补助"", ""绩效奖金""]",http://www.zhaopin.com/jobdetail/CCL1461615970J40942233215.htm,2026-07-04T08:09:11.797Z
job_platform,zhaopin,9,40795070716,python工程师,软通动力信息技术(集团)股份有限公司,软件/IT服务,深圳 龙岗 平湖,13001,15000,1-3年,本科,2026-03-02 15:31:37,"学历：
1、本科级以上学历，计算机、自动化、通信工程等相关专业。
岗位职责：
1、使用pyside框架按要求实现模块用户界面和业务逻辑
2、负责应用程序的界面设计，开发和调试
3、支持和协调与团队成员和业务部门之间的沟通，并有效解决问题。
岗位要求：
1、一年以上python开发经验，有Qt开发经验优先
2、熟悉常用Linux命令","[""学历："", ""1、本科级以上学历，计算机、自动化、通信工程等相关专业。"", ""岗位职责："", ""1、使用pyside框架按要求实现模块用户界面和业务逻辑"", ""2、负责应用程序的界面设计，开发和调试"", ""3、支持和协调与团队成员和业务部门之间的沟通，并有效解决问题。"", ""岗位要求："", ""1、一年以上python开发经验，有Qt开发经验优先"", ""2、熟悉常用Linux命令""]","[""学历："", ""1、本科级以上学历，计算机、自动化、通信工程等相关专业。"", ""岗位职责："", ""1、使用pyside框架按要求实现模块用户界面和业务逻辑"", ""2、负责应用程序的界面设计，开发和调试"", ""3、支持和协调与团队成员和业务部门之间的沟通，并有效解决问题。"", ""岗位要求："", ""1、一年以上python开发经验，有Qt开发经验优先"", ""2、熟悉常用Linux命令""]","[""MySQL"", ""SQLServer"", ""PyQt"", ""linux"", ""QT"", ""本科"", ""1-3年"", ""半导体/芯片"", ""软件/IT服务""]","[""MySQL"", ""SQLServer"", ""PyQt"", ""linux"", ""QT"", ""本科"", ""1-3年"", ""半导体/芯片"", ""软件/IT服务""]",http://www.zhaopin.com/jobdetail/CC000544460J40795070716.htm,2026-07-04T08:09:11.797Z
job_platform,zhaopin,9,40702906914,移动端测试,深圳市紫川软件有限公司,软件/IT服务,深圳 福田 福田街道,10001,12000,3-5年,本科,2026-07-04 01:46:18,"<div>  岗位职责：</div>1、负责移动端项目测试，包括需求讨论，用例设计与用例执行，缺陷跟踪和风险反馈等，推动问题的解决，协助确保测试交付与质量保障 <div>  2、参与项目自动化测试，包括自动化测试用例的编写与维护工作</div><div>  任职要求：</div><div>  1、大专及以上学历，3年以上软件测试工作经验 </div><div>  2、具有较强的专业技能，熟练掌握常用的测试工具，熟悉数据库SQL语言，熟悉java或python、有保险相关项目经验优先 </div><div>  3、具备良好的沟通协作能力，严谨的质量意识和积极主动的工作态度，能够与产品经理、项目经理和开发人员等积极沟通，主动推动问题解决。</div><div>  
</div>","[""<div>  岗位职责：</div>1、负责移动端项目测试，包括需求讨论，用例设计与用例执行，缺陷跟踪和风险反馈等，推动问题的解决，协助确保测试交付与质量保障 <div>  2、参与项目自动化测试，包括自动化测试用例的编写与维护工作</div><div>  任职要求：</div><div>  1、大专及以上学历，3年以上软件测试工作经验 </div><div>  2、具有较强的专业技能，熟练掌握常用的测试工具，熟悉数据库SQL语言，熟悉java或python、有保险相关项目经验优先 </div><div>  3、具备良好的沟通协作能力，严谨的质量意识和积极主动的工作态度，能够与产品经理、项目经理和开发人员等积极沟通，主动推动问题解决。</div><div>"", ""</div>""]","[""<div>  岗位职责：</div>1、负责移动端项目测试，包括需求讨论，用例设计与用例执行，缺陷跟踪和风险反馈等，推动问题的解决，协助确保测试交付与质量保障 <div>  2、参与项目自动化测试，包括自动化测试用例的编写与维护工作</div><div>  任职要求：</div><div>  1、大专及以上学历，3年以上软件测试工作经验 </div><div>  2、具有较强的专业技能，熟练掌握常用的测试工具，熟悉数据库SQL语言，熟悉java或python、有保险相关项目经验优先 </div><div>  3、具备良好的沟通协作能力，严谨的质量意识和积极主动的工作态度，能够与产品经理、项目经理和开发人员等积极沟通，主动推动问题解决。</div><div>"", ""</div>""]","[""Python"", ""Java"", ""SQL"", ""APP测试"", ""Appium"", ""保险"", ""本科"", ""3-5年""]","[""Python"", ""Java"", ""SQL"", ""APP测试"", ""Appium"", ""保险"", ""本科"", ""3-5年""]",http://www.zhaopin.com/jobdetail/CC143806550J40702906914.htm,2026-07-04T08:09:11.797Z
job_platform,zhaopin,9,40828264107,AI+生物信息实习生（免疫组学）,泛因医学,IVD（体外诊断）,深圳 龙岗 吉华,120,150,经验不限,本科,2026-07-04 01:21:30,"岗位职责
1. 高级数据挖掘与分析
运用统计学方法、生物信息软件及人工智能（AI）/深度学习算法，对免疫组库测序（TCR/BCR）等高通量数据进行深度挖掘，识别免疫组学特征、克隆演化规律及疾病关联模式。
2. 流程优化与工具开发
参与现有免疫组学分析流程的优化，基于Python/R开发新的分析模块，提升数据挖掘效率和准确性。
3. 产品协同研发
能力优秀者可参与基于AI的免疫组学新产品（如诊断标志物、药物靶点预测模型）的设计与研发，推动科研成果转化。
任职要求
1. 学历：大学本科及以上学历
2. 专业背景：生物信息学、生物学、计算机科学、数学或相关专业
3. 实习周期：每周工作5天，实习期不少于3个月，能连续实习6个月以上者优先
优先条件（具备以下任意一项者优先）
1. 编程能力：熟练使用Python、R等编程语言；
2. 操作系统：熟练使用Linux操作系统；
3. 生物信息分析经验：具备免疫组学、基因组学、转录组学或单细胞转录组学方向的生信分析经验；
4. 统计学基础：熟悉统计学相关专业知识；
5. 英语能力：取得CET-6、雅思、托福等英文能力证书（请随简历提供证明文件）。
我们提供
1. 毕业设计指导：可作为校外毕业设计指导单位，提供真实项目数据与研究支持；
2. 前沿课题：接触免疫组学+AI交叉领域的前沿技术与真实科研/临床项目；
3. 导师制培养：由资深生物信息专家一对一指导，快速提升专业能力。
工作时间为早九晚六，双休，不包吃住，暂时没有转正机会噢~
<div>  
 
  
</div>","[""岗位职责"", ""1. 高级数据挖掘与分析"", ""运用统计学方法、生物信息软件及人工智能（AI）/深度学习算法，对免疫组库测序（TCR/BCR）等高通量数据进行深度挖掘，识别免疫组学特征、克隆演化规律及疾病关联模式。"", ""2. 流程优化与工具开发"", ""参与现有免疫组学分析流程的优化，基于Python/R开发新的分析模块，提升数据挖掘效率和准确性。"", ""3. 产品协同研发"", ""能力优秀者可参与基于AI的免疫组学新产品（如诊断标志物、药物靶点预测模型）的设计与研发，推动科研成果转化。"", ""任职要求"", ""1. 学历：大学本科及以上学历"", ""2. 专业背景：生物信息学、生物学、计算机科学、数学或相关专业"", ""3. 实习周期：每周工作5天，实习期不少于3个月，能连续实习6个月以上者优先"", ""优先条件（具备以下任意一项者优先）"", ""1. 编程能力：熟练使用Python、R等编程语言；"", ""2. 操作系统：熟练使用Linux操作系统；"", ""3. 生物信息分析经验：具备免疫组学、基因组学、转录组学或单细胞转录组学方向的生信分析经验；"", ""4. 统计学基础：熟悉统计学相关专业知识；"", ""5. 英语能力：取得CET-6、雅思、托福等英文能力证书（请随简历提供证明文件）。"", ""我们提供"", ""1. 毕业设计指导：可作为校外毕业设计指导单位，提供真实项目数据与研究支持；"", ""2. 前沿课题：接触免疫组学+AI交叉领域的前沿技术与真实科研/临床项目；"", ""3. 导师制培养：由资深生物信息专家一对一指导，快速提升专业能力。"", ""工作时间为早九晚六，双休，不包吃住，暂时没有转正机会噢~"", ""<div>"", ""</div>""]","[""岗位职责"", ""1. 高级数据挖掘与分析"", ""运用统计学方法、生物信息软件及人工智能（AI）/深度学习算法，对免疫组库测序（TCR/BCR）等高通量数据进行深度挖掘，识别免疫组学特征、克隆演化规律及疾病关联模式。"", ""2. 流程优化与工具开发"", ""参与现有免疫组学分析流程的优化，基于Python/R开发新的分析模块，提升数据挖掘效率和准确性。"", ""3. 产品协同研发"", ""能力优秀者可参与基于AI的免疫组学新产品（如诊断标志物、药物靶点预测模型）的设计与研发，推动科研成果转化。"", ""任职要求"", ""1. 学历：大学本科及以上学历"", ""2. 专业背景：生物信息学、生物学、计算机科学、数学或相关专业"", ""3. 实习周期：每周工作5天，实习期不少于3个月，能连续实习6个月以上者优先"", ""优先条件（具备以下任意一项者优先）"", ""1. 编程能力：熟练使用Python、R等编程语言；"", ""2. 操作系统：熟练使用Linux操作系统；"", ""3. 生物信息分析经验：具备免疫组学、基因组学、转录组学或单细胞转录组学方向的生信分析经验；"", ""4. 统计学基础：熟悉统计学相关专业知识；"", ""5. 英语能力：取得CET-6、雅思、托福等英文能力证书（请随简历提供证明文件）。"", ""我们提供"", ""1. 毕业设计指导：可作为校外毕业设计指导单位，提供真实项目数据与研究支持；"", ""2. 前沿课题：接触免疫组学+AI交叉领域的前沿技术与真实科研/临床项目；"", ""3. 导师制培养：由资深生物信息专家一对一指导，快速提升专业能力。"", ""工作时间为早九晚六，双休，不包吃住，暂时没有转正机会噢~"", ""<div>"", ""</div>""]","[""基因组学"", ""R语言"", ""Python"", ""本科"", ""导师制培养"", ""快速提升"", ""早九晚六"", ""大牛带队"", ""法定工作时间""]","[""基因组学"", ""R语言"", ""Python"", ""本科"", ""导师制培养"", ""快速提升"", ""早九晚六"", ""大牛带队"", ""法定工作时间""]",http://www.zhaopin.com/jobdetail/CCL1235399050J40828264107.htm,2026-07-04T08:09:11.797Z
job_platform,zhaopin,9,40789373316,python后端开发/加班少/现场面试当天出结果,软通动力信息技术(集团)股份有限公司,软件/IT服务,深圳 龙华 福城,10001,12000,3-5年,本科,2026-01-23 15:29:13,"1、本科，具备 3年以上的Python后端开发工作经验，有丰富的项目实践经历。<div> 2、熟练掌握Python语言的语法规则与基础设计模式，能够灵活应用于业务场景。 
熟悉常见的Python后端框架（如Django、Flask、FastAPI等），并能熟练使用框架进行项目开发。 
3、熟悉后端架构设计，了解常用数据库（例如MySQL、PostgreSQL等）和缓存技术（如Redis）。 
4、对系统性能分析、瓶颈定位及优化有一定经验，能够进行高并发场景下的性能调试与解决 
</div>","[""1、本科，具备 3年以上的Python后端开发工作经验，有丰富的项目实践经历。<div> 2、熟练掌握Python语言的语法规则与基础设计模式，能够灵活应用于业务场景。"", ""熟悉常见的Python后端框架（如Django、Flask、FastAPI等），并能熟练使用框架进行项目开发。"", ""3、熟悉后端架构设计，了解常用数据库（例如MySQL、PostgreSQL等）和缓存技术（如Redis）。"", ""4、对系统性能分析、瓶颈定位及优化有一定经验，能够进行高并发场景下的性能调试与解决"", ""</div>""]","[""1、本科，具备 3年以上的Python后端开发工作经验，有丰富的项目实践经历。<div> 2、熟练掌握Python语言的语法规则与基础设计模式，能够灵活应用于业务场景。"", ""熟悉常见的Python后端框架（如Django、Flask、FastAPI等），并能熟练使用框架进行项目开发。"", ""3、熟悉后端架构设计，了解常用数据库（例如MySQL、PostgreSQL等）和缓存技术（如Redis）。"", ""4、对系统性能分析、瓶颈定位及优化有一定经验，能够进行高并发场景下的性能调试与解决"", ""</div>""]","[""Python"", ""Django"", ""Flask"", ""MySQL"", ""后端开发"", ""本科"", ""3-5年"", ""半导体"", ""计算机软件""]","[""Python"", ""Django"", ""Flask"", ""MySQL"", ""后端开发"", ""本科"", ""3-5年"", ""半导体"", ""计算机软件""]",http://www.zhaopin.com/jobdetail/CC000544460J40789373316.htm,2026-07-04T08:09:11.797Z
job_platform,zhaopin,9,40847911611,中高级算法工程师（图像方向）,牧原食品集团股份有限公司,畜牧业,深圳 南山 蛇口,40001,65000,1-3年,本科,2026-07-04 01:38:20,"岗位职业：
1、负责基于深度学习的计算机视觉算法开发和优化，涉及到的领域包括但不限于：目标检测、目标跟踪、行为识别、图像分类、关键点检测等；
2、优化模型和算法在数据集上的表现，持续提升产品的算法落地效果；
3、负责常用工具库的封装，训练集、测试集的持续维护等；
4、负责算法开发质量保障，提升团队的算法研发质量和效率。
任职要求：
1、本科及以上学历，计算机科学、应用数学、模式识别等相关专业，2年以上算法工作经验；
2、较强的算法实现能力，熟悉Python，扎实的数据结构与算法功底；
3、扎实的机器学习和深度学习算法基本功，良好的数学基础，对新技术充满好奇心，善于提出解决方案并快速验证；
4、在图像分类、目标检测、行为识别、关键点检测等领域有比较深入的研究和实际项目落地经验；
5、熟悉并熟练运用TensorFlow、PyTorch等主流深度学习框架中的一种或多种；
6、具备较强的独立解决问题能力、学习能力和沟通能力，强烈的使命感和责任感，对工作充满热情；
7、在模型压缩、知识蒸馏、深度学习框架优化等领域具备实践经验优先。""","[""岗位职业："", ""1、负责基于深度学习的计算机视觉算法开发和优化，涉及到的领域包括但不限于：目标检测、目标跟踪、行为识别、图像分类、关键点检测等；"", ""2、优化模型和算法在数据集上的表现，持续提升产品的算法落地效果；"", ""3、负责常用工具库的封装，训练集、测试集的持续维护等；"", ""4、负责算法开发质量保障，提升团队的算法研发质量和效率。"", ""任职要求："", ""1、本科及以上学历，计算机科学、应用数学、模式识别等相关专业，2年以上算法工作经验；"", ""2、较强的算法实现能力，熟悉Python，扎实的数据结构与算法功底；"", ""3、扎实的机器学习和深度学习算法基本功，良好的数学基础，对新技术充满好奇心，善于提出解决方案并快速验证；"", ""4、在图像分类、目标检测、行为识别、关键点检测等领域有比较深入的研究和实际项目落地经验；"", ""5、熟悉并熟练运用TensorFlow、PyTorch等主流深度学习框架中的一种或多种；"", ""6、具备较强的独立解决问题能力、学习能力和沟通能力，强烈的使命感和责任感，对工作充满热情；"", ""7、在模型压缩、知识蒸馏、深度学习框架优化等领域具备实践经验优先。\""""]","[""岗位职业："", ""1、负责基于深度学习的计算机视觉算法开发和优化，涉及到的领域包括但不限于：目标检测、目标跟踪、行为识别、图像分类、关键点检测等；"", ""2、优化模型和算法在数据集上的表现，持续提升产品的算法落地效果；"", ""3、负责常用工具库的封装，训练集、测试集的持续维护等；"", ""4、负责算法开发质量保障，提升团队的算法研发质量和效率。"", ""任职要求："", ""1、本科及以上学历，计算机科学、应用数学、模式识别等相关专业，2年以上算法工作经验；"", ""2、较强的算法实现能力，熟悉Python，扎实的数据结构与算法功底；"", ""3、扎实的机器学习和深度学习算法基本功，良好的数学基础，对新技术充满好奇心，善于提出解决方案并快速验证；"", ""4、在图像分类、目标检测、行为识别、关键点检测等领域有比较深入的研究和实际项目落地经验；"", ""5、熟悉并熟练运用TensorFlow、PyTorch等主流深度学习框架中的一种或多种；"", ""6、具备较强的独立解决问题能力、学习能力和沟通能力，强烈的使命感和责任感，对工作充满热情；"", ""7、在模型压缩、知识蒸馏、深度学习框架优化等领域具备实践经验优先。\""""]","[""Python"", ""TensorFlow"", ""Transformer"", ""C++"", ""本科"", ""1-3年"", ""人工智能"", ""工业自动化/机器人"", ""云计算""]","[""Python"", ""TensorFlow"", ""Transformer"", ""C++"", ""本科"", ""1-3年"", ""人工智能"", ""工业自动化/机器人"", ""云计算""]",http://www.zhaopin.com/jobdetail/CC495147320J40847911611.htm,2026-07-04T08:09:11.797Z
