"resume_id","candidate_label","source_method","source_method_cn","privacy_level","target_job_id","target_job_title","target_company_name","target_industry","target_location","match_level","match_level_cn","expected_match_score","education","experience_years","current_role","skills","target_skills_norm","matched_skills_seed","missing_skills_seed","projects","work_experience","resume_text","target_url","created_at"
"R0001","匿名候选人001","public_dataset_style","公开匿名数据集风格参考","anonymous_or_synthetic","40857992907","python自动化测试工程师（双休/福利好）","深圳市汇合发展有限公司","咨询服务","深圳 南山 科技园","high","高匹配","88.9","本科","4","python自动化测试工程师","Python; C/C++; Linux; Windows; Oracle; MySQL; SQLServer; 接口自动化测试; Git; SQL","Python; C/C++; Linux; Windows; Oracle; MySQL; SQLServer; 接口自动化测试; UI自动化测试","Python; C/C++; Linux; Windows; Oracle; MySQL; SQLServer; 接口自动化测试","UI自动化测试","[{""name"":""匿名项目A-python自动化测试工程师"",""role"":""核心成员"",""skills"":[""Python"",""C/C++"",""Linux"",""Windows""],""description"":""围绕目标岗位 python自动化测试工程师（双休/福利好） 的核心能力，完成需求拆解、功能实现、测试验证和文档沉淀。""},{""name"":""企业内部效率工具改造"",""role"":""参与成员"",""skills"":[""C/C++"",""Linux"",""Windows"",""Oracle""],""description"":""参与业务流程梳理、脚本/工具开发、数据处理和问题定位，提升团队交付效率。""}]","{""company"":""匿名科技公司A"",""role"":""python自动化测试工程师"",""years"":4,""description"":""负责与 咨询服务 相关的研发/测试/数据处理工作，主要使用 Python、C/C++、Linux、Windows、Oracle、MySQL、SQLServer、接口自动化测试、Git、SQL。""}","候选人编号：R0001。教育背景：本科。工作经验：4 年。目标岗位：python自动化测试工程师（双休/福利好）。核心技能：Python、C/C++、Linux、Windows、Oracle、MySQL、SQLServer、接口自动化测试、Git、SQL。项目经历：参与 python自动化测试工程师 相关项目，围绕 Python、C/C++、Linux、Windows、Oracle、MySQL、SQLServer、接口自动化测试、UI自动化测试 完成需求分析、开发测试、问题定位与交付文档整理。该样例为匿名/合成简历，不包含真实个人身份信息。","http://www.zhaopin.com/jobdetail/CC160407910J40857992907.htm","2026-06-18T10:42:49Z"
"R0002","匿名候选人002","anonymous_template","人工匿名化样例","anonymous_or_synthetic","40735553916","算法工程师（大模型、机器学习/深度学习、Python）","软通动力信息技术(集团)股份有限公司","软件/IT服务","深圳 龙岗","medium","中匹配","71.4","本科","3","算法工程师","深度学习; 机器学习; 大模型算法; 运筹优化; 时间序列; SQL; Linux; Excel","深度学习; 机器学习; 大模型算法; 运筹优化; 时间序列; PYTHON算法; 大模型","深度学习; 机器学习; 大模型算法; 运筹优化; 时间序列","PYTHON算法; 大模型","[{""name"":""匿名项目A-算法工程师"",""role"":""核心成员"",""skills"":[""深度学习"",""机器学习"",""大模型算法"",""运筹优化""],""description"":""围绕目标岗位 算法工程师（大模型、机器学习/深度学习、Python） 的核心能力，完成需求拆解、功能实现、测试验证和文档沉淀。""},{""name"":""企业内部效率工具改造"",""role"":""参与成员"",""skills"":[""机器学习"",""大模型算法"",""运筹优化"",""时间序列""],""description"":""参与业务流程梳理、脚本/工具开发、数据处理和问题定位，提升团队交付效率。""}]","{""company"":""匿名科技公司A"",""role"":""算法工程师"",""years"":3,""description"":""负责与 软件/IT服务 相关的研发/测试/数据处理工作，主要使用 深度学习、机器学习、大模型算法、运筹优化、时间序列、SQL、Linux、Excel。""}","候选人编号：R0002。教育背景：本科。工作经验：3 年。目标岗位：算法工程师（大模型、机器学习/深度学习、Python）。核心技能：深度学习、机器学习、大模型算法、运筹优化、时间序列、SQL、Linux、Excel。项目经历：参与 算法工程师 相关项目，围绕 深度学习、机器学习、大模型算法、运筹优化、时间序列、PYTHON算法、大模型 完成需求分析、开发测试、问题定位与交付文档整理。该样例为匿名/合成简历，不包含真实个人身份信息。","http://www.zhaopin.com/jobdetail/CC000544460J40735553916.htm","2026-06-18T10:42:49Z"
"R0003","匿名候选人003","jd_backfilled_synthetic","JD 反向合成","anonymous_or_synthetic","40933155415","python/c++开发工程师","深圳市凯瑞佳易科技有限公司","通信/网络设备","深圳 福田","low","低匹配","100","本科","2","python/c++开发工程师","本科; Linux; Excel; 需求分析; 文档编写","本科","本科","","[{""name"":""匿名项目A-python/c++开发工程师"",""role"":""核心成员"",""skills"":[""本科"",""Linux"",""Excel"",""需求分析""],""description"":""围绕目标岗位 python/c++开发工程师 的核心能力，完成需求拆解、功能实现、测试验证和文档沉淀。""},{""name"":""企业内部效率工具改造"",""role"":""参与成员"",""skills"":[""Linux"",""Excel"",""需求分析"",""文档编写""],""description"":""参与业务流程梳理、脚本/工具开发、数据处理和问题定位，提升团队交付效率。""}]","{""company"":""匿名科技公司A"",""role"":""python/c++开发工程师"",""years"":2,""description"":""负责与 通信/网络设备 相关的研发/测试/数据处理工作，主要使用 本科、Linux、Excel、需求分析、文档编写。""}","候选人编号：R0003。教育背景：本科。工作经验：2 年。目标岗位：python/c++开发工程师。核心技能：本科、Linux、Excel、需求分析、文档编写。项目经历：参与 python/c++开发工程师 相关项目，围绕 本科 完成需求分析、开发测试、问题定位与交付文档整理。该样例为匿名/合成简历，不包含真实个人身份信息。","http://www.zhaopin.com/jobdetail/CCL1461615970J40933155415.htm","2026-06-18T10:42:49Z"
"R0004","匿名候选人004","public_dataset_style","公开匿名数据集风格参考","anonymous_or_synthetic","40874740405","感知算法测试验证工程师（数据采集、python）","外企德科数字技术有限公司","软件/IT服务","深圳 龙华","medium","中匹配","100","大专","3","感知算法测试验证工程师","Python; 数据采集; Excel; 需求分析","Python; 数据采集","Python; 数据采集","","[{""name"":""匿名项目A-感知算法测试验证工程师"",""role"":""核心成员"",""skills"":[""Python"",""数据采集"",""Excel"",""需求分析""],""description"":""围绕目标岗位 感知算法测试验证工程师（数据采集、python） 的核心能力，完成需求拆解、功能实现、测试验证和文档沉淀。""},{""name"":""企业内部效率工具改造"",""role"":""参与成员"",""skills"":[""数据采集"",""Excel"",""需求分析""],""description"":""参与业务流程梳理、脚本/工具开发、数据处理和问题定位，提升团队交付效率。""}]","{""company"":""匿名科技公司A"",""role"":""感知算法测试验证工程师"",""years"":3,""description"":""负责与 软件/IT服务 相关的研发/测试/数据处理工作，主要使用 Python、数据采集、Excel、需求分析。""}","候选人编号：R0004。教育背景：大专。工作经验：3 年。目标岗位：感知算法测试验证工程师（数据采集、python）。核心技能：Python、数据采集、Excel、需求分析。项目经历：参与 感知算法测试验证工程师 相关项目，围绕 Python、数据采集 完成需求分析、开发测试、问题定位与交付文档整理。该样例为匿名/合成简历，不包含真实个人身份信息。","http://www.zhaopin.com/jobdetail/CCL1480117890J40874740405.htm","2026-06-18T10:42:49Z"
"R0005","匿名候选人005","anonymous_template","人工匿名化样例","anonymous_or_synthetic","40903521003","软件测试开发工程师（RF框架/Python自动化）","科锐尔人力资源服务(苏州)有限公司","人力资源","深圳 南山","high","高匹配","100","本科","4","软件测试开发工程师","Python; RobotFramework; 需求分析; 文档编写; 沟通协作","Python; RobotFramework","Python; RobotFramework","","[{""name"":""匿名项目A-软件测试开发工程师"",""role"":""核心成员"",""skills"":[""Python"",""RobotFramework"",""需求分析"",""文档编写""],""description"":""围绕目标岗位 软件测试开发工程师（RF框架/Python自动化） 的核心能力，完成需求拆解、功能实现、测试验证和文档沉淀。""},{""name"":""企业内部效率工具改造"",""role"":""参与成员"",""skills"":[""RobotFramework"",""需求分析"",""文档编写"",""沟通协作""],""description"":""参与业务流程梳理、脚本/工具开发、数据处理和问题定位，提升团队交付效率。""}]","{""company"":""匿名科技公司A"",""role"":""软件测试开发工程师"",""years"":4,""description"":""负责与 人力资源 相关的研发/测试/数据处理工作，主要使用 Python、RobotFramework、需求分析、文档编写、沟通协作。""}","候选人编号：R0005。教育背景：本科。工作经验：4 年。目标岗位：软件测试开发工程师（RF框架/Python自动化）。核心技能：Python、RobotFramework、需求分析、文档编写、沟通协作。项目经历：参与 软件测试开发工程师 相关项目，围绕 Python、RobotFramework 完成需求分析、开发测试、问题定位与交付文档整理。该样例为匿名/合成简历，不包含真实个人身份信息。","http://www.zhaopin.com/jobdetail/CC453635220J40903521003.htm","2026-06-18T10:42:49Z"
"R0006","匿名候选人006","jd_backfilled_synthetic","JD 反向合成","anonymous_or_synthetic","40945011215","Python开发工程师","深圳市凯瑞佳易科技有限公司","通信/网络设备","深圳 龙岗","medium","中匹配","100","本科","1","Python开发工程师","本科; 文档编写; 沟通协作; 单元测试; 数据分析","本科","本科","","[{""name"":""匿名项目A-Python开发工程师"",""role"":""核心成员"",""skills"":[""本科"",""文档编写"",""沟通协作"",""单元测试""],""description"":""围绕目标岗位 Python开发工程师 的核心能力，完成需求拆解、功能实现、测试验证和文档沉淀。""},{""name"":""企业内部效率工具改造"",""role"":""参与成员"",""skills"":[""文档编写"",""沟通协作"",""单元测试"",""数据分析""],""description"":""参与业务流程梳理、脚本/工具开发、数据处理和问题定位，提升团队交付效率。""}]","{""company"":""匿名科技公司A"",""role"":""Python开发工程师"",""years"":1,""description"":""负责与 通信/网络设备 相关的研发/测试/数据处理工作，主要使用 本科、文档编写、沟通协作、单元测试、数据分析。""}","候选人编号：R0006。教育背景：本科。工作经验：1 年。目标岗位：Python开发工程师。核心技能：本科、文档编写、沟通协作、单元测试、数据分析。项目经历：参与 Python开发工程师 相关项目，围绕 本科 完成需求分析、开发测试、问题定位与交付文档整理。该样例为匿名/合成简历，不包含真实个人身份信息。","http://www.zhaopin.com/jobdetail/CCL1461615970J40945011215.htm","2026-06-18T10:42:49Z"
"R0007","匿名候选人007","public_dataset_style","公开匿名数据集风格参考","anonymous_or_synthetic","40853602005","python开发【Java可投】","外企德科数字技术有限公司","软件/IT服务","深圳 龙华","low","低匹配","50","本科","1","python开发【Java可投】","Java; Python; 沟通协作; 单元测试","Java; Python; 蓝桥杯; 代码习惯好","Java; Python","蓝桥杯; 代码习惯好","[{""name"":""匿名项目A-python开发【Java可投】"",""role"":""核心成员"",""skills"":[""Java"",""Python"",""沟通协作"",""单元测试""],""description"":""围绕目标岗位 python开发【Java可投】 的核心能力，完成需求拆解、功能实现、测试验证和文档沉淀。""},{""name"":""企业内部效率工具改造"",""role"":""参与成员"",""skills"":[""Python"",""沟通协作"",""单元测试""],""description"":""参与业务流程梳理、脚本/工具开发、数据处理和问题定位，提升团队交付效率。""}]","{""company"":""匿名科技公司A"",""role"":""python开发【Java可投】"",""years"":1,""description"":""负责与 软件/IT服务 相关的研发/测试/数据处理工作，主要使用 Java、Python、沟通协作、单元测试。""}","候选人编号：R0007。教育背景：本科。工作经验：1 年。目标岗位：python开发【Java可投】。核心技能：Java、Python、沟通协作、单元测试。项目经历：参与 python开发【Java可投】 相关项目，围绕 Java、Python、蓝桥杯、代码习惯好 完成需求分析、开发测试、问题定位与交付文档整理。该样例为匿名/合成简历，不包含真实个人身份信息。","http://www.zhaopin.com/jobdetail/CCL1480117890J40853602005.htm","2026-06-18T10:42:49Z"
"R0008","匿名候选人008","anonymous_template","人工匿名化样例","anonymous_or_synthetic","40491067716","Python开发","软通动力信息技术(集团)股份有限公司","软件/IT服务","深圳 龙岗","medium","中匹配","100","本科","1","Python开发","Django; Flask; 单元测试; 数据分析; 接口测试","Django; Flask","Django; Flask","","[{""name"":""匿名项目A-Python开发"",""role"":""核心成员"",""skills"":[""Django"",""Flask"",""单元测试"",""数据分析""],""description"":""围绕目标岗位 Python开发 的核心能力，完成需求拆解、功能实现、测试验证和文档沉淀。""},{""name"":""企业内部效率工具改造"",""role"":""参与成员"",""skills"":[""Flask"",""单元测试"",""数据分析"",""接口测试""],""description"":""参与业务流程梳理、脚本/工具开发、数据处理和问题定位，提升团队交付效率。""}]","{""company"":""匿名科技公司A"",""role"":""Python开发"",""years"":1,""description"":""负责与 软件/IT服务 相关的研发/测试/数据处理工作，主要使用 Django、Flask、单元测试、数据分析、接口测试。""}","候选人编号：R0008。教育背景：本科。工作经验：1 年。目标岗位：Python开发。核心技能：Django、Flask、单元测试、数据分析、接口测试。项目经历：参与 Python开发 相关项目，围绕 Django、Flask 完成需求分析、开发测试、问题定位与交付文档整理。该样例为匿名/合成简历，不包含真实个人身份信息。","http://www.zhaopin.com/jobdetail/CC000544460J40491067716.htm","2026-06-18T10:42:49Z"
"R0009","匿名候选人009","jd_backfilled_synthetic","JD 反向合成","anonymous_or_synthetic","40895868812","python自动化测试","中软国际","软件/IT服务","深圳 龙岗","high","高匹配","100","本科","4","python自动化测试","Python; Java; 接口自动化测试; 持续集成与部署; 测试报告分析; 数据分析; 接口测试; 问题定位; 版本管理","Python; Java; 接口自动化测试; 持续集成与部署; 测试报告分析","Python; Java; 接口自动化测试; 持续集成与部署; 测试报告分析","","[{""name"":""匿名项目A-python自动化测试"",""role"":""核心成员"",""skills"":[""Python"",""Java"",""接口自动化测试"",""持续集成与部署""],""description"":""围绕目标岗位 python自动化测试 的核心能力，完成需求拆解、功能实现、测试验证和文档沉淀。""},{""name"":""企业内部效率工具改造"",""role"":""参与成员"",""skills"":[""Java"",""接口自动化测试"",""持续集成与部署"",""测试报告分析""],""description"":""参与业务流程梳理、脚本/工具开发、数据处理和问题定位，提升团队交付效率。""}]","{""company"":""匿名科技公司A"",""role"":""python自动化测试"",""years"":4,""description"":""负责与 软件/IT服务 相关的研发/测试/数据处理工作，主要使用 Python、Java、接口自动化测试、持续集成与部署、测试报告分析、数据分析、接口测试、问题定位、版本管理。""}","候选人编号：R0009。教育背景：本科。工作经验：4 年。目标岗位：python自动化测试。核心技能：Python、Java、接口自动化测试、持续集成与部署、测试报告分析、数据分析、接口测试、问题定位、版本管理。项目经历：参与 python自动化测试 相关项目，围绕 Python、Java、接口自动化测试、持续集成与部署、测试报告分析 完成需求分析、开发测试、问题定位与交付文档整理。该样例为匿名/合成简历，不包含真实个人身份信息。","http://www.zhaopin.com/jobdetail/CC508620120J40895868812.htm","2026-06-18T10:42:49Z"
"R0010","匿名候选人010","public_dataset_style","公开匿名数据集风格参考","anonymous_or_synthetic","40866497505","C/C++/JAVA/Python/大数据/AI/开发/测试（一二线城市均有岗位需求）","外企德科数字技术有限公司","软件/IT服务","深圳 龙岗","medium","中匹配","66.7","本科","1","C/C++/JAVA/Python/大数据/","C++; Python; 接口测试; 问题定位","C++; Python; C#","C++; Python","C#","[{""name"":""匿名项目A-C/C++/JAVA/Python/大数据/"",""role"":""核心成员"",""skills"":[""C++"",""Python"",""接口测试"",""问题定位""],""description"":""围绕目标岗位 C/C++/JAVA/Python/大数据/AI/开发/测试（一二线城市均有岗位需求） 的核心能力，完成需求拆解、功能实现、测试验证和文档沉淀。""},{""name"":""企业内部效率工具改造"",""role"":""参与成员"",""skills"":[""Python"",""接口测试"",""问题定位""],""description"":""参与业务流程梳理、脚本/工具开发、数据处理和问题定位，提升团队交付效率。""}]","{""company"":""匿名科技公司A"",""role"":""C/C++/JAVA/Python/大数据/"",""years"":1,""description"":""负责与 软件/IT服务 相关的研发/测试/数据处理工作，主要使用 C++、Python、接口测试、问题定位。""}","候选人编号：R0010。教育背景：本科。工作经验：1 年。目标岗位：C/C++/JAVA/Python/大数据/AI/开发/测试（一二线城市均有岗位需求）。核心技能：C++、Python、接口测试、问题定位。项目经历：参与 C/C++/JAVA/Python/大数据/ 相关项目，围绕 C++、Python、C# 完成需求分析、开发测试、问题定位与交付文档整理。该样例为匿名/合成简历，不包含真实个人身份信息。","http://www.zhaopin.com/jobdetail/CCL1480117890J40866497505.htm","2026-06-18T10:42:49Z"
"R0011","匿名候选人011","anonymous_template","人工匿名化样例","anonymous_or_synthetic","40833770810","python开发工程师/python爬虫方向","深圳市猎芯科技有限公司","半导体/芯片","深圳 龙岗","low","低匹配","100","本科","2","python开发工程师/python爬虫方向","数据采集; 问题定位; 版本管理; 系统设计","数据采集","数据采集","","[{""name"":""匿名项目A-python开发工程师/python爬虫方向"",""role"":""核心成员"",""skills"":[""数据采集"",""问题定位"",""版本管理"",""系统设计""],""description"":""围绕目标岗位 python开发工程师/python爬虫方向 的核心能力，完成需求拆解、功能实现、测试验证和文档沉淀。""},{""name"":""企业内部效率工具改造"",""role"":""参与成员"",""skills"":[""问题定位"",""版本管理"",""系统设计""],""description"":""参与业务流程梳理、脚本/工具开发、数据处理和问题定位，提升团队交付效率。""}]","{""company"":""匿名科技公司A"",""role"":""python开发工程师/python爬虫方向"",""years"":2,""description"":""负责与 半导体/芯片 相关的研发/测试/数据处理工作，主要使用 数据采集、问题定位、版本管理、系统设计。""}","候选人编号：R0011。教育背景：本科。工作经验：2 年。目标岗位：python开发工程师/python爬虫方向。核心技能：数据采集、问题定位、版本管理、系统设计。项目经历：参与 python开发工程师/python爬虫方向 相关项目，围绕 数据采集 完成需求分析、开发测试、问题定位与交付文档整理。该样例为匿名/合成简历，不包含真实个人身份信息。","http://www.zhaopin.com/jobdetail/CC347226980J40833770810.htm","2026-06-18T10:42:49Z"
"R0012","匿名候选人012","jd_backfilled_synthetic","JD 反向合成","anonymous_or_synthetic","40933154315","软件开发-Python","深圳市凯瑞佳易科技有限公司","通信/网络设备","深圳 福田","medium","中匹配","100","本科","3","软件开发-Python","本科; 版本管理; 系统设计; 数据清洗; API 调试","本科","本科","","[{""name"":""匿名项目A-软件开发-Python"",""role"":""核心成员"",""skills"":[""本科"",""版本管理"",""系统设计"",""数据清洗""],""description"":""围绕目标岗位 软件开发-Python 的核心能力，完成需求拆解、功能实现、测试验证和文档沉淀。""},{""name"":""企业内部效率工具改造"",""role"":""参与成员"",""skills"":[""版本管理"",""系统设计"",""数据清洗"",""API 调试""],""description"":""参与业务流程梳理、脚本/工具开发、数据处理和问题定位，提升团队交付效率。""}]","{""company"":""匿名科技公司A"",""role"":""软件开发-Python"",""years"":3,""description"":""负责与 通信/网络设备 相关的研发/测试/数据处理工作，主要使用 本科、版本管理、系统设计、数据清洗、API 调试。""}","候选人编号：R0012。教育背景：本科。工作经验：3 年。目标岗位：软件开发-Python。核心技能：本科、版本管理、系统设计、数据清洗、API 调试。项目经历：参与 软件开发-Python 相关项目，围绕 本科 完成需求分析、开发测试、问题定位与交付文档整理。该样例为匿名/合成简历，不包含真实个人身份信息。","http://www.zhaopin.com/jobdetail/CCL1461615970J40933154315.htm","2026-06-18T10:42:49Z"
"R0013","匿名候选人013","public_dataset_style","公开匿名数据集风格参考","anonymous_or_synthetic","40861456805","通用软件开发（Java、Python、C/C++、go、JS等）","外企德科数字技术有限公司","软件/IT服务","深圳 龙岗","high","高匹配","100","本科","2","通用软件开发","JavaScript; 系统设计; 数据清洗","JavaScript","JavaScript","","[{""name"":""匿名项目A-通用软件开发"",""role"":""核心成员"",""skills"":[""JavaScript"",""系统设计"",""数据清洗""],""description"":""围绕目标岗位 通用软件开发（Java、Python、C/C++、go、JS等） 的核心能力，完成需求拆解、功能实现、测试验证和文档沉淀。""},{""name"":""企业内部效率工具改造"",""role"":""参与成员"",""skills"":[""系统设计"",""数据清洗""],""description"":""参与业务流程梳理、脚本/工具开发、数据处理和问题定位，提升团队交付效率。""}]","{""company"":""匿名科技公司A"",""role"":""通用软件开发"",""years"":2,""description"":""负责与 软件/IT服务 相关的研发/测试/数据处理工作，主要使用 JavaScript、系统设计、数据清洗。""}","候选人编号：R0013。教育背景：本科。工作经验：2 年。目标岗位：通用软件开发（Java、Python、C/C++、go、JS等）。核心技能：JavaScript、系统设计、数据清洗。项目经历：参与 通用软件开发 相关项目，围绕 JavaScript 完成需求分析、开发测试、问题定位与交付文档整理。该样例为匿名/合成简历，不包含真实个人身份信息。","http://www.zhaopin.com/jobdetail/CCL1480117890J40861456805.htm","2026-06-18T10:42:49Z"
"R0014","匿名候选人014","anonymous_template","人工匿名化样例","anonymous_or_synthetic","40478452616","Python开发工程师+急招+双休+流程快速","软通动力信息技术(集团)股份有限公司","软件/IT服务","深圳 龙岗","medium","中匹配","60","本科","3","Python开发工程师+急招+双休+流程快速","Linux; Python; Flask; 数据清洗; API 调试; 团队协作","Linux; Python; Flask; Pandas; ElasticSearch","Linux; Python; Flask","Pandas; ElasticSearch","[{""name"":""匿名项目A-Python开发工程师+急招+双休+流程快速"",""role"":""核心成员"",""skills"":[""Linux"",""Python"",""Flask"",""数据清洗""],""description"":""围绕目标岗位 Python开发工程师+急招+双休+流程快速 的核心能力，完成需求拆解、功能实现、测试验证和文档沉淀。""},{""name"":""企业内部效率工具改造"",""role"":""参与成员"",""skills"":[""Python"",""Flask"",""数据清洗"",""API 调试""],""description"":""参与业务流程梳理、脚本/工具开发、数据处理和问题定位，提升团队交付效率。""}]","{""company"":""匿名科技公司A"",""role"":""Python开发工程师+急招+双休+流程快速"",""years"":3,""description"":""负责与 软件/IT服务 相关的研发/测试/数据处理工作，主要使用 Linux、Python、Flask、数据清洗、API 调试、团队协作。""}","候选人编号：R0014。教育背景：本科。工作经验：3 年。目标岗位：Python开发工程师+急招+双休+流程快速。核心技能：Linux、Python、Flask、数据清洗、API 调试、团队协作。项目经历：参与 Python开发工程师+急招+双休+流程快速 相关项目，围绕 Linux、Python、Flask、Pandas、ElasticSearch 完成需求分析、开发测试、问题定位与交付文档整理。该样例为匿名/合成简历，不包含真实个人身份信息。","http://www.zhaopin.com/jobdetail/CC000544460J40478452616.htm","2026-06-18T10:42:49Z"
"R0015","匿名候选人015","jd_backfilled_synthetic","JD 反向合成","anonymous_or_synthetic","40858029701","Java开发工程师（会python）","深圳市永达电子信息股份有限公司","信息安全","深圳 南山","low","低匹配","66.7","本科","2","Java开发工程师","分布式系统; 高并发经验; API 调试; 团队协作; Git; SQL","分布式系统; 高并发经验; Python","分布式系统; 高并发经验","Python","[{""name"":""匿名项目A-Java开发工程师"",""role"":""核心成员"",""skills"":[""分布式系统"",""高并发经验"",""API 调试"",""团队协作""],""description"":""围绕目标岗位 Java开发工程师（会python） 的核心能力，完成需求拆解、功能实现、测试验证和文档沉淀。""},{""name"":""企业内部效率工具改造"",""role"":""参与成员"",""skills"":[""高并发经验"",""API 调试"",""团队协作"",""Git""],""description"":""参与业务流程梳理、脚本/工具开发、数据处理和问题定位，提升团队交付效率。""}]","{""company"":""匿名科技公司A"",""role"":""Java开发工程师"",""years"":2,""description"":""负责与 信息安全 相关的研发/测试/数据处理工作，主要使用 分布式系统、高并发经验、API 调试、团队协作、Git、SQL。""}","候选人编号：R0015。教育背景：本科。工作经验：2 年。目标岗位：Java开发工程师（会python）。核心技能：分布式系统、高并发经验、API 调试、团队协作、Git、SQL。项目经历：参与 Java开发工程师 相关项目，围绕 分布式系统、高并发经验、Python 完成需求分析、开发测试、问题定位与交付文档整理。该样例为匿名/合成简历，不包含真实个人身份信息。","http://www.zhaopin.com/jobdetail/CC602497920J40858029701.htm","2026-06-18T10:42:49Z"
"R0016","匿名候选人016","public_dataset_style","公开匿名数据集风格参考","anonymous_or_synthetic","40861275005","C++/python/Java/C/C# （一年半以上经验，有力扣经验最佳）线上面试","外企德科数字技术有限公司","软件/IT服务","深圳 龙岗","medium","中匹配","60","本科","1","C++/python/Java/C/C# 线","Java; C语言; Python; 团队协作; Git","Java; C语言; Python; 模块开发与调试; 团队协作","Java; C语言; Python","模块开发与调试","[{""name"":""匿名项目A-C++/python/Java/C/C# 线"",""role"":""核心成员"",""skills"":[""Java"",""C语言"",""Python"",""团队协作""],""description"":""围绕目标岗位 C++/python/Java/C/C# （一年半以上经验，有力扣经验最佳）线上面试 的核心能力，完成需求拆解、功能实现、测试验证和文档沉淀。""},{""name"":""企业内部效率工具改造"",""role"":""参与成员"",""skills"":[""C语言"",""Python"",""团队协作"",""Git""],""description"":""参与业务流程梳理、脚本/工具开发、数据处理和问题定位，提升团队交付效率。""}]","{""company"":""匿名科技公司A"",""role"":""C++/python/Java/C/C# 线"",""years"":1,""description"":""负责与 软件/IT服务 相关的研发/测试/数据处理工作，主要使用 Java、C语言、Python、团队协作、Git。""}","候选人编号：R0016。教育背景：本科。工作经验：1 年。目标岗位：C++/python/Java/C/C# （一年半以上经验，有力扣经验最佳）线上面试。核心技能：Java、C语言、Python、团队协作、Git。项目经历：参与 C++/python/Java/C/C# 线 相关项目，围绕 Java、C语言、Python、模块开发与调试、团队协作 完成需求分析、开发测试、问题定位与交付文档整理。该样例为匿名/合成简历，不包含真实个人身份信息。","http://www.zhaopin.com/jobdetail/CCL1480117890J40861275005.htm","2026-06-18T10:42:49Z"
"R0017","匿名候选人017","anonymous_template","人工匿名化样例","anonymous_or_synthetic","40930417104","python爬虫（实习）","深圳市胖达摸鱼科技有限公司","产业互联网平台","深圳 宝安","high","高匹配","100","大专","2","python爬虫","Python; SQL; Git; Linux","Python; SQL","Python; SQL","","[{""name"":""匿名项目A-python爬虫"",""role"":""核心成员"",""skills"":[""Python"",""SQL"",""Git"",""Linux""],""description"":""围绕目标岗位 python爬虫（实习） 的核心能力，完成需求拆解、功能实现、测试验证和文档沉淀。""},{""name"":""企业内部效率工具改造"",""role"":""参与成员"",""skills"":[""SQL"",""Git"",""Linux""],""description"":""参与业务流程梳理、脚本/工具开发、数据处理和问题定位，提升团队交付效率。""}]","{""company"":""匿名科技公司A"",""role"":""python爬虫"",""years"":2,""description"":""负责与 产业互联网平台 相关的研发/测试/数据处理工作，主要使用 Python、SQL、Git、Linux。""}","候选人编号：R0017。教育背景：大专。工作经验：2 年。目标岗位：python爬虫（实习）。核心技能：Python、SQL、Git、Linux。项目经历：参与 python爬虫 相关项目，围绕 Python、SQL 完成需求分析、开发测试、问题定位与交付文档整理。该样例为匿名/合成简历，不包含真实个人身份信息。","http://www.zhaopin.com/jobdetail/CCL1330884060J40930417104.htm","2026-06-18T10:42:49Z"
"R0018","匿名候选人018","jd_backfilled_synthetic","JD 反向合成","anonymous_or_synthetic","40716368706","python运维开发工程师-深圳","深圳市法本信息技术股份有限公司","软件/IT服务","深圳 南山","medium","中匹配","66.7","大专","3","python运维开发工程师-深圳","系统运维; Python; SQL; Linux; Excel; 需求分析","系统运维; Python; Ansible","系统运维; Python","Ansible","[{""name"":""匿名项目A-python运维开发工程师-深圳"",""role"":""核心成员"",""skills"":[""系统运维"",""Python"",""SQL"",""Linux""],""description"":""围绕目标岗位 python运维开发工程师-深圳 的核心能力，完成需求拆解、功能实现、测试验证和文档沉淀。""},{""name"":""企业内部效率工具改造"",""role"":""参与成员"",""skills"":[""Python"",""SQL"",""Linux"",""Excel""],""description"":""参与业务流程梳理、脚本/工具开发、数据处理和问题定位，提升团队交付效率。""}]","{""company"":""匿名科技公司A"",""role"":""python运维开发工程师-深圳"",""years"":3,""description"":""负责与 软件/IT服务 相关的研发/测试/数据处理工作，主要使用 系统运维、Python、SQL、Linux、Excel、需求分析。""}","候选人编号：R0018。教育背景：大专。工作经验：3 年。目标岗位：python运维开发工程师-深圳。核心技能：系统运维、Python、SQL、Linux、Excel、需求分析。项目经历：参与 python运维开发工程师-深圳 相关项目，围绕 系统运维、Python、Ansible 完成需求分析、开发测试、问题定位与交付文档整理。该样例为匿名/合成简历，不包含真实个人身份信息。","http://www.zhaopin.com/jobdetail/CC385622410J40716368706.htm","2026-06-18T10:42:49Z"
"R0019","匿名候选人019","public_dataset_style","公开匿名数据集风格参考","anonymous_or_synthetic","40874898205","python开发工程师","外企德科数字技术有限公司","软件/IT服务","深圳 龙岗","low","低匹配","66.7","本科","1","python开发工程师","Java; C++; Linux; Excel","Java; C++; JavaScript","Java; C++","JavaScript","[{""name"":""匿名项目A-python开发工程师"",""role"":""核心成员"",""skills"":[""Java"",""C++"",""Linux"",""Excel""],""description"":""围绕目标岗位 python开发工程师 的核心能力，完成需求拆解、功能实现、测试验证和文档沉淀。""},{""name"":""企业内部效率工具改造"",""role"":""参与成员"",""skills"":[""C++"",""Linux"",""Excel""],""description"":""参与业务流程梳理、脚本/工具开发、数据处理和问题定位，提升团队交付效率。""}]","{""company"":""匿名科技公司A"",""role"":""python开发工程师"",""years"":1,""description"":""负责与 软件/IT服务 相关的研发/测试/数据处理工作，主要使用 Java、C++、Linux、Excel。""}","候选人编号：R0019。教育背景：本科。工作经验：1 年。目标岗位：python开发工程师。核心技能：Java、C++、Linux、Excel。项目经历：参与 python开发工程师 相关项目，围绕 Java、C++、JavaScript 完成需求分析、开发测试、问题定位与交付文档整理。该样例为匿名/合成简历，不包含真实个人身份信息。","http://www.zhaopin.com/jobdetail/CCL1480117890J40874898205.htm","2026-06-18T10:42:49Z"
"R0020","匿名候选人020","anonymous_template","人工匿名化样例","anonymous_or_synthetic","40874776805","python开发工程师","徽通科技集团有限公司","金融科技/数字金融","深圳 南山","medium","中匹配","66.7","本科","3","python开发工程师","需求分析; 沟通协作; Excel; 文档编写","需求分析; 沟通协作; 文档编写","需求分析; 沟通协作","","[{""name"":""匿名项目A-python开发工程师"",""role"":""核心成员"",""skills"":[""需求分析"",""沟通协作"",""Excel"",""文档编写""],""description"":""围绕目标岗位 python开发工程师 的核心能力，完成需求拆解、功能实现、测试验证和文档沉淀。""},{""name"":""企业内部效率工具改造"",""role"":""参与成员"",""skills"":[""沟通协作"",""Excel"",""文档编写""],""description"":""参与业务流程梳理、脚本/工具开发、数据处理和问题定位，提升团队交付效率。""}]","{""company"":""匿名科技公司A"",""role"":""python开发工程师"",""years"":3,""description"":""负责与 金融科技/数字金融 相关的研发/测试/数据处理工作，主要使用 需求分析、沟通协作、Excel、文档编写。""}","候选人编号：R0020。教育背景：本科。工作经验：3 年。目标岗位：python开发工程师。核心技能：需求分析、沟通协作、Excel、文档编写。项目经历：参与 python开发工程师 相关项目，围绕 需求分析、沟通协作、文档编写 完成需求分析、开发测试、问题定位与交付文档整理。该样例为匿名/合成简历，不包含真实个人身份信息。","http://www.zhaopin.com/jobdetail/CC622613120J40874776805.htm","2026-06-18T10:42:49Z"
"R0021","匿名候选人021","jd_backfilled_synthetic","JD 反向合成","anonymous_or_synthetic","40913059512","Python开发工程师","中软国际","软件/IT服务","深圳 龙岗","high","高匹配","100","本科","2","Python开发工程师","需求分析; 沟通协作; 文档编写; 单元测试","需求分析; 沟通协作; 文档编写","需求分析; 沟通协作; 文档编写","","[{""name"":""匿名项目A-Python开发工程师"",""role"":""核心成员"",""skills"":[""需求分析"",""沟通协作"",""文档编写"",""单元测试""],""description"":""围绕目标岗位 Python开发工程师 的核心能力，完成需求拆解、功能实现、测试验证和文档沉淀。""},{""name"":""企业内部效率工具改造"",""role"":""参与成员"",""skills"":[""沟通协作"",""文档编写"",""单元测试""],""description"":""参与业务流程梳理、脚本/工具开发、数据处理和问题定位，提升团队交付效率。""}]","{""company"":""匿名科技公司A"",""role"":""Python开发工程师"",""years"":2,""description"":""负责与 软件/IT服务 相关的研发/测试/数据处理工作，主要使用 需求分析、沟通协作、文档编写、单元测试。""}","候选人编号：R0021。教育背景：本科。工作经验：2 年。目标岗位：Python开发工程师。核心技能：需求分析、沟通协作、文档编写、单元测试。项目经历：参与 Python开发工程师 相关项目，围绕 需求分析、沟通协作、文档编写 完成需求分析、开发测试、问题定位与交付文档整理。该样例为匿名/合成简历，不包含真实个人身份信息。","http://www.zhaopin.com/jobdetail/CC508620120J40913059512.htm","2026-06-18T10:42:49Z"
"R0022","匿名候选人022","public_dataset_style","公开匿名数据集风格参考","anonymous_or_synthetic","40850629305","C++/python/Java/C/C# （24/25届无经验可投、考研失利）线上面试","外企德科数字技术有限公司","软件/IT服务","深圳 南山","medium","中匹配","60","本科","1","C++/python/Java/C/C# 线","Java; C语言; Python; 文档编写; 沟通协作","Java; C语言; Python; 模块开发与调试; 团队协作","Java; C语言; Python","模块开发与调试; 团队协作","[{""name"":""匿名项目A-C++/python/Java/C/C# 线"",""role"":""核心成员"",""skills"":[""Java"",""C语言"",""Python"",""文档编写""],""description"":""围绕目标岗位 C++/python/Java/C/C# （24/25届无经验可投、考研失利）线上面试 的核心能力，完成需求拆解、功能实现、测试验证和文档沉淀。""},{""name"":""企业内部效率工具改造"",""role"":""参与成员"",""skills"":[""C语言"",""Python"",""文档编写"",""沟通协作""],""description"":""参与业务流程梳理、脚本/工具开发、数据处理和问题定位，提升团队交付效率。""}]","{""company"":""匿名科技公司A"",""role"":""C++/python/Java/C/C# 线"",""years"":1,""description"":""负责与 软件/IT服务 相关的研发/测试/数据处理工作，主要使用 Java、C语言、Python、文档编写、沟通协作。""}","候选人编号：R0022。教育背景：本科。工作经验：1 年。目标岗位：C++/python/Java/C/C# （24/25届无经验可投、考研失利）线上面试。核心技能：Java、C语言、Python、文档编写、沟通协作。项目经历：参与 C++/python/Java/C/C# 线 相关项目，围绕 Java、C语言、Python、模块开发与调试、团队协作 完成需求分析、开发测试、问题定位与交付文档整理。该样例为匿名/合成简历，不包含真实个人身份信息。","http://www.zhaopin.com/jobdetail/CCL1480117890J40850629305.htm","2026-06-18T10:42:49Z"
"R0023","匿名候选人023","anonymous_template","人工匿名化样例","anonymous_or_synthetic","40874777905","python开发工程师","徽通科技集团有限公司","金融科技/数字金融","深圳 南山","low","低匹配","66.7","本科","2","python开发工程师","需求分析; 沟通协作; 单元测试; 数据分析","需求分析; 沟通协作; 文档编写","需求分析; 沟通协作","文档编写","[{""name"":""匿名项目A-python开发工程师"",""role"":""核心成员"",""skills"":[""需求分析"",""沟通协作"",""单元测试"",""数据分析""],""description"":""围绕目标岗位 python开发工程师 的核心能力，完成需求拆解、功能实现、测试验证和文档沉淀。""},{""name"":""企业内部效率工具改造"",""role"":""参与成员"",""skills"":[""沟通协作"",""单元测试"",""数据分析""],""description"":""参与业务流程梳理、脚本/工具开发、数据处理和问题定位，提升团队交付效率。""}]","{""company"":""匿名科技公司A"",""role"":""python开发工程师"",""years"":2,""description"":""负责与 金融科技/数字金融 相关的研发/测试/数据处理工作，主要使用 需求分析、沟通协作、单元测试、数据分析。""}","候选人编号：R0023。教育背景：本科。工作经验：2 年。目标岗位：python开发工程师。核心技能：需求分析、沟通协作、单元测试、数据分析。项目经历：参与 python开发工程师 相关项目，围绕 需求分析、沟通协作、文档编写 完成需求分析、开发测试、问题定位与交付文档整理。该样例为匿名/合成简历，不包含真实个人身份信息。","http://www.zhaopin.com/jobdetail/CC622613120J40874777905.htm","2026-06-18T10:42:49Z"
"R0024","匿名候选人024","jd_backfilled_synthetic","JD 反向合成","anonymous_or_synthetic","40898047012","python开发","中软国际","软件/IT服务","深圳 龙岗","medium","中匹配","100","本科","1","python开发","Django; PyQt; 单元测试; 数据分析; 接口测试; 问题定位","Django; PyQt","Django; PyQt","","[{""name"":""匿名项目A-python开发"",""role"":""核心成员"",""skills"":[""Django"",""PyQt"",""单元测试"",""数据分析""],""description"":""围绕目标岗位 python开发 的核心能力，完成需求拆解、功能实现、测试验证和文档沉淀。""},{""name"":""企业内部效率工具改造"",""role"":""参与成员"",""skills"":[""PyQt"",""单元测试"",""数据分析"",""接口测试""],""description"":""参与业务流程梳理、脚本/工具开发、数据处理和问题定位，提升团队交付效率。""}]","{""company"":""匿名科技公司A"",""role"":""python开发"",""years"":1,""description"":""负责与 软件/IT服务 相关的研发/测试/数据处理工作，主要使用 Django、PyQt、单元测试、数据分析、接口测试、问题定位。""}","候选人编号：R0024。教育背景：本科。工作经验：1 年。目标岗位：python开发。核心技能：Django、PyQt、单元测试、数据分析、接口测试、问题定位。项目经历：参与 python开发 相关项目，围绕 Django、PyQt 完成需求分析、开发测试、问题定位与交付文档整理。该样例为匿名/合成简历，不包含真实个人身份信息。","http://www.zhaopin.com/jobdetail/CC508620120J40898047012.htm","2026-06-18T10:42:49Z"
"R0025","匿名候选人025","public_dataset_style","公开匿名数据集风格参考","anonymous_or_synthetic","40831612405","java C++ python js C 少量测试，接受应届生无经验","外企德科数字技术有限公司","软件/IT服务","深圳 龙岗","high","高匹配","90.9","本科","2","java C++ python js C 少","C++; C; Python; Spring; Shiro; Struts; MySQL; PostgreSQL; Oracle; 核心项目; 数据分析; 接口测试","C++; C; Python; Spring; Shiro; Struts; MySQL; PostgreSQL; Oracle; 核心项目; 入职会有导师带领","C++; C; Python; Spring; Shiro; Struts; MySQL; PostgreSQL; Oracle; 核心项目","入职会有导师带领","[{""name"":""匿名项目A-java C++ python js C 少"",""role"":""核心成员"",""skills"":[""C++"",""C"",""Python"",""Spring""],""description"":""围绕目标岗位 java C++ python js C 少量测试，接受应届生无经验 的核心能力，完成需求拆解、功能实现、测试验证和文档沉淀。""},{""name"":""企业内部效率工具改造"",""role"":""参与成员"",""skills"":[""C"",""Python"",""Spring"",""Shiro""],""description"":""参与业务流程梳理、脚本/工具开发、数据处理和问题定位，提升团队交付效率。""}]","{""company"":""匿名科技公司A"",""role"":""java C++ python js C 少"",""years"":2,""description"":""负责与 软件/IT服务 相关的研发/测试/数据处理工作，主要使用 C++、C、Python、Spring、Shiro、Struts、MySQL、PostgreSQL、Oracle、核心项目、数据分析、接口测试。""}","候选人编号：R0025。教育背景：本科。工作经验：2 年。目标岗位：java C++ python js C 少量测试，接受应届生无经验。核心技能：C++、C、Python、Spring、Shiro、Struts、MySQL、PostgreSQL、Oracle、核心项目、数据分析、接口测试。项目经历：参与 java C++ python js C 少 相关项目，围绕 C++、C、Python、Spring、Shiro、Struts、MySQL、PostgreSQL、Oracle、核心项目、入职会有导师带领 完成需求分析、开发测试、问题定位与交付文档整理。该样例为匿名/合成简历，不包含真实个人身份信息。","http://www.zhaopin.com/jobdetail/CCL1480117890J40831612405.htm","2026-06-18T10:42:49Z"
"R0026","匿名候选人026","anonymous_template","人工匿名化样例","anonymous_or_synthetic","40874779605","python开发工程师","徽通科技集团有限公司","金融科技/数字金融","深圳 南山","medium","中匹配","66.7","本科","3","python开发工程师","需求分析; 沟通协作; 接口测试; 问题定位; 版本管理","需求分析; 沟通协作; 文档编写","需求分析; 沟通协作","文档编写","[{""name"":""匿名项目A-python开发工程师"",""role"":""核心成员"",""skills"":[""需求分析"",""沟通协作"",""接口测试"",""问题定位""],""description"":""围绕目标岗位 python开发工程师 的核心能力，完成需求拆解、功能实现、测试验证和文档沉淀。""},{""name"":""企业内部效率工具改造"",""role"":""参与成员"",""skills"":[""沟通协作"",""接口测试"",""问题定位"",""版本管理""],""description"":""参与业务流程梳理、脚本/工具开发、数据处理和问题定位，提升团队交付效率。""}]","{""company"":""匿名科技公司A"",""role"":""python开发工程师"",""years"":3,""description"":""负责与 金融科技/数字金融 相关的研发/测试/数据处理工作，主要使用 需求分析、沟通协作、接口测试、问题定位、版本管理。""}","候选人编号：R0026。教育背景：本科。工作经验：3 年。目标岗位：python开发工程师。核心技能：需求分析、沟通协作、接口测试、问题定位、版本管理。项目经历：参与 python开发工程师 相关项目，围绕 需求分析、沟通协作、文档编写 完成需求分析、开发测试、问题定位与交付文档整理。该样例为匿名/合成简历，不包含真实个人身份信息。","http://www.zhaopin.com/jobdetail/CC622613120J40874779605.htm","2026-06-18T10:42:49Z"
"R0027","匿名候选人027","jd_backfilled_synthetic","JD 反向合成","anonymous_or_synthetic","40774498106","中/高级软件开发工程师（Python/Go）-线上面试","深圳市法本信息技术股份有限公司","软件/IT服务","深圳 南山","low","低匹配","66.7","大专","2","中/高级软件开发工程师-线上面试","DEVOPS; Python; 问题定位; 版本管理; 系统设计; 数据清洗","DEVOPS; Python; GO","DEVOPS; Python","GO","[{""name"":""匿名项目A-中/高级软件开发工程师-线上面试"",""role"":""核心成员"",""skills"":[""DEVOPS"",""Python"",""问题定位"",""版本管理""],""description"":""围绕目标岗位 中/高级软件开发工程师（Python/Go）-线上面试 的核心能力，完成需求拆解、功能实现、测试验证和文档沉淀。""},{""name"":""企业内部效率工具改造"",""role"":""参与成员"",""skills"":[""Python"",""问题定位"",""版本管理"",""系统设计""],""description"":""参与业务流程梳理、脚本/工具开发、数据处理和问题定位，提升团队交付效率。""}]","{""company"":""匿名科技公司A"",""role"":""中/高级软件开发工程师-线上面试"",""years"":2,""description"":""负责与 软件/IT服务 相关的研发/测试/数据处理工作，主要使用 DEVOPS、Python、问题定位、版本管理、系统设计、数据清洗。""}","候选人编号：R0027。教育背景：大专。工作经验：2 年。目标岗位：中/高级软件开发工程师（Python/Go）-线上面试。核心技能：DEVOPS、Python、问题定位、版本管理、系统设计、数据清洗。项目经历：参与 中/高级软件开发工程师-线上面试 相关项目，围绕 DEVOPS、Python、GO 完成需求分析、开发测试、问题定位与交付文档整理。该样例为匿名/合成简历，不包含真实个人身份信息。","http://www.zhaopin.com/jobdetail/CC385622410J40774498106.htm","2026-06-18T10:42:49Z"
"R0028","匿名候选人028","public_dataset_style","公开匿名数据集风格参考","anonymous_or_synthetic","40862890705","高薪Java/c++/python全额社保/双休16薪","外企德科数字技术有限公司","软件/IT服务","深圳 龙岗","medium","中匹配","66.7","本科","1","高薪Java/c++/python全额社保/","JavaScript; Python; CSS; Spring; Hibernate; Struts; 版本管理; 系统设计","JavaScript; Python; CSS; Spring; Hibernate; Struts; MySQL; PostgreSQL; Oracle","JavaScript; Python; CSS; Spring; Hibernate; Struts","MySQL; PostgreSQL; Oracle","[{""name"":""匿名项目A-高薪Java/c++/python全额社保/"",""role"":""核心成员"",""skills"":[""JavaScript"",""Python"",""CSS"",""Spring""],""description"":""围绕目标岗位 高薪Java/c++/python全额社保/双休16薪 的核心能力，完成需求拆解、功能实现、测试验证和文档沉淀。""},{""name"":""企业内部效率工具改造"",""role"":""参与成员"",""skills"":[""Python"",""CSS"",""Spring"",""Hibernate""],""description"":""参与业务流程梳理、脚本/工具开发、数据处理和问题定位，提升团队交付效率。""}]","{""company"":""匿名科技公司A"",""role"":""高薪Java/c++/python全额社保/"",""years"":1,""description"":""负责与 软件/IT服务 相关的研发/测试/数据处理工作，主要使用 JavaScript、Python、CSS、Spring、Hibernate、Struts、版本管理、系统设计。""}","候选人编号：R0028。教育背景：本科。工作经验：1 年。目标岗位：高薪Java/c++/python全额社保/双休16薪。核心技能：JavaScript、Python、CSS、Spring、Hibernate、Struts、版本管理、系统设计。项目经历：参与 高薪Java/c++/python全额社保/ 相关项目，围绕 JavaScript、Python、CSS、Spring、Hibernate、Struts、MySQL、PostgreSQL、Oracle 完成需求分析、开发测试、问题定位与交付文档整理。该样例为匿名/合成简历，不包含真实个人身份信息。","http://www.zhaopin.com/jobdetail/CCL1480117890J40862890705.htm","2026-06-18T10:42:49Z"
"R0029","匿名候选人029","anonymous_template","人工匿名化样例","anonymous_or_synthetic","40250783712","Python开发工程师","中软国际","软件/IT服务","深圳 龙岗","high","高匹配","87.5","本科","2","Python开发工程师","Python; MySQL; 数据库; SQL; 后端开发; Redis; Selenium; 系统设计; 数据清洗; API 调试","Python; MySQL; 数据库; SQL; 后端开发; Redis; Selenium; SQLAlchemy","Python; MySQL; 数据库; SQL; 后端开发; Redis; Selenium","SQLAlchemy","[{""name"":""匿名项目A-Python开发工程师"",""role"":""核心成员"",""skills"":[""Python"",""MySQL"",""数据库"",""SQL""],""description"":""围绕目标岗位 Python开发工程师 的核心能力，完成需求拆解、功能实现、测试验证和文档沉淀。""},{""name"":""企业内部效率工具改造"",""role"":""参与成员"",""skills"":[""MySQL"",""数据库"",""SQL"",""后端开发""],""description"":""参与业务流程梳理、脚本/工具开发、数据处理和问题定位，提升团队交付效率。""}]","{""company"":""匿名科技公司A"",""role"":""Python开发工程师"",""years"":2,""description"":""负责与 软件/IT服务 相关的研发/测试/数据处理工作，主要使用 Python、MySQL、数据库、SQL、后端开发、Redis、Selenium、系统设计、数据清洗、API 调试。""}","候选人编号：R0029。教育背景：本科。工作经验：2 年。目标岗位：Python开发工程师。核心技能：Python、MySQL、数据库、SQL、后端开发、Redis、Selenium、系统设计、数据清洗、API 调试。项目经历：参与 Python开发工程师 相关项目，围绕 Python、MySQL、数据库、SQL、后端开发、Redis、Selenium、SQLAlchemy 完成需求分析、开发测试、问题定位与交付文档整理。该样例为匿名/合成简历，不包含真实个人身份信息。","http://www.zhaopin.com/jobdetail/CC508620120J40250783712.htm","2026-06-18T10:42:49Z"
"R0030","匿名候选人030","jd_backfilled_synthetic","JD 反向合成","anonymous_or_synthetic","40944281908","Python","深圳新思","软件/IT服务","深圳 南山","medium","中匹配","66.7","本科","3","Python","需求分析; 沟通协作; 数据清洗; API 调试; 团队协作; Git","需求分析; 沟通协作; 文档编写","需求分析; 沟通协作","文档编写","[{""name"":""匿名项目A-Python"",""role"":""核心成员"",""skills"":[""需求分析"",""沟通协作"",""数据清洗"",""API 调试""],""description"":""围绕目标岗位 Python 的核心能力，完成需求拆解、功能实现、测试验证和文档沉淀。""},{""name"":""企业内部效率工具改造"",""role"":""参与成员"",""skills"":[""沟通协作"",""数据清洗"",""API 调试"",""团队协作""],""description"":""参与业务流程梳理、脚本/工具开发、数据处理和问题定位，提升团队交付效率。""}]","{""company"":""匿名科技公司A"",""role"":""Python"",""years"":3,""description"":""负责与 软件/IT服务 相关的研发/测试/数据处理工作，主要使用 需求分析、沟通协作、数据清洗、API 调试、团队协作、Git。""}","候选人编号：R0030。教育背景：本科。工作经验：3 年。目标岗位：Python。核心技能：需求分析、沟通协作、数据清洗、API 调试、团队协作、Git。项目经历：参与 Python 相关项目，围绕 需求分析、沟通协作、文档编写 完成需求分析、开发测试、问题定位与交付文档整理。该样例为匿名/合成简历，不包含真实个人身份信息。","http://www.zhaopin.com/jobdetail/CC469912010J40944281908.htm","2026-06-18T10:42:49Z"
"R0031","匿名候选人031","public_dataset_style","公开匿名数据集风格参考","anonymous_or_synthetic","40858122505","软件开发工程师(JAVA/C++/C/Python/测试)","外企德科数字技术有限公司","软件/IT服务","深圳 龙岗","low","低匹配","66.7","本科","1","软件开发工程师","C语言; Python; API 调试; 团队协作","C语言; Python; Java","C语言; Python","Java","[{""name"":""匿名项目A-软件开发工程师"",""role"":""核心成员"",""skills"":[""C语言"",""Python"",""API 调试"",""团队协作""],""description"":""围绕目标岗位 软件开发工程师(JAVA/C++/C/Python/测试) 的核心能力，完成需求拆解、功能实现、测试验证和文档沉淀。""},{""name"":""企业内部效率工具改造"",""role"":""参与成员"",""skills"":[""Python"",""API 调试"",""团队协作""],""description"":""参与业务流程梳理、脚本/工具开发、数据处理和问题定位，提升团队交付效率。""}]","{""company"":""匿名科技公司A"",""role"":""软件开发工程师"",""years"":1,""description"":""负责与 软件/IT服务 相关的研发/测试/数据处理工作，主要使用 C语言、Python、API 调试、团队协作。""}","候选人编号：R0031。教育背景：本科。工作经验：1 年。目标岗位：软件开发工程师(JAVA/C++/C/Python/测试)。核心技能：C语言、Python、API 调试、团队协作。项目经历：参与 软件开发工程师 相关项目，围绕 C语言、Python、Java 完成需求分析、开发测试、问题定位与交付文档整理。该样例为匿名/合成简历，不包含真实个人身份信息。","http://www.zhaopin.com/jobdetail/CCL1480117890J40858122505.htm","2026-06-18T10:42:49Z"
"R0032","匿名候选人032","anonymous_template","人工匿名化样例","anonymous_or_synthetic","40823827416","python开发工程师（双休 五险一金 ）","拓保软件","软件/IT服务","深圳 福田","medium","中匹配","66.7","本科","3","python开发工程师","Java; Oracle; 团队协作; Git; SQL","Java; Oracle; MySQL","Java; Oracle","MySQL","[{""name"":""匿名项目A-python开发工程师"",""role"":""核心成员"",""skills"":[""Java"",""Oracle"",""团队协作"",""Git""],""description"":""围绕目标岗位 python开发工程师（双休 五险一金 ） 的核心能力，完成需求拆解、功能实现、测试验证和文档沉淀。""},{""name"":""企业内部效率工具改造"",""role"":""参与成员"",""skills"":[""Oracle"",""团队协作"",""Git"",""SQL""],""description"":""参与业务流程梳理、脚本/工具开发、数据处理和问题定位，提升团队交付效率。""}]","{""company"":""匿名科技公司A"",""role"":""python开发工程师"",""years"":3,""description"":""负责与 软件/IT服务 相关的研发/测试/数据处理工作，主要使用 Java、Oracle、团队协作、Git、SQL。""}","候选人编号：R0032。教育背景：本科。工作经验：3 年。目标岗位：python开发工程师（双休 五险一金 ）。核心技能：Java、Oracle、团队协作、Git、SQL。项目经历：参与 python开发工程师 相关项目，围绕 Java、Oracle、MySQL 完成需求分析、开发测试、问题定位与交付文档整理。该样例为匿名/合成简历，不包含真实个人身份信息。","http://www.zhaopin.com/jobdetail/CC157088920J40823827416.htm","2026-06-18T10:42:49Z"
"R0033","匿名候选人033","jd_backfilled_synthetic","JD 反向合成","anonymous_or_synthetic","40781667106","Python全栈开发","深圳市法本信息技术股份有限公司","软件/IT服务","深圳 南山","high","高匹配","100","大专","6","Python全栈开发","前端开发; 后端开发; Python; react; MySQL; Git; SQL; Linux; Excel","前端开发; 后端开发; Python; react; MySQL","前端开发; 后端开发; Python; react; MySQL","","[{""name"":""匿名项目A-Python全栈开发"",""role"":""核心成员"",""skills"":[""前端开发"",""后端开发"",""Python"",""react""],""description"":""围绕目标岗位 Python全栈开发 的核心能力，完成需求拆解、功能实现、测试验证和文档沉淀。""},{""name"":""企业内部效率工具改造"",""role"":""参与成员"",""skills"":[""后端开发"",""Python"",""react"",""MySQL""],""description"":""参与业务流程梳理、脚本/工具开发、数据处理和问题定位，提升团队交付效率。""}]","{""company"":""匿名科技公司A"",""role"":""Python全栈开发"",""years"":6,""description"":""负责与 软件/IT服务 相关的研发/测试/数据处理工作，主要使用 前端开发、后端开发、Python、react、MySQL、Git、SQL、Linux、Excel。""}","候选人编号：R0033。教育背景：大专。工作经验：6 年。目标岗位：Python全栈开发。核心技能：前端开发、后端开发、Python、react、MySQL、Git、SQL、Linux、Excel。项目经历：参与 Python全栈开发 相关项目，围绕 前端开发、后端开发、Python、react、MySQL 完成需求分析、开发测试、问题定位与交付文档整理。该样例为匿名/合成简历，不包含真实个人身份信息。","http://www.zhaopin.com/jobdetail/CC385622410J40781667106.htm","2026-06-18T10:42:49Z"
"R0034","匿名候选人034","public_dataset_style","公开匿名数据集风格参考","anonymous_or_synthetic","40780930505","月薪15-35k/java/c++/python后端开发/","外企德科数字技术有限公司","软件/IT服务","深圳 龙岗","medium","中匹配","100","本科","1","月薪15-35k/java/c++/pyth","JavaScript; Python; SQL; Linux","JavaScript; Python","JavaScript; Python","","[{""name"":""匿名项目A-月薪15-35k/java/c++/pyth"",""role"":""核心成员"",""skills"":[""JavaScript"",""Python"",""SQL"",""Linux""],""description"":""围绕目标岗位 月薪15-35k/java/c++/python后端开发/ 的核心能力，完成需求拆解、功能实现、测试验证和文档沉淀。""},{""name"":""企业内部效率工具改造"",""role"":""参与成员"",""skills"":[""Python"",""SQL"",""Linux""],""description"":""参与业务流程梳理、脚本/工具开发、数据处理和问题定位，提升团队交付效率。""}]","{""company"":""匿名科技公司A"",""role"":""月薪15-35k/java/c++/pyth"",""years"":1,""description"":""负责与 软件/IT服务 相关的研发/测试/数据处理工作，主要使用 JavaScript、Python、SQL、Linux。""}","候选人编号：R0034。教育背景：本科。工作经验：1 年。目标岗位：月薪15-35k/java/c++/python后端开发/。核心技能：JavaScript、Python、SQL、Linux。项目经历：参与 月薪15-35k/java/c++/pyth 相关项目，围绕 JavaScript、Python 完成需求分析、开发测试、问题定位与交付文档整理。该样例为匿名/合成简历，不包含真实个人身份信息。","http://www.zhaopin.com/jobdetail/CCL1480117890J40780930505.htm","2026-06-18T10:42:49Z"
"R0035","匿名候选人035","anonymous_template","人工匿名化样例","anonymous_or_synthetic","40769864516","python装备测试开发","软通动力信息技术(集团)股份有限公司","软件/IT服务","深圳 龙岗","low","低匹配","50","本科","1","python装备测试开发","Python; Linux; Excel; 需求分析","Python; PYTHON装备开发","Python","PYTHON装备开发","[{""name"":""匿名项目A-python装备测试开发"",""role"":""核心成员"",""skills"":[""Python"",""Linux"",""Excel"",""需求分析""],""description"":""围绕目标岗位 python装备测试开发 的核心能力，完成需求拆解、功能实现、测试验证和文档沉淀。""},{""name"":""企业内部效率工具改造"",""role"":""参与成员"",""skills"":[""Linux"",""Excel"",""需求分析""],""description"":""参与业务流程梳理、脚本/工具开发、数据处理和问题定位，提升团队交付效率。""}]","{""company"":""匿名科技公司A"",""role"":""python装备测试开发"",""years"":1,""description"":""负责与 软件/IT服务 相关的研发/测试/数据处理工作，主要使用 Python、Linux、Excel、需求分析。""}","候选人编号：R0035。教育背景：本科。工作经验：1 年。目标岗位：python装备测试开发。核心技能：Python、Linux、Excel、需求分析。项目经历：参与 python装备测试开发 相关项目，围绕 Python、PYTHON装备开发 完成需求分析、开发测试、问题定位与交付文档整理。该样例为匿名/合成简历，不包含真实个人身份信息。","http://www.zhaopin.com/jobdetail/CC000544460J40769864516.htm","2026-06-18T10:42:49Z"
"R0036","匿名候选人036","jd_backfilled_synthetic","JD 反向合成","anonymous_or_synthetic","40911793312","ros开发工程师 （python）","深圳市大象机器人科技有限公司","通用设备制造","深圳 福田","medium","中匹配","75","本科","1","ros开发工程师 ","Python; ISAAC SIM; ISAAC LAB; Excel; 需求分析; 文档编写; 沟通协作","Python; ISAAC SIM; ISAAC LAB; ROS","Python; ISAAC SIM; ISAAC LAB","ROS","[{""name"":""匿名项目A-ros开发工程师 "",""role"":""核心成员"",""skills"":[""Python"",""ISAAC SIM"",""ISAAC LAB"",""Excel""],""description"":""围绕目标岗位 ros开发工程师 （python） 的核心能力，完成需求拆解、功能实现、测试验证和文档沉淀。""},{""name"":""企业内部效率工具改造"",""role"":""参与成员"",""skills"":[""ISAAC SIM"",""ISAAC LAB"",""Excel"",""需求分析""],""description"":""参与业务流程梳理、脚本/工具开发、数据处理和问题定位，提升团队交付效率。""}]","{""company"":""匿名科技公司A"",""role"":""ros开发工程师 "",""years"":1,""description"":""负责与 通用设备制造 相关的研发/测试/数据处理工作，主要使用 Python、ISAAC SIM、ISAAC LAB、Excel、需求分析、文档编写、沟通协作。""}","候选人编号：R0036。教育背景：本科。工作经验：1 年。目标岗位：ros开发工程师 （python）。核心技能：Python、ISAAC SIM、ISAAC LAB、Excel、需求分析、文档编写、沟通协作。项目经历：参与 ros开发工程师  相关项目，围绕 Python、ISAAC SIM、ISAAC LAB、ROS 完成需求分析、开发测试、问题定位与交付文档整理。该样例为匿名/合成简历，不包含真实个人身份信息。","http://www.zhaopin.com/jobdetail/CC574316530J40911793312.htm","2026-06-18T10:42:49Z"
"R0037","匿名候选人037","public_dataset_style","公开匿名数据集风格参考","anonymous_or_synthetic","40612200305","Java/python/JS/GO/算法/测试/c ++","外企德科数字技术有限公司","软件/IT服务","深圳 龙岗","high","高匹配","100","本科","2","Java/python/JS/GO/算法/测","Python; C++; C; 测试; Java; GO; 需求分析; 文档编写","Python; C++; C; 测试; Java; GO","Python; C++; C; 测试; Java; GO","","[{""name"":""匿名项目A-Java/python/JS/GO/算法/测"",""role"":""核心成员"",""skills"":[""Python"",""C++"",""C"",""测试""],""description"":""围绕目标岗位 Java/python/JS/GO/算法/测试/c ++ 的核心能力，完成需求拆解、功能实现、测试验证和文档沉淀。""},{""name"":""企业内部效率工具改造"",""role"":""参与成员"",""skills"":[""C++"",""C"",""测试"",""Java""],""description"":""参与业务流程梳理、脚本/工具开发、数据处理和问题定位，提升团队交付效率。""}]","{""company"":""匿名科技公司A"",""role"":""Java/python/JS/GO/算法/测"",""years"":2,""description"":""负责与 软件/IT服务 相关的研发/测试/数据处理工作，主要使用 Python、C++、C、测试、Java、GO、需求分析、文档编写。""}","候选人编号：R0037。教育背景：本科。工作经验：2 年。目标岗位：Java/python/JS/GO/算法/测试/c ++。核心技能：Python、C++、C、测试、Java、GO、需求分析、文档编写。项目经历：参与 Java/python/JS/GO/算法/测 相关项目，围绕 Python、C++、C、测试、Java、GO 完成需求分析、开发测试、问题定位与交付文档整理。该样例为匿名/合成简历，不包含真实个人身份信息。","http://www.zhaopin.com/jobdetail/CCL1480117890J40612200305.htm","2026-06-18T10:42:49Z"
"R0038","匿名候选人038","anonymous_template","人工匿名化样例","anonymous_or_synthetic","40823240716","python测试","软通动力信息技术(集团)股份有限公司","软件/IT服务","深圳 南山","medium","中匹配","60","本科","1","python测试","Python; 测试开发; 接口自动化测试; 文档编写; 沟通协作; 单元测试","Python; 测试开发; 接口自动化测试; UI自动化测试; 移动端自动化测试","Python; 测试开发; 接口自动化测试","UI自动化测试; 移动端自动化测试","[{""name"":""匿名项目A-python测试"",""role"":""核心成员"",""skills"":[""Python"",""测试开发"",""接口自动化测试"",""文档编写""],""description"":""围绕目标岗位 python测试 的核心能力，完成需求拆解、功能实现、测试验证和文档沉淀。""},{""name"":""企业内部效率工具改造"",""role"":""参与成员"",""skills"":[""测试开发"",""接口自动化测试"",""文档编写"",""沟通协作""],""description"":""参与业务流程梳理、脚本/工具开发、数据处理和问题定位，提升团队交付效率。""}]","{""company"":""匿名科技公司A"",""role"":""python测试"",""years"":1,""description"":""负责与 软件/IT服务 相关的研发/测试/数据处理工作，主要使用 Python、测试开发、接口自动化测试、文档编写、沟通协作、单元测试。""}","候选人编号：R0038。教育背景：本科。工作经验：1 年。目标岗位：python测试。核心技能：Python、测试开发、接口自动化测试、文档编写、沟通协作、单元测试。项目经历：参与 python测试 相关项目，围绕 Python、测试开发、接口自动化测试、UI自动化测试、移动端自动化测试 完成需求分析、开发测试、问题定位与交付文档整理。该样例为匿名/合成简历，不包含真实个人身份信息。","http://www.zhaopin.com/jobdetail/CC000544460J40823240716.htm","2026-06-18T10:42:49Z"
"R0039","匿名候选人039","jd_backfilled_synthetic","JD 反向合成","anonymous_or_synthetic","40781090906","后端开发(python)","新拓尼克科技研发中心 / Syntronic Beijing R&D Center","通信运营商/电信增值服务","深圳 南山","low","低匹配","100","大专","4","后端开发","MySQL; 沟通协作; 单元测试; 数据分析; 接口测试","MySQL","MySQL","","[{""name"":""匿名项目A-后端开发"",""role"":""核心成员"",""skills"":[""MySQL"",""沟通协作"",""单元测试"",""数据分析""],""description"":""围绕目标岗位 后端开发(python) 的核心能力，完成需求拆解、功能实现、测试验证和文档沉淀。""},{""name"":""企业内部效率工具改造"",""role"":""参与成员"",""skills"":[""沟通协作"",""单元测试"",""数据分析"",""接口测试""],""description"":""参与业务流程梳理、脚本/工具开发、数据处理和问题定位，提升团队交付效率。""}]","{""company"":""匿名科技公司A"",""role"":""后端开发"",""years"":4,""description"":""负责与 通信运营商/电信增值服务 相关的研发/测试/数据处理工作，主要使用 MySQL、沟通协作、单元测试、数据分析、接口测试。""}","候选人编号：R0039。教育背景：大专。工作经验：4 年。目标岗位：后端开发(python)。核心技能：MySQL、沟通协作、单元测试、数据分析、接口测试。项目经历：参与 后端开发 相关项目，围绕 MySQL 完成需求分析、开发测试、问题定位与交付文档整理。该样例为匿名/合成简历，不包含真实个人身份信息。","http://www.zhaopin.com/jobdetail/CC134310320J40781090906.htm","2026-06-18T10:42:49Z"
"R0040","匿名候选人040","public_dataset_style","公开匿名数据集风格参考","anonymous_or_synthetic","40775572705","Java/Python/C/C++/Web/测试工程师","外企德科数字技术有限公司","软件/IT服务","深圳 龙岗","medium","中匹配","63.6","本科","1","Java/Python/C/C++/Web/","JavaScript; C++; Spring; C; Mybatis; MySQL; Redis; 单元测试; 数据分析","JavaScript; C++; Spring; C; Mybatis; MySQL; Redis; PostgreSQL; 健身房; 年终奖; 下午茶零食","JavaScript; C++; Spring; C; Mybatis; MySQL; Redis","PostgreSQL; 健身房; 年终奖; 下午茶零食","[{""name"":""匿名项目A-Java/Python/C/C++/Web/"",""role"":""核心成员"",""skills"":[""JavaScript"",""C++"",""Spring"",""C""],""description"":""围绕目标岗位 Java/Python/C/C++/Web/测试工程师 的核心能力，完成需求拆解、功能实现、测试验证和文档沉淀。""},{""name"":""企业内部效率工具改造"",""role"":""参与成员"",""skills"":[""C++"",""Spring"",""C"",""Mybatis""],""description"":""参与业务流程梳理、脚本/工具开发、数据处理和问题定位，提升团队交付效率。""}]","{""company"":""匿名科技公司A"",""role"":""Java/Python/C/C++/Web/"",""years"":1,""description"":""负责与 软件/IT服务 相关的研发/测试/数据处理工作，主要使用 JavaScript、C++、Spring、C、Mybatis、MySQL、Redis、单元测试、数据分析。""}","候选人编号：R0040。教育背景：本科。工作经验：1 年。目标岗位：Java/Python/C/C++/Web/测试工程师。核心技能：JavaScript、C++、Spring、C、Mybatis、MySQL、Redis、单元测试、数据分析。项目经历：参与 Java/Python/C/C++/Web/ 相关项目，围绕 JavaScript、C++、Spring、C、Mybatis、MySQL、Redis、PostgreSQL、健身房、年终奖、下午茶零食 完成需求分析、开发测试、问题定位与交付文档整理。该样例为匿名/合成简历，不包含真实个人身份信息。","http://www.zhaopin.com/jobdetail/CCL1480117890J40775572705.htm","2026-06-18T10:42:49Z"
"R0041","匿名候选人041","anonymous_template","人工匿名化样例","anonymous_or_synthetic","40847485511","python工程师/算法工程师","重庆软维科技有限公司","互联网医疗","深圳 南山 科技园","high","高匹配","100","本科","4","python工程师/算法工程师","MongoDB; MySQL; PostgreSQL; Flask; Django; 数据分析; 接口测试; 问题定位","MongoDB; MySQL; PostgreSQL; Flask; Django","MongoDB; MySQL; PostgreSQL; Flask; Django","","[{""name"":""匿名项目A-python工程师/算法工程师"",""role"":""核心成员"",""skills"":[""MongoDB"",""MySQL"",""PostgreSQL"",""Flask""],""description"":""围绕目标岗位 python工程师/算法工程师 的核心能力，完成需求拆解、功能实现、测试验证和文档沉淀。""},{""name"":""企业内部效率工具改造"",""role"":""参与成员"",""skills"":[""MySQL"",""PostgreSQL"",""Flask"",""Django""],""description"":""参与业务流程梳理、脚本/工具开发、数据处理和问题定位，提升团队交付效率。""}]","{""company"":""匿名科技公司A"",""role"":""python工程师/算法工程师"",""years"":4,""description"":""负责与 互联网医疗 相关的研发/测试/数据处理工作，主要使用 MongoDB、MySQL、PostgreSQL、Flask、Django、数据分析、接口测试、问题定位。""}","候选人编号：R0041。教育背景：本科。工作经验：4 年。目标岗位：python工程师/算法工程师。核心技能：MongoDB、MySQL、PostgreSQL、Flask、Django、数据分析、接口测试、问题定位。项目经历：参与 python工程师/算法工程师 相关项目，围绕 MongoDB、MySQL、PostgreSQL、Flask、Django 完成需求分析、开发测试、问题定位与交付文档整理。该样例为匿名/合成简历，不包含真实个人身份信息。","http://www.zhaopin.com/jobdetail/CC447211930J40847485511.htm","2026-06-18T10:42:49Z"
"R0042","匿名候选人042","jd_backfilled_synthetic","JD 反向合成","anonymous_or_synthetic","40556038816","python","软通动力信息技术(集团)股份有限公司","软件/IT服务","深圳 龙岗","medium","中匹配","100","本科","3","python","Flask; Python; 接口测试; 问题定位; 版本管理; 系统设计","Flask; Python","Flask; Python","","[{""name"":""匿名项目A-python"",""role"":""核心成员"",""skills"":[""Flask"",""Python"",""接口测试"",""问题定位""],""description"":""围绕目标岗位 python 的核心能力，完成需求拆解、功能实现、测试验证和文档沉淀。""},{""name"":""企业内部效率工具改造"",""role"":""参与成员"",""skills"":[""Python"",""接口测试"",""问题定位"",""版本管理""],""description"":""参与业务流程梳理、脚本/工具开发、数据处理和问题定位，提升团队交付效率。""}]","{""company"":""匿名科技公司A"",""role"":""python"",""years"":3,""description"":""负责与 软件/IT服务 相关的研发/测试/数据处理工作，主要使用 Flask、Python、接口测试、问题定位、版本管理、系统设计。""}","候选人编号：R0042。教育背景：本科。工作经验：3 年。目标岗位：python。核心技能：Flask、Python、接口测试、问题定位、版本管理、系统设计。项目经历：参与 python 相关项目，围绕 Flask、Python 完成需求分析、开发测试、问题定位与交付文档整理。该样例为匿名/合成简历，不包含真实个人身份信息。","http://www.zhaopin.com/jobdetail/CC000544460J40556038816.htm","2026-06-18T10:42:49Z"
"R0043","匿名候选人043","public_dataset_style","公开匿名数据集风格参考","anonymous_or_synthetic","40865336805","C/C++/JAVA/Python/大数据/AI/开发（一二线城市均有岗位需求）","外企德科数字技术有限公司","软件/IT服务","深圳 龙岗","low","低匹配","66.7","本科","1","C/C++/JAVA/Python/大数据/","C++; Python; 问题定位; 版本管理","C++; Python; C#","C++; Python","C#","[{""name"":""匿名项目A-C/C++/JAVA/Python/大数据/"",""role"":""核心成员"",""skills"":[""C++"",""Python"",""问题定位"",""版本管理""],""description"":""围绕目标岗位 C/C++/JAVA/Python/大数据/AI/开发（一二线城市均有岗位需求） 的核心能力，完成需求拆解、功能实现、测试验证和文档沉淀。""},{""name"":""企业内部效率工具改造"",""role"":""参与成员"",""skills"":[""Python"",""问题定位"",""版本管理""],""description"":""参与业务流程梳理、脚本/工具开发、数据处理和问题定位，提升团队交付效率。""}]","{""company"":""匿名科技公司A"",""role"":""C/C++/JAVA/Python/大数据/"",""years"":1,""description"":""负责与 软件/IT服务 相关的研发/测试/数据处理工作，主要使用 C++、Python、问题定位、版本管理。""}","候选人编号：R0043。教育背景：本科。工作经验：1 年。目标岗位：C/C++/JAVA/Python/大数据/AI/开发（一二线城市均有岗位需求）。核心技能：C++、Python、问题定位、版本管理。项目经历：参与 C/C++/JAVA/Python/大数据/ 相关项目，围绕 C++、Python、C# 完成需求分析、开发测试、问题定位与交付文档整理。该样例为匿名/合成简历，不包含真实个人身份信息。","http://www.zhaopin.com/jobdetail/CCL1480117890J40865336805.htm","2026-06-18T10:42:49Z"
"R0044","匿名候选人044","anonymous_template","人工匿名化样例","anonymous_or_synthetic","40847914611","Python开发工程师 （智能体 / Agent方向）","牧原食品集团股份有限公司","畜牧业","深圳 南山","medium","中匹配","66.7","本科","5","Python开发工程师 ","需求分析; 沟通协作; 版本管理; 系统设计; 数据清洗","需求分析; 沟通协作; 文档编写","需求分析; 沟通协作","文档编写","[{""name"":""匿名项目A-Python开发工程师 "",""role"":""核心成员"",""skills"":[""需求分析"",""沟通协作"",""版本管理"",""系统设计""],""description"":""围绕目标岗位 Python开发工程师 （智能体 / Agent方向） 的核心能力，完成需求拆解、功能实现、测试验证和文档沉淀。""},{""name"":""企业内部效率工具改造"",""role"":""参与成员"",""skills"":[""沟通协作"",""版本管理"",""系统设计"",""数据清洗""],""description"":""参与业务流程梳理、脚本/工具开发、数据处理和问题定位，提升团队交付效率。""}]","{""company"":""匿名科技公司A"",""role"":""Python开发工程师 "",""years"":5,""description"":""负责与 畜牧业 相关的研发/测试/数据处理工作，主要使用 需求分析、沟通协作、版本管理、系统设计、数据清洗。""}","候选人编号：R0044。教育背景：本科。工作经验：5 年。目标岗位：Python开发工程师 （智能体 / Agent方向）。核心技能：需求分析、沟通协作、版本管理、系统设计、数据清洗。项目经历：参与 Python开发工程师  相关项目，围绕 需求分析、沟通协作、文档编写 完成需求分析、开发测试、问题定位与交付文档整理。该样例为匿名/合成简历，不包含真实个人身份信息。","http://www.zhaopin.com/jobdetail/CC495147320J40847914611.htm","2026-06-18T10:42:49Z"
"R0045","匿名候选人045","jd_backfilled_synthetic","JD 反向合成","anonymous_or_synthetic","40572358716","python开发工程师","软通动力信息技术(集团)股份有限公司","软件/IT服务","深圳 龙岗","high","高匹配","100","本科","4","python开发工程师","Python; 设备; 装备测试开发; 系统设计; 数据清洗; API 调试; 团队协作","Python; 设备; 装备测试开发","Python; 设备; 装备测试开发","","[{""name"":""匿名项目A-python开发工程师"",""role"":""核心成员"",""skills"":[""Python"",""设备"",""装备测试开发"",""系统设计""],""description"":""围绕目标岗位 python开发工程师 的核心能力，完成需求拆解、功能实现、测试验证和文档沉淀。""},{""name"":""企业内部效率工具改造"",""role"":""参与成员"",""skills"":[""设备"",""装备测试开发"",""系统设计"",""数据清洗""],""description"":""参与业务流程梳理、脚本/工具开发、数据处理和问题定位，提升团队交付效率。""}]","{""company"":""匿名科技公司A"",""role"":""python开发工程师"",""years"":4,""description"":""负责与 软件/IT服务 相关的研发/测试/数据处理工作，主要使用 Python、设备、装备测试开发、系统设计、数据清洗、API 调试、团队协作。""}","候选人编号：R0045。教育背景：本科。工作经验：4 年。目标岗位：python开发工程师。核心技能：Python、设备、装备测试开发、系统设计、数据清洗、API 调试、团队协作。项目经历：参与 python开发工程师 相关项目，围绕 Python、设备、装备测试开发 完成需求分析、开发测试、问题定位与交付文档整理。该样例为匿名/合成简历，不包含真实个人身份信息。","http://www.zhaopin.com/jobdetail/CC000544460J40572358716.htm","2026-06-18T10:42:49Z"
"R0046","匿名候选人046","public_dataset_style","公开匿名数据集风格参考","anonymous_or_synthetic","40813280205","JAVA/C++/C/Python 14薪双休 应届生可投","外企德科数字技术有限公司","软件/IT服务","深圳 福田","medium","中匹配","66.7","本科","1","JAVA/C++/C/Python 14薪双","C++; Python; JavaScript; Spring; Hibernate; Struts; 数据清洗; API 调试","C++; Python; JavaScript; Spring; Hibernate; Struts; MySQL; Oracle; PostgreSQL","C++; Python; JavaScript; Spring; Hibernate; Struts","MySQL; Oracle; PostgreSQL","[{""name"":""匿名项目A-JAVA/C++/C/Python 14薪双"",""role"":""核心成员"",""skills"":[""C++"",""Python"",""JavaScript"",""Spring""],""description"":""围绕目标岗位 JAVA/C++/C/Python 14薪双休 应届生可投 的核心能力，完成需求拆解、功能实现、测试验证和文档沉淀。""},{""name"":""企业内部效率工具改造"",""role"":""参与成员"",""skills"":[""Python"",""JavaScript"",""Spring"",""Hibernate""],""description"":""参与业务流程梳理、脚本/工具开发、数据处理和问题定位，提升团队交付效率。""}]","{""company"":""匿名科技公司A"",""role"":""JAVA/C++/C/Python 14薪双"",""years"":1,""description"":""负责与 软件/IT服务 相关的研发/测试/数据处理工作，主要使用 C++、Python、JavaScript、Spring、Hibernate、Struts、数据清洗、API 调试。""}","候选人编号：R0046。教育背景：本科。工作经验：1 年。目标岗位：JAVA/C++/C/Python 14薪双休 应届生可投。核心技能：C++、Python、JavaScript、Spring、Hibernate、Struts、数据清洗、API 调试。项目经历：参与 JAVA/C++/C/Python 14薪双 相关项目，围绕 C++、Python、JavaScript、Spring、Hibernate、Struts、MySQL、Oracle、PostgreSQL 完成需求分析、开发测试、问题定位与交付文档整理。该样例为匿名/合成简历，不包含真实个人身份信息。","http://www.zhaopin.com/jobdetail/CCL1480117890J40813280205.htm","2026-06-18T10:42:49Z"
"R0047","匿名候选人047","anonymous_template","人工匿名化样例","anonymous_or_synthetic","40854854911","python后端开发工程师（现场面试）","深圳建广数字科技有限公司青岛分公司","软件/IT服务","深圳 南山 大冲","low","低匹配","66.7","本科","4","python后端开发工程师","Java; MySQL; API 调试; 团队协作; Git","Java; MySQL; Python","Java; MySQL","Python","[{""name"":""匿名项目A-python后端开发工程师"",""role"":""核心成员"",""skills"":[""Java"",""MySQL"",""API 调试"",""团队协作""],""description"":""围绕目标岗位 python后端开发工程师（现场面试） 的核心能力，完成需求拆解、功能实现、测试验证和文档沉淀。""},{""name"":""企业内部效率工具改造"",""role"":""参与成员"",""skills"":[""MySQL"",""API 调试"",""团队协作"",""Git""],""description"":""参与业务流程梳理、脚本/工具开发、数据处理和问题定位，提升团队交付效率。""}]","{""company"":""匿名科技公司A"",""role"":""python后端开发工程师"",""years"":4,""description"":""负责与 软件/IT服务 相关的研发/测试/数据处理工作，主要使用 Java、MySQL、API 调试、团队协作、Git。""}","候选人编号：R0047。教育背景：本科。工作经验：4 年。目标岗位：python后端开发工程师（现场面试）。核心技能：Java、MySQL、API 调试、团队协作、Git。项目经历：参与 python后端开发工程师 相关项目，围绕 Java、MySQL、Python 完成需求分析、开发测试、问题定位与交付文档整理。该样例为匿名/合成简历，不包含真实个人身份信息。","http://www.zhaopin.com/jobdetail/CCL1320891960J40854854911.htm","2026-06-18T10:42:49Z"
"R0048","匿名候选人048","jd_backfilled_synthetic","JD 反向合成","anonymous_or_synthetic","40821404416","python开发工程师","软通动力信息技术(集团)股份有限公司","软件/IT服务","深圳 龙岗","medium","中匹配","75","本科","3","python开发工程师","SQL; MySQL; Python; 团队协作; Git; Linux","SQL; MySQL; Python; 核心开发","SQL; MySQL; Python","核心开发","[{""name"":""匿名项目A-python开发工程师"",""role"":""核心成员"",""skills"":[""SQL"",""MySQL"",""Python"",""团队协作""],""description"":""围绕目标岗位 python开发工程师 的核心能力，完成需求拆解、功能实现、测试验证和文档沉淀。""},{""name"":""企业内部效率工具改造"",""role"":""参与成员"",""skills"":[""MySQL"",""Python"",""团队协作"",""Git""],""description"":""参与业务流程梳理、脚本/工具开发、数据处理和问题定位，提升团队交付效率。""}]","{""company"":""匿名科技公司A"",""role"":""python开发工程师"",""years"":3,""description"":""负责与 软件/IT服务 相关的研发/测试/数据处理工作，主要使用 SQL、MySQL、Python、团队协作、Git、Linux。""}","候选人编号：R0048。教育背景：本科。工作经验：3 年。目标岗位：python开发工程师。核心技能：SQL、MySQL、Python、团队协作、Git、Linux。项目经历：参与 python开发工程师 相关项目，围绕 SQL、MySQL、Python、核心开发 完成需求分析、开发测试、问题定位与交付文档整理。该样例为匿名/合成简历，不包含真实个人身份信息。","http://www.zhaopin.com/jobdetail/CC000544460J40821404416.htm","2026-06-18T10:42:49Z"
"R0049","匿名候选人049","public_dataset_style","公开匿名数据集风格参考","anonymous_or_synthetic","40858640805","C/C++/Java/JS/Python软开（接受应届）","外企德科数字技术有限公司","软件/IT服务","深圳 龙岗","high","高匹配","100","本科","2","C/C++/Java/JS/Python软开","Java; Python; Git; SQL","Java; Python","Java; Python","","[{""name"":""匿名项目A-C/C++/Java/JS/Python软开"",""role"":""核心成员"",""skills"":[""Java"",""Python"",""Git"",""SQL""],""description"":""围绕目标岗位 C/C++/Java/JS/Python软开（接受应届） 的核心能力，完成需求拆解、功能实现、测试验证和文档沉淀。""},{""name"":""企业内部效率工具改造"",""role"":""参与成员"",""skills"":[""Python"",""Git"",""SQL""],""description"":""参与业务流程梳理、脚本/工具开发、数据处理和问题定位，提升团队交付效率。""}]","{""company"":""匿名科技公司A"",""role"":""C/C++/Java/JS/Python软开"",""years"":2,""description"":""负责与 软件/IT服务 相关的研发/测试/数据处理工作，主要使用 Java、Python、Git、SQL。""}","候选人编号：R0049。教育背景：本科。工作经验：2 年。目标岗位：C/C++/Java/JS/Python软开（接受应届）。核心技能：Java、Python、Git、SQL。项目经历：参与 C/C++/Java/JS/Python软开 相关项目，围绕 Java、Python 完成需求分析、开发测试、问题定位与交付文档整理。该样例为匿名/合成简历，不包含真实个人身份信息。","http://www.zhaopin.com/jobdetail/CCL1480117890J40858640805.htm","2026-06-18T10:42:49Z"
"R0050","匿名候选人050","anonymous_template","人工匿名化样例","anonymous_or_synthetic","40854328011","Python（现场面试，长期项目）","深圳建广数字科技有限公司青岛分公司","软件/IT服务","深圳 南山 大冲","medium","中匹配","75","本科","3","Python","Java; Django; MySQL; SQL; Linux; Excel","Java; Django; MySQL; Python","Java; Django; MySQL","Python","[{""name"":""匿名项目A-Python"",""role"":""核心成员"",""skills"":[""Java"",""Django"",""MySQL"",""SQL""],""description"":""围绕目标岗位 Python（现场面试，长期项目） 的核心能力，完成需求拆解、功能实现、测试验证和文档沉淀。""},{""name"":""企业内部效率工具改造"",""role"":""参与成员"",""skills"":[""Django"",""MySQL"",""SQL"",""Linux""],""description"":""参与业务流程梳理、脚本/工具开发、数据处理和问题定位，提升团队交付效率。""}]","{""company"":""匿名科技公司A"",""role"":""Python"",""years"":3,""description"":""负责与 软件/IT服务 相关的研发/测试/数据处理工作，主要使用 Java、Django、MySQL、SQL、Linux、Excel。""}","候选人编号：R0050。教育背景：本科。工作经验：3 年。目标岗位：Python（现场面试，长期项目）。核心技能：Java、Django、MySQL、SQL、Linux、Excel。项目经历：参与 Python 相关项目，围绕 Java、Django、MySQL、Python 完成需求分析、开发测试、问题定位与交付文档整理。该样例为匿名/合成简历，不包含真实个人身份信息。","http://www.zhaopin.com/jobdetail/CCL1320891960J40854328011.htm","2026-06-18T10:42:49Z"
"R0051","匿名候选人051","jd_backfilled_synthetic","JD 反向合成","anonymous_or_synthetic","40259414016","python","软通动力信息技术(集团)股份有限公司","软件/IT服务","深圳 龙岗","low","低匹配","100","本科","1","python","Python; Linux; Excel; 需求分析; 文档编写","Python","Python","","[{""name"":""匿名项目A-python"",""role"":""核心成员"",""skills"":[""Python"",""Linux"",""Excel"",""需求分析""],""description"":""围绕目标岗位 python 的核心能力，完成需求拆解、功能实现、测试验证和文档沉淀。""},{""name"":""企业内部效率工具改造"",""role"":""参与成员"",""skills"":[""Linux"",""Excel"",""需求分析"",""文档编写""],""description"":""参与业务流程梳理、脚本/工具开发、数据处理和问题定位，提升团队交付效率。""}]","{""company"":""匿名科技公司A"",""role"":""python"",""years"":1,""description"":""负责与 软件/IT服务 相关的研发/测试/数据处理工作，主要使用 Python、Linux、Excel、需求分析、文档编写。""}","候选人编号：R0051。教育背景：本科。工作经验：1 年。目标岗位：python。核心技能：Python、Linux、Excel、需求分析、文档编写。项目经历：参与 python 相关项目，围绕 Python 完成需求分析、开发测试、问题定位与交付文档整理。该样例为匿名/合成简历，不包含真实个人身份信息。","http://www.zhaopin.com/jobdetail/CC000544460J40259414016.htm","2026-06-18T10:42:49Z"
"R0052","匿名候选人052","public_dataset_style","公开匿名数据集风格参考","anonymous_or_synthetic","40839721405","通用软件开发（Java/Python/JS/GO/C/C++）","外企德科数字技术有限公司","软件/IT服务","深圳 龙岗","medium","中匹配","66.7","本科","1","通用软件开发","C语言; Java; Excel; 需求分析","C语言; Java; Python","C语言; Java","Python","[{""name"":""匿名项目A-通用软件开发"",""role"":""核心成员"",""skills"":[""C语言"",""Java"",""Excel"",""需求分析""],""description"":""围绕目标岗位 通用软件开发（Java/Python/JS/GO/C/C++） 的核心能力，完成需求拆解、功能实现、测试验证和文档沉淀。""},{""name"":""企业内部效率工具改造"",""role"":""参与成员"",""skills"":[""Java"",""Excel"",""需求分析""],""description"":""参与业务流程梳理、脚本/工具开发、数据处理和问题定位，提升团队交付效率。""}]","{""company"":""匿名科技公司A"",""role"":""通用软件开发"",""years"":1,""description"":""负责与 软件/IT服务 相关的研发/测试/数据处理工作，主要使用 C语言、Java、Excel、需求分析。""}","候选人编号：R0052。教育背景：本科。工作经验：1 年。目标岗位：通用软件开发（Java/Python/JS/GO/C/C++）。核心技能：C语言、Java、Excel、需求分析。项目经历：参与 通用软件开发 相关项目，围绕 C语言、Java、Python 完成需求分析、开发测试、问题定位与交付文档整理。该样例为匿名/合成简历，不包含真实个人身份信息。","http://www.zhaopin.com/jobdetail/CCL1480117890J40839721405.htm","2026-06-18T10:42:49Z"
"R0053","匿名候选人053","anonymous_template","人工匿名化样例","anonymous_or_synthetic","40887116213","Python自动化/嵌入式","湖南拓维云创科技有限责任公司","新能源/燃油整车研发制造","深圳 龙岗","high","高匹配","100","本科","4","Python自动化/嵌入式","C++; C语言; Python; 需求分析; 文档编写; 沟通协作","C++; C语言; Python","C++; C语言; Python","","[{""name"":""匿名项目A-Python自动化/嵌入式"",""role"":""核心成员"",""skills"":[""C++"",""C语言"",""Python"",""需求分析""],""description"":""围绕目标岗位 Python自动化/嵌入式 的核心能力，完成需求拆解、功能实现、测试验证和文档沉淀。""},{""name"":""企业内部效率工具改造"",""role"":""参与成员"",""skills"":[""C语言"",""Python"",""需求分析"",""文档编写""],""description"":""参与业务流程梳理、脚本/工具开发、数据处理和问题定位，提升团队交付效率。""}]","{""company"":""匿名科技公司A"",""role"":""Python自动化/嵌入式"",""years"":4,""description"":""负责与 新能源/燃油整车研发制造 相关的研发/测试/数据处理工作，主要使用 C++、C语言、Python、需求分析、文档编写、沟通协作。""}","候选人编号：R0053。教育背景：本科。工作经验：4 年。目标岗位：Python自动化/嵌入式。核心技能：C++、C语言、Python、需求分析、文档编写、沟通协作。项目经历：参与 Python自动化/嵌入式 相关项目，围绕 C++、C语言、Python 完成需求分析、开发测试、问题定位与交付文档整理。该样例为匿名/合成简历，不包含真实个人身份信息。","http://www.zhaopin.com/jobdetail/CC889005020J40887116213.htm","2026-06-18T10:42:49Z"
"R0054","匿名候选人054","jd_backfilled_synthetic","JD 反向合成","anonymous_or_synthetic","40697980016","python测试工程师（收初中级 支持开发和运维转 HW AI项目外包）","软通动力信息技术(集团)股份有限公司","软件/IT服务","深圳 龙岗 坂田","medium","中匹配","75","本科","1","python测试工程师","Python; Linux; 测试开发; 文档编写; 沟通协作; 单元测试; 数据分析","Python; Linux; 测试开发; MySQL","Python; Linux; 测试开发","MySQL","[{""name"":""匿名项目A-python测试工程师"",""role"":""核心成员"",""skills"":[""Python"",""Linux"",""测试开发"",""文档编写""],""description"":""围绕目标岗位 python测试工程师（收初中级 支持开发和运维转 HW AI项目外包） 的核心能力，完成需求拆解、功能实现、测试验证和文档沉淀。""},{""name"":""企业内部效率工具改造"",""role"":""参与成员"",""skills"":[""Linux"",""测试开发"",""文档编写"",""沟通协作""],""description"":""参与业务流程梳理、脚本/工具开发、数据处理和问题定位，提升团队交付效率。""}]","{""company"":""匿名科技公司A"",""role"":""python测试工程师"",""years"":1,""description"":""负责与 软件/IT服务 相关的研发/测试/数据处理工作，主要使用 Python、Linux、测试开发、文档编写、沟通协作、单元测试、数据分析。""}","候选人编号：R0054。教育背景：本科。工作经验：1 年。目标岗位：python测试工程师（收初中级 支持开发和运维转 HW AI项目外包）。核心技能：Python、Linux、测试开发、文档编写、沟通协作、单元测试、数据分析。项目经历：参与 python测试工程师 相关项目，围绕 Python、Linux、测试开发、MySQL 完成需求分析、开发测试、问题定位与交付文档整理。该样例为匿名/合成简历，不包含真实个人身份信息。","http://www.zhaopin.com/jobdetail/CC000544460J40697980016.htm","2026-06-18T10:42:49Z"
"R0055","匿名候选人055","public_dataset_style","公开匿名数据集风格参考","anonymous_or_synthetic","40836813105","java/Python/C/C++/JS/AI算法/软件测试","外企德科数字技术有限公司","软件/IT服务","深圳 龙岗","low","低匹配","40","本科","1","java/Python/C/C++/JS/A","C++; Java; 沟通协作; 单元测试","C++; Java; 五险一金; 全程线上面试; Python","C++; Java","五险一金; 全程线上面试; Python","[{""name"":""匿名项目A-java/Python/C/C++/JS/A"",""role"":""核心成员"",""skills"":[""C++"",""Java"",""沟通协作"",""单元测试""],""description"":""围绕目标岗位 java/Python/C/C++/JS/AI算法/软件测试 的核心能力，完成需求拆解、功能实现、测试验证和文档沉淀。""},{""name"":""企业内部效率工具改造"",""role"":""参与成员"",""skills"":[""Java"",""沟通协作"",""单元测试""],""description"":""参与业务流程梳理、脚本/工具开发、数据处理和问题定位，提升团队交付效率。""}]","{""company"":""匿名科技公司A"",""role"":""java/Python/C/C++/JS/A"",""years"":1,""description"":""负责与 软件/IT服务 相关的研发/测试/数据处理工作，主要使用 C++、Java、沟通协作、单元测试。""}","候选人编号：R0055。教育背景：本科。工作经验：1 年。目标岗位：java/Python/C/C++/JS/AI算法/软件测试。核心技能：C++、Java、沟通协作、单元测试。项目经历：参与 java/Python/C/C++/JS/A 相关项目，围绕 C++、Java、五险一金、全程线上面试、Python 完成需求分析、开发测试、问题定位与交付文档整理。该样例为匿名/合成简历，不包含真实个人身份信息。","http://www.zhaopin.com/jobdetail/CCL1480117890J40836813105.htm","2026-06-18T10:42:49Z"
"R0056","匿名候选人056","anonymous_template","人工匿名化样例","anonymous_or_synthetic","40887116413","python自动化测试工程师","湖南拓维云创科技有限责任公司","新能源/燃油整车研发制造","深圳 龙岗","medium","中匹配","100","本科","3","python自动化测试工程师","Python; 单元测试; 数据分析; 接口测试","Python","Python","","[{""name"":""匿名项目A-python自动化测试工程师"",""role"":""核心成员"",""skills"":[""Python"",""单元测试"",""数据分析"",""接口测试""],""description"":""围绕目标岗位 python自动化测试工程师 的核心能力，完成需求拆解、功能实现、测试验证和文档沉淀。""},{""name"":""企业内部效率工具改造"",""role"":""参与成员"",""skills"":[""单元测试"",""数据分析"",""接口测试""],""description"":""参与业务流程梳理、脚本/工具开发、数据处理和问题定位，提升团队交付效率。""}]","{""company"":""匿名科技公司A"",""role"":""python自动化测试工程师"",""years"":3,""description"":""负责与 新能源/燃油整车研发制造 相关的研发/测试/数据处理工作，主要使用 Python、单元测试、数据分析、接口测试。""}","候选人编号：R0056。教育背景：本科。工作经验：3 年。目标岗位：python自动化测试工程师。核心技能：Python、单元测试、数据分析、接口测试。项目经历：参与 python自动化测试工程师 相关项目，围绕 Python 完成需求分析、开发测试、问题定位与交付文档整理。该样例为匿名/合成简历，不包含真实个人身份信息。","http://www.zhaopin.com/jobdetail/CC889005020J40887116413.htm","2026-06-18T10:42:49Z"
"R0057","匿名候选人057","jd_backfilled_synthetic","JD 反向合成","anonymous_or_synthetic","40756409516","python数据挖掘工程师","软通动力信息技术(集团)股份有限公司","软件/IT服务","深圳 龙岗","high","高匹配","87.5","本科","2","python数据挖掘工程师","机器学习; 深度学习; 分类算法; 回归算法; 聚类算法; 图像算法; Python; 数据分析; 接口测试; 问题定位; 版本管理","机器学习; 深度学习; 分类算法; 回归算法; 聚类算法; 图像算法; Python; Pandas","机器学习; 深度学习; 分类算法; 回归算法; 聚类算法; 图像算法; Python","Pandas","[{""name"":""匿名项目A-python数据挖掘工程师"",""role"":""核心成员"",""skills"":[""机器学习"",""深度学习"",""分类算法"",""回归算法""],""description"":""围绕目标岗位 python数据挖掘工程师 的核心能力，完成需求拆解、功能实现、测试验证和文档沉淀。""},{""name"":""企业内部效率工具改造"",""role"":""参与成员"",""skills"":[""深度学习"",""分类算法"",""回归算法"",""聚类算法""],""description"":""参与业务流程梳理、脚本/工具开发、数据处理和问题定位，提升团队交付效率。""}]","{""company"":""匿名科技公司A"",""role"":""python数据挖掘工程师"",""years"":2,""description"":""负责与 软件/IT服务 相关的研发/测试/数据处理工作，主要使用 机器学习、深度学习、分类算法、回归算法、聚类算法、图像算法、Python、数据分析、接口测试、问题定位、版本管理。""}","候选人编号：R0057。教育背景：本科。工作经验：2 年。目标岗位：python数据挖掘工程师。核心技能：机器学习、深度学习、分类算法、回归算法、聚类算法、图像算法、Python、数据分析、接口测试、问题定位、版本管理。项目经历：参与 python数据挖掘工程师 相关项目，围绕 机器学习、深度学习、分类算法、回归算法、聚类算法、图像算法、Python、Pandas 完成需求分析、开发测试、问题定位与交付文档整理。该样例为匿名/合成简历，不包含真实个人身份信息。","http://www.zhaopin.com/jobdetail/CC000544460J40756409516.htm","2026-06-18T10:42:49Z"
"R0058","匿名候选人058","public_dataset_style","公开匿名数据集风格参考","anonymous_or_synthetic","40703359505","Java/C/C++/Python/js/软测","外企德科数字技术有限公司","软件/IT服务","深圳 龙岗","medium","中匹配","75","学历不限","1","Java/C/C++/Python/js/软","Java; Python; C++; 接口测试; 问题定位","Java; Python; C++; C","Java; Python; C++","C","[{""name"":""匿名项目A-Java/C/C++/Python/js/软"",""role"":""核心成员"",""skills"":[""Java"",""Python"",""C++"",""接口测试""],""description"":""围绕目标岗位 Java/C/C++/Python/js/软测 的核心能力，完成需求拆解、功能实现、测试验证和文档沉淀。""},{""name"":""企业内部效率工具改造"",""role"":""参与成员"",""skills"":[""Python"",""C++"",""接口测试"",""问题定位""],""description"":""参与业务流程梳理、脚本/工具开发、数据处理和问题定位，提升团队交付效率。""}]","{""company"":""匿名科技公司A"",""role"":""Java/C/C++/Python/js/软"",""years"":1,""description"":""负责与 软件/IT服务 相关的研发/测试/数据处理工作，主要使用 Java、Python、C++、接口测试、问题定位。""}","候选人编号：R0058。教育背景：学历不限。工作经验：1 年。目标岗位：Java/C/C++/Python/js/软测。核心技能：Java、Python、C++、接口测试、问题定位。项目经历：参与 Java/C/C++/Python/js/软 相关项目，围绕 Java、Python、C++、C 完成需求分析、开发测试、问题定位与交付文档整理。该样例为匿名/合成简历，不包含真实个人身份信息。","http://www.zhaopin.com/jobdetail/CCL1480117890J40703359505.htm","2026-06-18T10:42:49Z"
"R0059","匿名候选人059","anonymous_template","人工匿名化样例","anonymous_or_synthetic","40871849805","H89856岗 python自动化测试 （东莞岗位","武汉佰钧成技术有限责任公司","软件/IT服务","深圳 龙岗","low","低匹配","66.7","本科","1","H89856岗 python自动化测试 （东","Python; C/C++; 问题定位; 版本管理; 系统设计","Python; C/C++; Linux","Python; C/C++","Linux","[{""name"":""匿名项目A-H89856岗 python自动化测试 （东"",""role"":""核心成员"",""skills"":[""Python"",""C/C++"",""问题定位"",""版本管理""],""description"":""围绕目标岗位 H89856岗 python自动化测试 （东莞岗位 的核心能力，完成需求拆解、功能实现、测试验证和文档沉淀。""},{""name"":""企业内部效率工具改造"",""role"":""参与成员"",""skills"":[""C/C++"",""问题定位"",""版本管理"",""系统设计""],""description"":""参与业务流程梳理、脚本/工具开发、数据处理和问题定位，提升团队交付效率。""}]","{""company"":""匿名科技公司A"",""role"":""H89856岗 python自动化测试 （东"",""years"":1,""description"":""负责与 软件/IT服务 相关的研发/测试/数据处理工作，主要使用 Python、C/C++、问题定位、版本管理、系统设计。""}","候选人编号：R0059。教育背景：本科。工作经验：1 年。目标岗位：H89856岗 python自动化测试 （东莞岗位。核心技能：Python、C/C++、问题定位、版本管理、系统设计。项目经历：参与 H89856岗 python自动化测试 （东 相关项目，围绕 Python、C/C++、Linux 完成需求分析、开发测试、问题定位与交付文档整理。该样例为匿名/合成简历，不包含真实个人身份信息。","http://www.zhaopin.com/jobdetail/CC364485720J40871849805.htm","2026-06-18T10:42:49Z"
"R0060","匿名候选人060","jd_backfilled_synthetic","JD 反向合成","anonymous_or_synthetic","40821774416","python开发工程师","软通动力信息技术(集团)股份有限公司","软件/IT服务","深圳 南山","medium","中匹配","75","大专","1","python开发工程师","Django; Python; RPA; 版本管理; 系统设计; 数据清洗; API 调试","Django; Python; RPA; AI","Django; Python; RPA","AI","[{""name"":""匿名项目A-python开发工程师"",""role"":""核心成员"",""skills"":[""Django"",""Python"",""RPA"",""版本管理""],""description"":""围绕目标岗位 python开发工程师 的核心能力，完成需求拆解、功能实现、测试验证和文档沉淀。""},{""name"":""企业内部效率工具改造"",""role"":""参与成员"",""skills"":[""Python"",""RPA"",""版本管理"",""系统设计""],""description"":""参与业务流程梳理、脚本/工具开发、数据处理和问题定位，提升团队交付效率。""}]","{""company"":""匿名科技公司A"",""role"":""python开发工程师"",""years"":1,""description"":""负责与 软件/IT服务 相关的研发/测试/数据处理工作，主要使用 Django、Python、RPA、版本管理、系统设计、数据清洗、API 调试。""}","候选人编号：R0060。教育背景：大专。工作经验：1 年。目标岗位：python开发工程师。核心技能：Django、Python、RPA、版本管理、系统设计、数据清洗、API 调试。项目经历：参与 python开发工程师 相关项目，围绕 Django、Python、RPA、AI 完成需求分析、开发测试、问题定位与交付文档整理。该样例为匿名/合成简历，不包含真实个人身份信息。","http://www.zhaopin.com/jobdetail/CC000544460J40821774416.htm","2026-06-18T10:42:49Z"
"R0061","匿名候选人061","public_dataset_style","公开匿名数据集风格参考","anonymous_or_synthetic","40850026705","Java/Python/C 多岗位双休六 险一金年终奖","外企德科数字技术有限公司","软件/IT服务","深圳 龙岗","high","高匹配","100","本科","2","Java/Python/C 多岗位双休六 险","C语言; 系统设计; 数据清洗","C语言","C语言","","[{""name"":""匿名项目A-Java/Python/C 多岗位双休六 险"",""role"":""核心成员"",""skills"":[""C语言"",""系统设计"",""数据清洗""],""description"":""围绕目标岗位 Java/Python/C 多岗位双休六 险一金年终奖 的核心能力，完成需求拆解、功能实现、测试验证和文档沉淀。""},{""name"":""企业内部效率工具改造"",""role"":""参与成员"",""skills"":[""系统设计"",""数据清洗""],""description"":""参与业务流程梳理、脚本/工具开发、数据处理和问题定位，提升团队交付效率。""}]","{""company"":""匿名科技公司A"",""role"":""Java/Python/C 多岗位双休六 险"",""years"":2,""description"":""负责与 软件/IT服务 相关的研发/测试/数据处理工作，主要使用 C语言、系统设计、数据清洗。""}","候选人编号：R0061。教育背景：本科。工作经验：2 年。目标岗位：Java/Python/C 多岗位双休六 险一金年终奖。核心技能：C语言、系统设计、数据清洗。项目经历：参与 Java/Python/C 多岗位双休六 险 相关项目，围绕 C语言 完成需求分析、开发测试、问题定位与交付文档整理。该样例为匿名/合成简历，不包含真实个人身份信息。","http://www.zhaopin.com/jobdetail/CCL1480117890J40850026705.htm","2026-06-18T10:42:49Z"
"R0062","匿名候选人062","anonymous_template","人工匿名化样例","anonymous_or_synthetic","40857026703","软件开发/测试/算法 java、c/c++、python、js（可接24/25应届无经验）","智联猎头","产业互联网平台","深圳 龙岗","medium","中匹配","66.7","本科","1","软件开发/测试/算法 java、c/c++、","C语言; C#; 数据清洗; API 调试; 团队协作","C语言; C#; Java","C语言; C#","Java","[{""name"":""匿名项目A-软件开发/测试/算法 java、c/c++、"",""role"":""核心成员"",""skills"":[""C语言"",""C#"",""数据清洗"",""API 调试""],""description"":""围绕目标岗位 软件开发/测试/算法 java、c/c++、python、js（可接24/25应届无经验） 的核心能力，完成需求拆解、功能实现、测试验证和文档沉淀。""},{""name"":""企业内部效率工具改造"",""role"":""参与成员"",""skills"":[""C#"",""数据清洗"",""API 调试"",""团队协作""],""description"":""参与业务流程梳理、脚本/工具开发、数据处理和问题定位，提升团队交付效率。""}]","{""company"":""匿名科技公司A"",""role"":""软件开发/测试/算法 java、c/c++、"",""years"":1,""description"":""负责与 产业互联网平台 相关的研发/测试/数据处理工作，主要使用 C语言、C#、数据清洗、API 调试、团队协作。""}","候选人编号：R0062。教育背景：本科。工作经验：1 年。目标岗位：软件开发/测试/算法 java、c/c++、python、js（可接24/25应届无经验）。核心技能：C语言、C#、数据清洗、API 调试、团队协作。项目经历：参与 软件开发/测试/算法 java、c/c++、 相关项目，围绕 C语言、C#、Java 完成需求分析、开发测试、问题定位与交付文档整理。该样例为匿名/合成简历，不包含真实个人身份信息。","http://www.zhaopin.com/jobdetail/CCL1318355140J40857026703.htm","2026-06-18T10:42:49Z"
"R0063","匿名候选人063","jd_backfilled_synthetic","JD 反向合成","anonymous_or_synthetic","40821650316","python工程师","软通动力信息技术(集团)股份有限公司","软件/IT服务","深圳 龙岗","low","低匹配","40","本科","1","python工程师","Python; C++; API 调试; 团队协作; Git; SQL","Python; C++; PyQt; MySQL; Redis","Python; C++","PyQt; MySQL; Redis","[{""name"":""匿名项目A-python工程师"",""role"":""核心成员"",""skills"":[""Python"",""C++"",""API 调试"",""团队协作""],""description"":""围绕目标岗位 python工程师 的核心能力，完成需求拆解、功能实现、测试验证和文档沉淀。""},{""name"":""企业内部效率工具改造"",""role"":""参与成员"",""skills"":[""C++"",""API 调试"",""团队协作"",""Git""],""description"":""参与业务流程梳理、脚本/工具开发、数据处理和问题定位，提升团队交付效率。""}]","{""company"":""匿名科技公司A"",""role"":""python工程师"",""years"":1,""description"":""负责与 软件/IT服务 相关的研发/测试/数据处理工作，主要使用 Python、C++、API 调试、团队协作、Git、SQL。""}","候选人编号：R0063。教育背景：本科。工作经验：1 年。目标岗位：python工程师。核心技能：Python、C++、API 调试、团队协作、Git、SQL。项目经历：参与 python工程师 相关项目，围绕 Python、C++、PyQt、MySQL、Redis 完成需求分析、开发测试、问题定位与交付文档整理。该样例为匿名/合成简历，不包含真实个人身份信息。","http://www.zhaopin.com/jobdetail/CC000544460J40821650316.htm","2026-06-18T10:42:49Z"
"R0064","匿名候选人064","public_dataset_style","公开匿名数据集风格参考","anonymous_or_synthetic","40796023005","Java/C/C++/Python/前端/测试（接受应届）","外企德科数字技术有限公司","软件/IT服务","深圳 龙岗","medium","中匹配","66.7","本科","1","Java/C/C++/Python/前端/测","C++; Python; 团队协作; Git","C++; Python; Spring","C++; Python","Spring","[{""name"":""匿名项目A-Java/C/C++/Python/前端/测"",""role"":""核心成员"",""skills"":[""C++"",""Python"",""团队协作"",""Git""],""description"":""围绕目标岗位 Java/C/C++/Python/前端/测试（接受应届） 的核心能力，完成需求拆解、功能实现、测试验证和文档沉淀。""},{""name"":""企业内部效率工具改造"",""role"":""参与成员"",""skills"":[""Python"",""团队协作"",""Git""],""description"":""参与业务流程梳理、脚本/工具开发、数据处理和问题定位，提升团队交付效率。""}]","{""company"":""匿名科技公司A"",""role"":""Java/C/C++/Python/前端/测"",""years"":1,""description"":""负责与 软件/IT服务 相关的研发/测试/数据处理工作，主要使用 C++、Python、团队协作、Git。""}","候选人编号：R0064。教育背景：本科。工作经验：1 年。目标岗位：Java/C/C++/Python/前端/测试（接受应届）。核心技能：C++、Python、团队协作、Git。项目经历：参与 Java/C/C++/Python/前端/测 相关项目，围绕 C++、Python、Spring 完成需求分析、开发测试、问题定位与交付文档整理。该样例为匿名/合成简历，不包含真实个人身份信息。","http://www.zhaopin.com/jobdetail/CCL1480117890J40796023005.htm","2026-06-18T10:42:49Z"
"R0065","匿名候选人065","anonymous_template","人工匿名化样例","anonymous_or_synthetic","40900208003","OD软件开发/测试/算法 java、c/c++、python、js（可接24/25届非it专业）","智联猎头","产业互联网平台","深圳 龙岗","high","高匹配","100","本科","2","OD软件开发/测试/算法 java、c/c+","JavaScript; Python; C++; Git; SQL; Linux","JavaScript; Python; C++","JavaScript; Python; C++","","[{""name"":""匿名项目A-OD软件开发/测试/算法 java、c/c+"",""role"":""核心成员"",""skills"":[""JavaScript"",""Python"",""C++"",""Git""],""description"":""围绕目标岗位 OD软件开发/测试/算法 java、c/c++、python、js（可接24/25届非it专业） 的核心能力，完成需求拆解、功能实现、测试验证和文档沉淀。""},{""name"":""企业内部效率工具改造"",""role"":""参与成员"",""skills"":[""Python"",""C++"",""Git"",""SQL""],""description"":""参与业务流程梳理、脚本/工具开发、数据处理和问题定位，提升团队交付效率。""}]","{""company"":""匿名科技公司A"",""role"":""OD软件开发/测试/算法 java、c/c+"",""years"":2,""description"":""负责与 产业互联网平台 相关的研发/测试/数据处理工作，主要使用 JavaScript、Python、C++、Git、SQL、Linux。""}","候选人编号：R0065。教育背景：本科。工作经验：2 年。目标岗位：OD软件开发/测试/算法 java、c/c++、python、js（可接24/25届非it专业）。核心技能：JavaScript、Python、C++、Git、SQL、Linux。项目经历：参与 OD软件开发/测试/算法 java、c/c+ 相关项目，围绕 JavaScript、Python、C++ 完成需求分析、开发测试、问题定位与交付文档整理。该样例为匿名/合成简历，不包含真实个人身份信息。","http://www.zhaopin.com/jobdetail/CCL1318355140J40900208003.htm","2026-06-18T10:42:49Z"
"R0066","匿名候选人066","jd_backfilled_synthetic","JD 反向合成","anonymous_or_synthetic","40804476216","python开发","软通动力信息技术(集团)股份有限公司","软件/IT服务","深圳 龙岗","medium","中匹配","60","本科","1","python开发","Python; PYSIDE; PyQt; SQL; Linux; Excel; 需求分析","Python; PYSIDE; PyQt; QT; Linux","Python; PYSIDE; PyQt","QT","[{""name"":""匿名项目A-python开发"",""role"":""核心成员"",""skills"":[""Python"",""PYSIDE"",""PyQt"",""SQL""],""description"":""围绕目标岗位 python开发 的核心能力，完成需求拆解、功能实现、测试验证和文档沉淀。""},{""name"":""企业内部效率工具改造"",""role"":""参与成员"",""skills"":[""PYSIDE"",""PyQt"",""SQL"",""Linux""],""description"":""参与业务流程梳理、脚本/工具开发、数据处理和问题定位，提升团队交付效率。""}]","{""company"":""匿名科技公司A"",""role"":""python开发"",""years"":1,""description"":""负责与 软件/IT服务 相关的研发/测试/数据处理工作，主要使用 Python、PYSIDE、PyQt、SQL、Linux、Excel、需求分析。""}","候选人编号：R0066。教育背景：本科。工作经验：1 年。目标岗位：python开发。核心技能：Python、PYSIDE、PyQt、SQL、Linux、Excel、需求分析。项目经历：参与 python开发 相关项目，围绕 Python、PYSIDE、PyQt、QT、Linux 完成需求分析、开发测试、问题定位与交付文档整理。该样例为匿名/合成简历，不包含真实个人身份信息。","http://www.zhaopin.com/jobdetail/CC000544460J40804476216.htm","2026-06-18T10:42:49Z"
"R0067","匿名候选人067","public_dataset_style","公开匿名数据集风格参考","anonymous_or_synthetic","40614947605","java/c++/C/Python/前端开发工程师","外企德科数字技术有限公司","软件/IT服务","深圳 龙岗","low","低匹配","66.7","本科","1","java/c++/C/Python/前端开发","C语言; Java; Linux; Excel","C语言; Java; Python","C语言; Java","Python","[{""name"":""匿名项目A-java/c++/C/Python/前端开发"",""role"":""核心成员"",""skills"":[""C语言"",""Java"",""Linux"",""Excel""],""description"":""围绕目标岗位 java/c++/C/Python/前端开发工程师 的核心能力，完成需求拆解、功能实现、测试验证和文档沉淀。""},{""name"":""企业内部效率工具改造"",""role"":""参与成员"",""skills"":[""Java"",""Linux"",""Excel""],""description"":""参与业务流程梳理、脚本/工具开发、数据处理和问题定位，提升团队交付效率。""}]","{""company"":""匿名科技公司A"",""role"":""java/c++/C/Python/前端开发"",""years"":1,""description"":""负责与 软件/IT服务 相关的研发/测试/数据处理工作，主要使用 C语言、Java、Linux、Excel。""}","候选人编号：R0067。教育背景：本科。工作经验：1 年。目标岗位：java/c++/C/Python/前端开发工程师。核心技能：C语言、Java、Linux、Excel。项目经历：参与 java/c++/C/Python/前端开发 相关项目，围绕 C语言、Java、Python 完成需求分析、开发测试、问题定位与交付文档整理。该样例为匿名/合成简历，不包含真实个人身份信息。","http://www.zhaopin.com/jobdetail/CCL1480117890J40614947605.htm","2026-06-18T10:42:49Z"
"R0068","匿名候选人068","anonymous_template","人工匿名化样例","anonymous_or_synthetic","40853498107","后台开发工程师（Python/Java）","深圳美乐创科技有限公司","人工智能","深圳 宝安","medium","中匹配","60","大专","3","后台开发工程师","Java; Python; MySQL; Excel; 需求分析; 文档编写","Java; Python; MySQL; PostgreSQL; Redis","Java; Python; MySQL","PostgreSQL; Redis","[{""name"":""匿名项目A-后台开发工程师"",""role"":""核心成员"",""skills"":[""Java"",""Python"",""MySQL"",""Excel""],""description"":""围绕目标岗位 后台开发工程师（Python/Java） 的核心能力，完成需求拆解、功能实现、测试验证和文档沉淀。""},{""name"":""企业内部效率工具改造"",""role"":""参与成员"",""skills"":[""Python"",""MySQL"",""Excel"",""需求分析""],""description"":""参与业务流程梳理、脚本/工具开发、数据处理和问题定位，提升团队交付效率。""}]","{""company"":""匿名科技公司A"",""role"":""后台开发工程师"",""years"":3,""description"":""负责与 人工智能 相关的研发/测试/数据处理工作，主要使用 Java、Python、MySQL、Excel、需求分析、文档编写。""}","候选人编号：R0068。教育背景：大专。工作经验：3 年。目标岗位：后台开发工程师（Python/Java）。核心技能：Java、Python、MySQL、Excel、需求分析、文档编写。项目经历：参与 后台开发工程师 相关项目，围绕 Java、Python、MySQL、PostgreSQL、Redis 完成需求分析、开发测试、问题定位与交付文档整理。该样例为匿名/合成简历，不包含真实个人身份信息。","http://www.zhaopin.com/jobdetail/CCL1388935150J40853498107.htm","2026-06-18T10:42:49Z"
"R0069","匿名候选人069","jd_backfilled_synthetic","JD 反向合成","anonymous_or_synthetic","40821428016","FPGA/python/C自动化测试","软通动力信息技术(集团)股份有限公司","软件/IT服务","深圳 龙岗","high","高匹配","100","本科","4","FPGA/python/C自动化测试","Python; C/C++; FPGA; 嵌入式; 需求分析; 文档编写; 沟通协作; 单元测试","Python; C/C++; FPGA; 嵌入式","Python; C/C++; FPGA; 嵌入式","","[{""name"":""匿名项目A-FPGA/python/C自动化测试"",""role"":""核心成员"",""skills"":[""Python"",""C/C++"",""FPGA"",""嵌入式""],""description"":""围绕目标岗位 FPGA/python/C自动化测试 的核心能力，完成需求拆解、功能实现、测试验证和文档沉淀。""},{""name"":""企业内部效率工具改造"",""role"":""参与成员"",""skills"":[""C/C++"",""FPGA"",""嵌入式"",""需求分析""],""description"":""参与业务流程梳理、脚本/工具开发、数据处理和问题定位，提升团队交付效率。""}]","{""company"":""匿名科技公司A"",""role"":""FPGA/python/C自动化测试"",""years"":4,""description"":""负责与 软件/IT服务 相关的研发/测试/数据处理工作，主要使用 Python、C/C++、FPGA、嵌入式、需求分析、文档编写、沟通协作、单元测试。""}","候选人编号：R0069。教育背景：本科。工作经验：4 年。目标岗位：FPGA/python/C自动化测试。核心技能：Python、C/C++、FPGA、嵌入式、需求分析、文档编写、沟通协作、单元测试。项目经历：参与 FPGA/python/C自动化测试 相关项目，围绕 Python、C/C++、FPGA、嵌入式 完成需求分析、开发测试、问题定位与交付文档整理。该样例为匿名/合成简历，不包含真实个人身份信息。","http://www.zhaopin.com/jobdetail/CC000544460J40821428016.htm","2026-06-18T10:42:49Z"
"R0070","匿名候选人070","public_dataset_style","公开匿名数据集风格参考","anonymous_or_synthetic","40857152905","高薪Java/c++/python全额社保/双休16薪","外企德科数字技术有限公司","软件/IT服务","深圳 龙岗","medium","中匹配","60","学历不限","1","高薪Java/c++/python全额社保/","JavaScript; Python; CSS; 文档编写; 沟通协作","JavaScript; Python; CSS; Spring; Struts","JavaScript; Python; CSS","Spring; Struts","[{""name"":""匿名项目A-高薪Java/c++/python全额社保/"",""role"":""核心成员"",""skills"":[""JavaScript"",""Python"",""CSS"",""文档编写""],""description"":""围绕目标岗位 高薪Java/c++/python全额社保/双休16薪 的核心能力，完成需求拆解、功能实现、测试验证和文档沉淀。""},{""name"":""企业内部效率工具改造"",""role"":""参与成员"",""skills"":[""Python"",""CSS"",""文档编写"",""沟通协作""],""description"":""参与业务流程梳理、脚本/工具开发、数据处理和问题定位，提升团队交付效率。""}]","{""company"":""匿名科技公司A"",""role"":""高薪Java/c++/python全额社保/"",""years"":1,""description"":""负责与 软件/IT服务 相关的研发/测试/数据处理工作，主要使用 JavaScript、Python、CSS、文档编写、沟通协作。""}","候选人编号：R0070。教育背景：学历不限。工作经验：1 年。目标岗位：高薪Java/c++/python全额社保/双休16薪。核心技能：JavaScript、Python、CSS、文档编写、沟通协作。项目经历：参与 高薪Java/c++/python全额社保/ 相关项目，围绕 JavaScript、Python、CSS、Spring、Struts 完成需求分析、开发测试、问题定位与交付文档整理。该样例为匿名/合成简历，不包含真实个人身份信息。","http://www.zhaopin.com/jobdetail/CCL1480117890J40857152905.htm","2026-06-18T10:42:49Z"
"R0071","匿名候选人071","anonymous_template","人工匿名化样例","anonymous_or_synthetic","40862095410","python后端开发工程师","深圳市联华世纪通信技术有限公司","通信运营商/电信增值服务","深圳 龙华","low","低匹配","50","本科","1","python后端开发工程师","SQL; 沟通协作; 单元测试; 数据分析","SQL; Django","SQL","Django","[{""name"":""匿名项目A-python后端开发工程师"",""role"":""核心成员"",""skills"":[""SQL"",""沟通协作"",""单元测试"",""数据分析""],""description"":""围绕目标岗位 python后端开发工程师 的核心能力，完成需求拆解、功能实现、测试验证和文档沉淀。""},{""name"":""企业内部效率工具改造"",""role"":""参与成员"",""skills"":[""沟通协作"",""单元测试"",""数据分析""],""description"":""参与业务流程梳理、脚本/工具开发、数据处理和问题定位，提升团队交付效率。""}]","{""company"":""匿名科技公司A"",""role"":""python后端开发工程师"",""years"":1,""description"":""负责与 通信运营商/电信增值服务 相关的研发/测试/数据处理工作，主要使用 SQL、沟通协作、单元测试、数据分析。""}","候选人编号：R0071。教育背景：本科。工作经验：1 年。目标岗位：python后端开发工程师。核心技能：SQL、沟通协作、单元测试、数据分析。项目经历：参与 python后端开发工程师 相关项目，围绕 SQL、Django 完成需求分析、开发测试、问题定位与交付文档整理。该样例为匿名/合成简历，不包含真实个人身份信息。","http://www.zhaopin.com/jobdetail/CC220858110J40862095410.htm","2026-06-18T10:42:49Z"
"R0072","匿名候选人072","jd_backfilled_synthetic","JD 反向合成","anonymous_or_synthetic","40986650704","Python开发工程师","曼迪匹艾(大连)科技服务有限公司","新闻/出版","深圳 福田","medium","中匹配","100","本科","3","Python开发工程师","Python; 单元测试; 数据分析; 接口测试; 问题定位","Python","Python","","[{""name"":""匿名项目A-Python开发工程师"",""role"":""核心成员"",""skills"":[""Python"",""单元测试"",""数据分析"",""接口测试""],""description"":""围绕目标岗位 Python开发工程师 的核心能力，完成需求拆解、功能实现、测试验证和文档沉淀。""},{""name"":""企业内部效率工具改造"",""role"":""参与成员"",""skills"":[""单元测试"",""数据分析"",""接口测试"",""问题定位""],""description"":""参与业务流程梳理、脚本/工具开发、数据处理和问题定位，提升团队交付效率。""}]","{""company"":""匿名科技公司A"",""role"":""Python开发工程师"",""years"":3,""description"":""负责与 新闻/出版 相关的研发/测试/数据处理工作，主要使用 Python、单元测试、数据分析、接口测试、问题定位。""}","候选人编号：R0072。教育背景：本科。工作经验：3 年。目标岗位：Python开发工程师。核心技能：Python、单元测试、数据分析、接口测试、问题定位。项目经历：参与 Python开发工程师 相关项目，围绕 Python 完成需求分析、开发测试、问题定位与交付文档整理。该样例为匿名/合成简历，不包含真实个人身份信息。","http://www.zhaopin.com/jobdetail/CCL1360068390J40986650704.htm","2026-06-18T10:42:49Z"
"R0073","匿名候选人073","public_dataset_style","公开匿名数据集风格参考","anonymous_or_synthetic","40864540405","软件开发工程师（Java/C/C++/python/JS）","外企德科数字技术有限公司","软件/IT服务","深圳 龙岗","high","高匹配","100","本科","2","软件开发工程师","C; C++; Python; 数据分析; 接口测试","C; C++; Python","C; C++; Python","","[{""name"":""匿名项目A-软件开发工程师"",""role"":""核心成员"",""skills"":[""C"",""C++"",""Python"",""数据分析""],""description"":""围绕目标岗位 软件开发工程师（Java/C/C++/python/JS） 的核心能力，完成需求拆解、功能实现、测试验证和文档沉淀。""},{""name"":""企业内部效率工具改造"",""role"":""参与成员"",""skills"":[""C++"",""Python"",""数据分析"",""接口测试""],""description"":""参与业务流程梳理、脚本/工具开发、数据处理和问题定位，提升团队交付效率。""}]","{""company"":""匿名科技公司A"",""role"":""软件开发工程师"",""years"":2,""description"":""负责与 软件/IT服务 相关的研发/测试/数据处理工作，主要使用 C、C++、Python、数据分析、接口测试。""}","候选人编号：R0073。教育背景：本科。工作经验：2 年。目标岗位：软件开发工程师（Java/C/C++/python/JS）。核心技能：C、C++、Python、数据分析、接口测试。项目经历：参与 软件开发工程师 相关项目，围绕 C、C++、Python 完成需求分析、开发测试、问题定位与交付文档整理。该样例为匿名/合成简历，不包含真实个人身份信息。","http://www.zhaopin.com/jobdetail/CCL1480117890J40864540405.htm","2026-06-18T10:42:49Z"
"R0074","匿名候选人074","anonymous_template","人工匿名化样例","anonymous_or_synthetic","40767060007","Python开发工程师/软件开发","深圳市有客来品牌策划有限公司","产业互联网平台","深圳 宝安","medium","中匹配","66.7","学历不限","1","Python开发工程师/软件开发","需求分析; 沟通协作; 接口测试; 问题定位; 版本管理","需求分析; 沟通协作; 文档编写","需求分析; 沟通协作","文档编写","[{""name"":""匿名项目A-Python开发工程师/软件开发"",""role"":""核心成员"",""skills"":[""需求分析"",""沟通协作"",""接口测试"",""问题定位""],""description"":""围绕目标岗位 Python开发工程师/软件开发 的核心能力，完成需求拆解、功能实现、测试验证和文档沉淀。""},{""name"":""企业内部效率工具改造"",""role"":""参与成员"",""skills"":[""沟通协作"",""接口测试"",""问题定位"",""版本管理""],""description"":""参与业务流程梳理、脚本/工具开发、数据处理和问题定位，提升团队交付效率。""}]","{""company"":""匿名科技公司A"",""role"":""Python开发工程师/软件开发"",""years"":1,""description"":""负责与 产业互联网平台 相关的研发/测试/数据处理工作，主要使用 需求分析、沟通协作、接口测试、问题定位、版本管理。""}","候选人编号：R0074。教育背景：学历不限。工作经验：1 年。目标岗位：Python开发工程师/软件开发。核心技能：需求分析、沟通协作、接口测试、问题定位、版本管理。项目经历：参与 Python开发工程师/软件开发 相关项目，围绕 需求分析、沟通协作、文档编写 完成需求分析、开发测试、问题定位与交付文档整理。该样例为匿名/合成简历，不包含真实个人身份信息。","http://www.zhaopin.com/jobdetail/CC677799120J40767060007.htm","2026-06-18T10:42:49Z"
"R0075","匿名候选人075","jd_backfilled_synthetic","JD 反向合成","anonymous_or_synthetic","40820636616","python测试工程师（全额公积金缴纳+双休+13薪）","软通动力信息技术(集团)股份有限公司","软件/IT服务","深圳 龙岗","low","低匹配","42.9","本科","1","python测试工程师","Python; Linux; 测试开发; 问题定位; 版本管理; 系统设计; 数据清洗","Python; Linux; 测试开发; 接口自动化测试; Selenium; Jmeter; Appium","Python; Linux; 测试开发","接口自动化测试; Selenium; Jmeter; Appium","[{""name"":""匿名项目A-python测试工程师"",""role"":""核心成员"",""skills"":[""Python"",""Linux"",""测试开发"",""问题定位""],""description"":""围绕目标岗位 python测试工程师（全额公积金缴纳+双休+13薪） 的核心能力，完成需求拆解、功能实现、测试验证和文档沉淀。""},{""name"":""企业内部效率工具改造"",""role"":""参与成员"",""skills"":[""Linux"",""测试开发"",""问题定位"",""版本管理""],""description"":""参与业务流程梳理、脚本/工具开发、数据处理和问题定位，提升团队交付效率。""}]","{""company"":""匿名科技公司A"",""role"":""python测试工程师"",""years"":1,""description"":""负责与 软件/IT服务 相关的研发/测试/数据处理工作，主要使用 Python、Linux、测试开发、问题定位、版本管理、系统设计、数据清洗。""}","候选人编号：R0075。教育背景：本科。工作经验：1 年。目标岗位：python测试工程师（全额公积金缴纳+双休+13薪）。核心技能：Python、Linux、测试开发、问题定位、版本管理、系统设计、数据清洗。项目经历：参与 python测试工程师 相关项目，围绕 Python、Linux、测试开发、接口自动化测试、Selenium、Jmeter、Appium 完成需求分析、开发测试、问题定位与交付文档整理。该样例为匿名/合成简历，不包含真实个人身份信息。","http://www.zhaopin.com/jobdetail/CC000544460J40820636616.htm","2026-06-18T10:42:49Z"
"R0076","匿名候选人076","public_dataset_style","公开匿名数据集风格参考","anonymous_or_synthetic","40603123105","Java/Python/C/C++/数开/测试/算法/前端岗","外企德科数字技术有限公司","软件/IT服务","深圳 龙岗","medium","中匹配","66.7","本科","1","Java/Python/C/C++/数开/测","Python; JavaScript; C++; Spring; Hibernate; Struts; 版本管理; 系统设计","Python; JavaScript; C++; Spring; Hibernate; Struts; MySQL; PostgreSQL; Oracle","Python; JavaScript; C++; Spring; Hibernate; Struts","MySQL; PostgreSQL; Oracle","[{""name"":""匿名项目A-Java/Python/C/C++/数开/测"",""role"":""核心成员"",""skills"":[""Python"",""JavaScript"",""C++"",""Spring""],""description"":""围绕目标岗位 Java/Python/C/C++/数开/测试/算法/前端岗 的核心能力，完成需求拆解、功能实现、测试验证和文档沉淀。""},{""name"":""企业内部效率工具改造"",""role"":""参与成员"",""skills"":[""JavaScript"",""C++"",""Spring"",""Hibernate""],""description"":""参与业务流程梳理、脚本/工具开发、数据处理和问题定位，提升团队交付效率。""}]","{""company"":""匿名科技公司A"",""role"":""Java/Python/C/C++/数开/测"",""years"":1,""description"":""负责与 软件/IT服务 相关的研发/测试/数据处理工作，主要使用 Python、JavaScript、C++、Spring、Hibernate、Struts、版本管理、系统设计。""}","候选人编号：R0076。教育背景：本科。工作经验：1 年。目标岗位：Java/Python/C/C++/数开/测试/算法/前端岗。核心技能：Python、JavaScript、C++、Spring、Hibernate、Struts、版本管理、系统设计。项目经历：参与 Java/Python/C/C++/数开/测 相关项目，围绕 Python、JavaScript、C++、Spring、Hibernate、Struts、MySQL、PostgreSQL、Oracle 完成需求分析、开发测试、问题定位与交付文档整理。该样例为匿名/合成简历，不包含真实个人身份信息。","http://www.zhaopin.com/jobdetail/CCL1480117890J40603123105.htm","2026-06-18T10:42:49Z"
"R0077","匿名候选人077","anonymous_template","人工匿名化样例","anonymous_or_synthetic","40992866004","python开发工程师","奇宏电子(深圳)有限公司","通用设备制造","深圳 宝安","high","高匹配","100","本科","4","python开发工程师","需求分析; 沟通协作; 文档编写; 系统设计; 数据清洗; API 调试","需求分析; 沟通协作; 文档编写","需求分析; 沟通协作; 文档编写","","[{""name"":""匿名项目A-python开发工程师"",""role"":""核心成员"",""skills"":[""需求分析"",""沟通协作"",""文档编写"",""系统设计""],""description"":""围绕目标岗位 python开发工程师 的核心能力，完成需求拆解、功能实现、测试验证和文档沉淀。""},{""name"":""企业内部效率工具改造"",""role"":""参与成员"",""skills"":[""沟通协作"",""文档编写"",""系统设计"",""数据清洗""],""description"":""参与业务流程梳理、脚本/工具开发、数据处理和问题定位，提升团队交付效率。""}]","{""company"":""匿名科技公司A"",""role"":""python开发工程师"",""years"":4,""description"":""负责与 通用设备制造 相关的研发/测试/数据处理工作，主要使用 需求分析、沟通协作、文档编写、系统设计、数据清洗、API 调试。""}","候选人编号：R0077。教育背景：本科。工作经验：4 年。目标岗位：python开发工程师。核心技能：需求分析、沟通协作、文档编写、系统设计、数据清洗、API 调试。项目经历：参与 python开发工程师 相关项目，围绕 需求分析、沟通协作、文档编写 完成需求分析、开发测试、问题定位与交付文档整理。该样例为匿名/合成简历，不包含真实个人身份信息。","http://www.zhaopin.com/jobdetail/CC200308610J40992866004.htm","2026-06-18T10:42:49Z"
"R0078","匿名候选人078","jd_backfilled_synthetic","JD 反向合成","anonymous_or_synthetic","40816591916","python开发工程师","软通动力信息技术(集团)股份有限公司","软件/IT服务","深圳 南山","medium","中匹配","100","大专","3","python开发工程师","AI; 信创; 数据清洗; API 调试; 团队协作; Git","AI; 信创","AI; 信创","","[{""name"":""匿名项目A-python开发工程师"",""role"":""核心成员"",""skills"":[""AI"",""信创"",""数据清洗"",""API 调试""],""description"":""围绕目标岗位 python开发工程师 的核心能力，完成需求拆解、功能实现、测试验证和文档沉淀。""},{""name"":""企业内部效率工具改造"",""role"":""参与成员"",""skills"":[""信创"",""数据清洗"",""API 调试"",""团队协作""],""description"":""参与业务流程梳理、脚本/工具开发、数据处理和问题定位，提升团队交付效率。""}]","{""company"":""匿名科技公司A"",""role"":""python开发工程师"",""years"":3,""description"":""负责与 软件/IT服务 相关的研发/测试/数据处理工作，主要使用 AI、信创、数据清洗、API 调试、团队协作、Git。""}","候选人编号：R0078。教育背景：大专。工作经验：3 年。目标岗位：python开发工程师。核心技能：AI、信创、数据清洗、API 调试、团队协作、Git。项目经历：参与 python开发工程师 相关项目，围绕 AI、信创 完成需求分析、开发测试、问题定位与交付文档整理。该样例为匿名/合成简历，不包含真实个人身份信息。","http://www.zhaopin.com/jobdetail/CC000544460J40816591916.htm","2026-06-18T10:42:49Z"
"R0079","匿名候选人079","public_dataset_style","公开匿名数据集风格参考","anonymous_or_synthetic","40858716905","java/python/c/c++开发工程师","外企德科数字技术有限公司","软件/IT服务","深圳 龙岗","low","低匹配","66.7","本科","1","java/python/c/c++开发工程师","C++; C; API 调试; 团队协作","C++; C; Python","C++; C","Python","[{""name"":""匿名项目A-java/python/c/c++开发工程师"",""role"":""核心成员"",""skills"":[""C++"",""C"",""API 调试"",""团队协作""],""description"":""围绕目标岗位 java/python/c/c++开发工程师 的核心能力，完成需求拆解、功能实现、测试验证和文档沉淀。""},{""name"":""企业内部效率工具改造"",""role"":""参与成员"",""skills"":[""C"",""API 调试"",""团队协作""],""description"":""参与业务流程梳理、脚本/工具开发、数据处理和问题定位，提升团队交付效率。""}]","{""company"":""匿名科技公司A"",""role"":""java/python/c/c++开发工程师"",""years"":1,""description"":""负责与 软件/IT服务 相关的研发/测试/数据处理工作，主要使用 C++、C、API 调试、团队协作。""}","候选人编号：R0079。教育背景：本科。工作经验：1 年。目标岗位：java/python/c/c++开发工程师。核心技能：C++、C、API 调试、团队协作。项目经历：参与 java/python/c/c++开发工程师 相关项目，围绕 C++、C、Python 完成需求分析、开发测试、问题定位与交付文档整理。该样例为匿名/合成简历，不包含真实个人身份信息。","http://www.zhaopin.com/jobdetail/CCL1480117890J40858716905.htm","2026-06-18T10:42:49Z"
"R0080","匿名候选人080","anonymous_template","人工匿名化样例","anonymous_or_synthetic","40852675411","python全栈开发工程师","深圳建广数字科技有限公司青岛分公司","软件/IT服务","深圳 南山 大冲","medium","中匹配","75","本科","5","python全栈开发工程师","前端开发; 后端开发; react; 团队协作; Git; SQL","前端开发; 后端开发; react; Python","前端开发; 后端开发; react","Python","[{""name"":""匿名项目A-python全栈开发工程师"",""role"":""核心成员"",""skills"":[""前端开发"",""后端开发"",""react"",""团队协作""],""description"":""围绕目标岗位 python全栈开发工程师 的核心能力，完成需求拆解、功能实现、测试验证和文档沉淀。""},{""name"":""企业内部效率工具改造"",""role"":""参与成员"",""skills"":[""后端开发"",""react"",""团队协作"",""Git""],""description"":""参与业务流程梳理、脚本/工具开发、数据处理和问题定位，提升团队交付效率。""}]","{""company"":""匿名科技公司A"",""role"":""python全栈开发工程师"",""years"":5,""description"":""负责与 软件/IT服务 相关的研发/测试/数据处理工作，主要使用 前端开发、后端开发、react、团队协作、Git、SQL。""}","候选人编号：R0080。教育背景：本科。工作经验：5 年。目标岗位：python全栈开发工程师。核心技能：前端开发、后端开发、react、团队协作、Git、SQL。项目经历：参与 python全栈开发工程师 相关项目，围绕 前端开发、后端开发、react、Python 完成需求分析、开发测试、问题定位与交付文档整理。该样例为匿名/合成简历，不包含真实个人身份信息。","http://www.zhaopin.com/jobdetail/CCL1320891960J40852675411.htm","2026-06-18T10:42:49Z"
"R0081","匿名候选人081","jd_backfilled_synthetic","JD 反向合成","anonymous_or_synthetic","40453375316","python","软通动力信息技术(集团)股份有限公司","软件/IT服务","深圳 龙岗","high","高匹配","100","本科","2","python","Django; Flask; Python; AI AGENT; Git; SQL; Linux; Excel","Django; Flask; Python; AI AGENT","Django; Flask; Python; AI AGENT","","[{""name"":""匿名项目A-python"",""role"":""核心成员"",""skills"":[""Django"",""Flask"",""Python"",""AI AGENT""],""description"":""围绕目标岗位 python 的核心能力，完成需求拆解、功能实现、测试验证和文档沉淀。""},{""name"":""企业内部效率工具改造"",""role"":""参与成员"",""skills"":[""Flask"",""Python"",""AI AGENT"",""Git""],""description"":""参与业务流程梳理、脚本/工具开发、数据处理和问题定位，提升团队交付效率。""}]","{""company"":""匿名科技公司A"",""role"":""python"",""years"":2,""description"":""负责与 软件/IT服务 相关的研发/测试/数据处理工作，主要使用 Django、Flask、Python、AI AGENT、Git、SQL、Linux、Excel。""}","候选人编号：R0081。教育背景：本科。工作经验：2 年。目标岗位：python。核心技能：Django、Flask、Python、AI AGENT、Git、SQL、Linux、Excel。项目经历：参与 python 相关项目，围绕 Django、Flask、Python、AI AGENT 完成需求分析、开发测试、问题定位与交付文档整理。该样例为匿名/合成简历，不包含真实个人身份信息。","http://www.zhaopin.com/jobdetail/CC000544460J40453375316.htm","2026-06-18T10:42:49Z"
"R0082","匿名候选人082","public_dataset_style","公开匿名数据集风格参考","anonymous_or_synthetic","40760203305","软件开发工程师【C、C++、JAVA、Python、JS】","外企德科数字技术有限公司","软件/IT服务","深圳 龙岗","medium","中匹配","66.7","本科","1","软件开发工程师【C、C++、JAVA、Pyt","C语言; Java; SQL; Linux","C语言; Java; Python","C语言; Java","Python","[{""name"":""匿名项目A-软件开发工程师【C、C++、JAVA、Pyt"",""role"":""核心成员"",""skills"":[""C语言"",""Java"",""SQL"",""Linux""],""description"":""围绕目标岗位 软件开发工程师【C、C++、JAVA、Python、JS】 的核心能力，完成需求拆解、功能实现、测试验证和文档沉淀。""},{""name"":""企业内部效率工具改造"",""role"":""参与成员"",""skills"":[""Java"",""SQL"",""Linux""],""description"":""参与业务流程梳理、脚本/工具开发、数据处理和问题定位，提升团队交付效率。""}]","{""company"":""匿名科技公司A"",""role"":""软件开发工程师【C、C++、JAVA、Pyt"",""years"":1,""description"":""负责与 软件/IT服务 相关的研发/测试/数据处理工作，主要使用 C语言、Java、SQL、Linux。""}","候选人编号：R0082。教育背景：本科。工作经验：1 年。目标岗位：软件开发工程师【C、C++、JAVA、Python、JS】。核心技能：C语言、Java、SQL、Linux。项目经历：参与 软件开发工程师【C、C++、JAVA、Pyt 相关项目，围绕 C语言、Java、Python 完成需求分析、开发测试、问题定位与交付文档整理。该样例为匿名/合成简历，不包含真实个人身份信息。","http://www.zhaopin.com/jobdetail/CCL1480117890J40760203305.htm","2026-06-18T10:42:49Z"
"R0083","匿名候选人083","anonymous_template","人工匿名化样例","anonymous_or_synthetic","40831467701","Python 自动化开发工程师（全栈方向）","深圳市东方合信家族财富管理有限公司","保险","深圳 福田","low","低匹配","50","本科","2","Python 自动化开发工程师","Python; Linux; Excel; 需求分析","Python; PHP","Python","PHP","[{""name"":""匿名项目A-Python 自动化开发工程师"",""role"":""核心成员"",""skills"":[""Python"",""Linux"",""Excel"",""需求分析""],""description"":""围绕目标岗位 Python 自动化开发工程师（全栈方向） 的核心能力，完成需求拆解、功能实现、测试验证和文档沉淀。""},{""name"":""企业内部效率工具改造"",""role"":""参与成员"",""skills"":[""Linux"",""Excel"",""需求分析""],""description"":""参与业务流程梳理、脚本/工具开发、数据处理和问题定位，提升团队交付效率。""}]","{""company"":""匿名科技公司A"",""role"":""Python 自动化开发工程师"",""years"":2,""description"":""负责与 保险 相关的研发/测试/数据处理工作，主要使用 Python、Linux、Excel、需求分析。""}","候选人编号：R0083。教育背景：本科。工作经验：2 年。目标岗位：Python 自动化开发工程师（全栈方向）。核心技能：Python、Linux、Excel、需求分析。项目经历：参与 Python 自动化开发工程师 相关项目，围绕 Python、PHP 完成需求分析、开发测试、问题定位与交付文档整理。该样例为匿名/合成简历，不包含真实个人身份信息。","http://www.zhaopin.com/jobdetail/CC505937780J40831467701.htm","2026-06-18T10:42:49Z"
"R0084","匿名候选人084","jd_backfilled_synthetic","JD 反向合成","anonymous_or_synthetic","40508759512","python开发工程师（深圳）","中软国际","软件/IT服务","深圳 龙岗","medium","中匹配","66.7","本科","1","python开发工程师","Python; ATE; Excel; 需求分析; 文档编写; 沟通协作","Python; ATE; 测试装备","Python; ATE","测试装备","[{""name"":""匿名项目A-python开发工程师"",""role"":""核心成员"",""skills"":[""Python"",""ATE"",""Excel"",""需求分析""],""description"":""围绕目标岗位 python开发工程师（深圳） 的核心能力，完成需求拆解、功能实现、测试验证和文档沉淀。""},{""name"":""企业内部效率工具改造"",""role"":""参与成员"",""skills"":[""ATE"",""Excel"",""需求分析"",""文档编写""],""description"":""参与业务流程梳理、脚本/工具开发、数据处理和问题定位，提升团队交付效率。""}]","{""company"":""匿名科技公司A"",""role"":""python开发工程师"",""years"":1,""description"":""负责与 软件/IT服务 相关的研发/测试/数据处理工作，主要使用 Python、ATE、Excel、需求分析、文档编写、沟通协作。""}","候选人编号：R0084。教育背景：本科。工作经验：1 年。目标岗位：python开发工程师（深圳）。核心技能：Python、ATE、Excel、需求分析、文档编写、沟通协作。项目经历：参与 python开发工程师 相关项目，围绕 Python、ATE、测试装备 完成需求分析、开发测试、问题定位与交付文档整理。该样例为匿名/合成简历，不包含真实个人身份信息。","http://www.zhaopin.com/jobdetail/CC508620120J40508759512.htm","2026-06-18T10:42:49Z"
"R0085","匿名候选人085","public_dataset_style","公开匿名数据集风格参考","anonymous_or_synthetic","40866966805","软件开发（C/C++/Java/Python/Go/JS）","外企德科数字技术有限公司","软件/IT服务","深圳 龙岗","high","高匹配","100","本科","2","软件开发","C; C++; Python; Java; JS; GO; 需求分析; 文档编写","C; C++; Python; Java; JS; GO","C; C++; Python; Java; JS; GO","","[{""name"":""匿名项目A-软件开发"",""role"":""核心成员"",""skills"":[""C"",""C++"",""Python"",""Java""],""description"":""围绕目标岗位 软件开发（C/C++/Java/Python/Go/JS） 的核心能力，完成需求拆解、功能实现、测试验证和文档沉淀。""},{""name"":""企业内部效率工具改造"",""role"":""参与成员"",""skills"":[""C++"",""Python"",""Java"",""JS""],""description"":""参与业务流程梳理、脚本/工具开发、数据处理和问题定位，提升团队交付效率。""}]","{""company"":""匿名科技公司A"",""role"":""软件开发"",""years"":2,""description"":""负责与 软件/IT服务 相关的研发/测试/数据处理工作，主要使用 C、C++、Python、Java、JS、GO、需求分析、文档编写。""}","候选人编号：R0085。教育背景：本科。工作经验：2 年。目标岗位：软件开发（C/C++/Java/Python/Go/JS）。核心技能：C、C++、Python、Java、JS、GO、需求分析、文档编写。项目经历：参与 软件开发 相关项目，围绕 C、C++、Python、Java、JS、GO 完成需求分析、开发测试、问题定位与交付文档整理。该样例为匿名/合成简历，不包含真实个人身份信息。","http://www.zhaopin.com/jobdetail/CCL1480117890J40866966805.htm","2026-06-18T10:42:49Z"
"R0086","匿名候选人086","anonymous_template","人工匿名化样例","anonymous_or_synthetic","40907275612","python后端开发工程师","深圳市大象机器人科技有限公司","通用设备制造","深圳 福田","medium","中匹配","66.7","本科","5","python后端开发工程师","MySQL; PostgreSQL; 文档编写; 沟通协作; 单元测试","MySQL; PostgreSQL; Linux","MySQL; PostgreSQL","Linux","[{""name"":""匿名项目A-python后端开发工程师"",""role"":""核心成员"",""skills"":[""MySQL"",""PostgreSQL"",""文档编写"",""沟通协作""],""description"":""围绕目标岗位 python后端开发工程师 的核心能力，完成需求拆解、功能实现、测试验证和文档沉淀。""},{""name"":""企业内部效率工具改造"",""role"":""参与成员"",""skills"":[""PostgreSQL"",""文档编写"",""沟通协作"",""单元测试""],""description"":""参与业务流程梳理、脚本/工具开发、数据处理和问题定位，提升团队交付效率。""}]","{""company"":""匿名科技公司A"",""role"":""python后端开发工程师"",""years"":5,""description"":""负责与 通用设备制造 相关的研发/测试/数据处理工作，主要使用 MySQL、PostgreSQL、文档编写、沟通协作、单元测试。""}","候选人编号：R0086。教育背景：本科。工作经验：5 年。目标岗位：python后端开发工程师。核心技能：MySQL、PostgreSQL、文档编写、沟通协作、单元测试。项目经历：参与 python后端开发工程师 相关项目，围绕 MySQL、PostgreSQL、Linux 完成需求分析、开发测试、问题定位与交付文档整理。该样例为匿名/合成简历，不包含真实个人身份信息。","http://www.zhaopin.com/jobdetail/CC574316530J40907275612.htm","2026-06-18T10:42:49Z"
"R0087","匿名候选人087","jd_backfilled_synthetic","JD 反向合成","anonymous_or_synthetic","40800064816","python开发/测试开发","软通动力信息技术(集团)股份有限公司","软件/IT服务","深圳 龙岗","low","低匹配","42.9","本科","1","python开发/测试开发","JavaScript; Django; Tornado; 沟通协作; 单元测试; 数据分析; 接口测试","JavaScript; Django; Tornado; Flask; MySQL; PostgreSQL; Oracle","JavaScript; Django; Tornado","Flask; MySQL; PostgreSQL; Oracle","[{""name"":""匿名项目A-python开发/测试开发"",""role"":""核心成员"",""skills"":[""JavaScript"",""Django"",""Tornado"",""沟通协作""],""description"":""围绕目标岗位 python开发/测试开发 的核心能力，完成需求拆解、功能实现、测试验证和文档沉淀。""},{""name"":""企业内部效率工具改造"",""role"":""参与成员"",""skills"":[""Django"",""Tornado"",""沟通协作"",""单元测试""],""description"":""参与业务流程梳理、脚本/工具开发、数据处理和问题定位，提升团队交付效率。""}]","{""company"":""匿名科技公司A"",""role"":""python开发/测试开发"",""years"":1,""description"":""负责与 软件/IT服务 相关的研发/测试/数据处理工作，主要使用 JavaScript、Django、Tornado、沟通协作、单元测试、数据分析、接口测试。""}","候选人编号：R0087。教育背景：本科。工作经验：1 年。目标岗位：python开发/测试开发。核心技能：JavaScript、Django、Tornado、沟通协作、单元测试、数据分析、接口测试。项目经历：参与 python开发/测试开发 相关项目，围绕 JavaScript、Django、Tornado、Flask、MySQL、PostgreSQL、Oracle 完成需求分析、开发测试、问题定位与交付文档整理。该样例为匿名/合成简历，不包含真实个人身份信息。","http://www.zhaopin.com/jobdetail/CC000544460J40800064816.htm","2026-06-18T10:42:49Z"
"R0088","匿名候选人088","public_dataset_style","公开匿名数据集风格参考","anonymous_or_synthetic","40624436405","java/python/c/c++ 应届可培养","外企德科数字技术有限公司","软件/IT服务","深圳 龙岗","medium","中匹配","66.7","本科","1","java/python/c/c++ 应届可培","C++; Python; 单元测试; 数据分析","C++; Python; JavaScript","C++; Python","JavaScript","[{""name"":""匿名项目A-java/python/c/c++ 应届可培"",""role"":""核心成员"",""skills"":[""C++"",""Python"",""单元测试"",""数据分析""],""description"":""围绕目标岗位 java/python/c/c++ 应届可培养 的核心能力，完成需求拆解、功能实现、测试验证和文档沉淀。""},{""name"":""企业内部效率工具改造"",""role"":""参与成员"",""skills"":[""Python"",""单元测试"",""数据分析""],""description"":""参与业务流程梳理、脚本/工具开发、数据处理和问题定位，提升团队交付效率。""}]","{""company"":""匿名科技公司A"",""role"":""java/python/c/c++ 应届可培"",""years"":1,""description"":""负责与 软件/IT服务 相关的研发/测试/数据处理工作，主要使用 C++、Python、单元测试、数据分析。""}","候选人编号：R0088。教育背景：本科。工作经验：1 年。目标岗位：java/python/c/c++ 应届可培养。核心技能：C++、Python、单元测试、数据分析。项目经历：参与 java/python/c/c++ 应届可培 相关项目，围绕 C++、Python、JavaScript 完成需求分析、开发测试、问题定位与交付文档整理。该样例为匿名/合成简历，不包含真实个人身份信息。","http://www.zhaopin.com/jobdetail/CCL1480117890J40624436405.htm","2026-06-18T10:42:49Z"
"R0089","匿名候选人089","anonymous_template","人工匿名化样例","anonymous_or_synthetic","40897675803","java / c++ / c / python / JS/嵌入式等研发岗位","科锐尔人力资源服务(苏州)有限公司","人力资源","深圳 龙岗","high","高匹配","100","本科","2","java / c++ / c / pytho","Python; Java; C语言; Linux开发; 嵌入式开发; 数据分析; 接口测试; 问题定位","Python; Java; C语言; Linux开发; 嵌入式开发","Python; Java; C语言; Linux开发; 嵌入式开发","","[{""name"":""匿名项目A-java / c++ / c / pytho"",""role"":""核心成员"",""skills"":[""Python"",""Java"",""C语言"",""Linux开发""],""description"":""围绕目标岗位 java / c++ / c / python / JS/嵌入式等研发岗位 的核心能力，完成需求拆解、功能实现、测试验证和文档沉淀。""},{""name"":""企业内部效率工具改造"",""role"":""参与成员"",""skills"":[""Java"",""C语言"",""Linux开发"",""嵌入式开发""],""description"":""参与业务流程梳理、脚本/工具开发、数据处理和问题定位，提升团队交付效率。""}]","{""company"":""匿名科技公司A"",""role"":""java / c++ / c / pytho"",""years"":2,""description"":""负责与 人力资源 相关的研发/测试/数据处理工作，主要使用 Python、Java、C语言、Linux开发、嵌入式开发、数据分析、接口测试、问题定位。""}","候选人编号：R0089。教育背景：本科。工作经验：2 年。目标岗位：java / c++ / c / python / JS/嵌入式等研发岗位。核心技能：Python、Java、C语言、Linux开发、嵌入式开发、数据分析、接口测试、问题定位。项目经历：参与 java / c++ / c / pytho 相关项目，围绕 Python、Java、C语言、Linux开发、嵌入式开发 完成需求分析、开发测试、问题定位与交付文档整理。该样例为匿名/合成简历，不包含真实个人身份信息。","http://www.zhaopin.com/jobdetail/CC453635220J40897675803.htm","2026-06-18T10:42:49Z"
"R0090","匿名候选人090","jd_backfilled_synthetic","JD 反向合成","anonymous_or_synthetic","40818710416","python自动化测试工程师（稳定项目+反馈快）","软通动力信息技术(集团)股份有限公司","软件/IT服务","深圳 龙岗","medium","中匹配","100","本科","3","python自动化测试工程师","Python; 接口测试; 问题定位; 版本管理; 系统设计","Python","Python","","[{""name"":""匿名项目A-python自动化测试工程师"",""role"":""核心成员"",""skills"":[""Python"",""接口测试"",""问题定位"",""版本管理""],""description"":""围绕目标岗位 python自动化测试工程师（稳定项目+反馈快） 的核心能力，完成需求拆解、功能实现、测试验证和文档沉淀。""},{""name"":""企业内部效率工具改造"",""role"":""参与成员"",""skills"":[""接口测试"",""问题定位"",""版本管理"",""系统设计""],""description"":""参与业务流程梳理、脚本/工具开发、数据处理和问题定位，提升团队交付效率。""}]","{""company"":""匿名科技公司A"",""role"":""python自动化测试工程师"",""years"":3,""description"":""负责与 软件/IT服务 相关的研发/测试/数据处理工作，主要使用 Python、接口测试、问题定位、版本管理、系统设计。""}","候选人编号：R0090。教育背景：本科。工作经验：3 年。目标岗位：python自动化测试工程师（稳定项目+反馈快）。核心技能：Python、接口测试、问题定位、版本管理、系统设计。项目经历：参与 python自动化测试工程师 相关项目，围绕 Python 完成需求分析、开发测试、问题定位与交付文档整理。该样例为匿名/合成简历，不包含真实个人身份信息。","http://www.zhaopin.com/jobdetail/CC000544460J40818710416.htm","2026-06-18T10:42:49Z"
"R0091","匿名候选人091","public_dataset_style","公开匿名数据集风格参考","anonymous_or_synthetic","40859354405","C/C++/Python/JS/C#/JAVA软件开发工程师","外企德科数字技术有限公司","软件/IT服务","深圳 龙岗","low","低匹配","66.7","本科","1","C/C++/Python/JS/C#/JAV","C语言; Java; 问题定位; 版本管理","C语言; Java; Python","C语言; Java","Python","[{""name"":""匿名项目A-C/C++/Python/JS/C#/JAV"",""role"":""核心成员"",""skills"":[""C语言"",""Java"",""问题定位"",""版本管理""],""description"":""围绕目标岗位 C/C++/Python/JS/C#/JAVA软件开发工程师 的核心能力，完成需求拆解、功能实现、测试验证和文档沉淀。""},{""name"":""企业内部效率工具改造"",""role"":""参与成员"",""skills"":[""Java"",""问题定位"",""版本管理""],""description"":""参与业务流程梳理、脚本/工具开发、数据处理和问题定位，提升团队交付效率。""}]","{""company"":""匿名科技公司A"",""role"":""C/C++/Python/JS/C#/JAV"",""years"":1,""description"":""负责与 软件/IT服务 相关的研发/测试/数据处理工作，主要使用 C语言、Java、问题定位、版本管理。""}","候选人编号：R0091。教育背景：本科。工作经验：1 年。目标岗位：C/C++/Python/JS/C#/JAVA软件开发工程师。核心技能：C语言、Java、问题定位、版本管理。项目经历：参与 C/C++/Python/JS/C#/JAV 相关项目，围绕 C语言、Java、Python 完成需求分析、开发测试、问题定位与交付文档整理。该样例为匿名/合成简历，不包含真实个人身份信息。","http://www.zhaopin.com/jobdetail/CCL1480117890J40859354405.htm","2026-06-18T10:42:49Z"
"R0092","匿名候选人092","anonymous_template","人工匿名化样例","anonymous_or_synthetic","40850948307","python开发工程师","深圳市速智翼科技有限公司","软件/IT服务","深圳 福田 车公庙","medium","中匹配","66.7","本科","1","python开发工程师","MySQL; Flask; 版本管理; 系统设计; 数据清洗","MySQL; Flask; Django","MySQL; Flask","Django","[{""name"":""匿名项目A-python开发工程师"",""role"":""核心成员"",""skills"":[""MySQL"",""Flask"",""版本管理"",""系统设计""],""description"":""围绕目标岗位 python开发工程师 的核心能力，完成需求拆解、功能实现、测试验证和文档沉淀。""},{""name"":""企业内部效率工具改造"",""role"":""参与成员"",""skills"":[""Flask"",""版本管理"",""系统设计"",""数据清洗""],""description"":""参与业务流程梳理、脚本/工具开发、数据处理和问题定位，提升团队交付效率。""}]","{""company"":""匿名科技公司A"",""role"":""python开发工程师"",""years"":1,""description"":""负责与 软件/IT服务 相关的研发/测试/数据处理工作，主要使用 MySQL、Flask、版本管理、系统设计、数据清洗。""}","候选人编号：R0092。教育背景：本科。工作经验：1 年。目标岗位：python开发工程师。核心技能：MySQL、Flask、版本管理、系统设计、数据清洗。项目经历：参与 python开发工程师 相关项目，围绕 MySQL、Flask、Django 完成需求分析、开发测试、问题定位与交付文档整理。该样例为匿名/合成简历，不包含真实个人身份信息。","http://www.zhaopin.com/jobdetail/CCL1524503660J40850948307.htm","2026-06-18T10:42:49Z"
"R0093","匿名候选人093","jd_backfilled_synthetic","JD 反向合成","anonymous_or_synthetic","40811078716","Python服务器测试工程师(东莞办公+13薪+全额公积金+双休)","软通动力信息技术(集团)股份有限公司","软件/IT服务","深圳 龙岗","high","高匹配","85.7","本科","2","Python服务器测试工程师","Python; Shell; 测试开发; 服务端测试; 接口测试; Selenium; 系统设计; 数据清洗; API 调试; 团队协作","Python; Shell; 测试开发; 服务端测试; 接口测试; Selenium; Jmeter","Python; Shell; 测试开发; 服务端测试; 接口测试; Selenium","Jmeter","[{""name"":""匿名项目A-Python服务器测试工程师"",""role"":""核心成员"",""skills"":[""Python"",""Shell"",""测试开发"",""服务端测试""],""description"":""围绕目标岗位 Python服务器测试工程师(东莞办公+13薪+全额公积金+双休) 的核心能力，完成需求拆解、功能实现、测试验证和文档沉淀。""},{""name"":""企业内部效率工具改造"",""role"":""参与成员"",""skills"":[""Shell"",""测试开发"",""服务端测试"",""接口测试""],""description"":""参与业务流程梳理、脚本/工具开发、数据处理和问题定位，提升团队交付效率。""}]","{""company"":""匿名科技公司A"",""role"":""Python服务器测试工程师"",""years"":2,""description"":""负责与 软件/IT服务 相关的研发/测试/数据处理工作，主要使用 Python、Shell、测试开发、服务端测试、接口测试、Selenium、系统设计、数据清洗、API 调试、团队协作。""}","候选人编号：R0093。教育背景：本科。工作经验：2 年。目标岗位：Python服务器测试工程师(东莞办公+13薪+全额公积金+双休)。核心技能：Python、Shell、测试开发、服务端测试、接口测试、Selenium、系统设计、数据清洗、API 调试、团队协作。项目经历：参与 Python服务器测试工程师 相关项目，围绕 Python、Shell、测试开发、服务端测试、接口测试、Selenium、Jmeter 完成需求分析、开发测试、问题定位与交付文档整理。该样例为匿名/合成简历，不包含真实个人身份信息。","http://www.zhaopin.com/jobdetail/CC000544460J40811078716.htm","2026-06-18T10:42:49Z"
"R0094","匿名候选人094","public_dataset_style","公开匿名数据集风格参考","anonymous_or_synthetic","40865268705","Java/C/C++/Python/JS 软件开发测试","外企德科数字技术有限公司","软件/IT服务","深圳 龙岗","medium","中匹配","60","本科","1","Java/C/C++/Python/JS 软","C++; Python; C; 数据清洗; API 调试","C++; Python; C; Java; JS","C++; Python; C","Java; JS","[{""name"":""匿名项目A-Java/C/C++/Python/JS 软"",""role"":""核心成员"",""skills"":[""C++"",""Python"",""C"",""数据清洗""],""description"":""围绕目标岗位 Java/C/C++/Python/JS 软件开发测试 的核心能力，完成需求拆解、功能实现、测试验证和文档沉淀。""},{""name"":""企业内部效率工具改造"",""role"":""参与成员"",""skills"":[""Python"",""C"",""数据清洗"",""API 调试""],""description"":""参与业务流程梳理、脚本/工具开发、数据处理和问题定位，提升团队交付效率。""}]","{""company"":""匿名科技公司A"",""role"":""Java/C/C++/Python/JS 软"",""years"":1,""description"":""负责与 软件/IT服务 相关的研发/测试/数据处理工作，主要使用 C++、Python、C、数据清洗、API 调试。""}","候选人编号：R0094。教育背景：本科。工作经验：1 年。目标岗位：Java/C/C++/Python/JS 软件开发测试。核心技能：C++、Python、C、数据清洗、API 调试。项目经历：参与 Java/C/C++/Python/JS 软 相关项目，围绕 C++、Python、C、Java、JS 完成需求分析、开发测试、问题定位与交付文档整理。该样例为匿名/合成简历，不包含真实个人身份信息。","http://www.zhaopin.com/jobdetail/CCL1480117890J40865268705.htm","2026-06-18T10:42:49Z"
"R0095","匿名候选人095","anonymous_template","人工匿名化样例","anonymous_or_synthetic","40942700602","Python","成都迈思信息技术有限公司","软件/IT服务","深圳 南山","low","低匹配","66.7","大专","2","Python","Django; Flask; API 调试; 团队协作; Git","Django; Flask; SQLServer","Django; Flask","SQLServer","[{""name"":""匿名项目A-Python"",""role"":""核心成员"",""skills"":[""Django"",""Flask"",""API 调试"",""团队协作""],""description"":""围绕目标岗位 Python 的核心能力，完成需求拆解、功能实现、测试验证和文档沉淀。""},{""name"":""企业内部效率工具改造"",""role"":""参与成员"",""skills"":[""Flask"",""API 调试"",""团队协作"",""Git""],""description"":""参与业务流程梳理、脚本/工具开发、数据处理和问题定位，提升团队交付效率。""}]","{""company"":""匿名科技公司A"",""role"":""Python"",""years"":2,""description"":""负责与 软件/IT服务 相关的研发/测试/数据处理工作，主要使用 Django、Flask、API 调试、团队协作、Git。""}","候选人编号：R0095。教育背景：大专。工作经验：2 年。目标岗位：Python。核心技能：Django、Flask、API 调试、团队协作、Git。项目经历：参与 Python 相关项目，围绕 Django、Flask、SQLServer 完成需求分析、开发测试、问题定位与交付文档整理。该样例为匿名/合成简历，不包含真实个人身份信息。","http://www.zhaopin.com/jobdetail/CC153170410J40942700602.htm","2026-06-18T10:42:49Z"
"R0096","匿名候选人096","jd_backfilled_synthetic","JD 反向合成","anonymous_or_synthetic","40905219312","Python开发工程师（周末双休，长期稳定）","中软国际","软件/IT服务","深圳 龙岗","medium","中匹配","60","本科","3","Python开发工程师","Django; Flask; Shell; 团队协作; Git; SQL; Linux","Django; Flask; Shell; MySQL; Oracle","Django; Flask; Shell","MySQL; Oracle","[{""name"":""匿名项目A-Python开发工程师"",""role"":""核心成员"",""skills"":[""Django"",""Flask"",""Shell"",""团队协作""],""description"":""围绕目标岗位 Python开发工程师（周末双休，长期稳定） 的核心能力，完成需求拆解、功能实现、测试验证和文档沉淀。""},{""name"":""企业内部效率工具改造"",""role"":""参与成员"",""skills"":[""Flask"",""Shell"",""团队协作"",""Git""],""description"":""参与业务流程梳理、脚本/工具开发、数据处理和问题定位，提升团队交付效率。""}]","{""company"":""匿名科技公司A"",""role"":""Python开发工程师"",""years"":3,""description"":""负责与 软件/IT服务 相关的研发/测试/数据处理工作，主要使用 Django、Flask、Shell、团队协作、Git、SQL、Linux。""}","候选人编号：R0096。教育背景：本科。工作经验：3 年。目标岗位：Python开发工程师（周末双休，长期稳定）。核心技能：Django、Flask、Shell、团队协作、Git、SQL、Linux。项目经历：参与 Python开发工程师 相关项目，围绕 Django、Flask、Shell、MySQL、Oracle 完成需求分析、开发测试、问题定位与交付文档整理。该样例为匿名/合成简历，不包含真实个人身份信息。","http://www.zhaopin.com/jobdetail/CC508620120J40905219312.htm","2026-06-18T10:42:49Z"
"R0097","匿名候选人097","public_dataset_style","公开匿名数据集风格参考","anonymous_or_synthetic","40871869205","软件开发工程师（Python/Java方向）","外企德科数字技术有限公司","软件/IT服务","深圳 龙岗","high","高匹配","100","本科","2","软件开发工程师","Java; Shell; Python; Git; SQL","Java; Shell; Python","Java; Shell; Python","","[{""name"":""匿名项目A-软件开发工程师"",""role"":""核心成员"",""skills"":[""Java"",""Shell"",""Python"",""Git""],""description"":""围绕目标岗位 软件开发工程师（Python/Java方向） 的核心能力，完成需求拆解、功能实现、测试验证和文档沉淀。""},{""name"":""企业内部效率工具改造"",""role"":""参与成员"",""skills"":[""Shell"",""Python"",""Git"",""SQL""],""description"":""参与业务流程梳理、脚本/工具开发、数据处理和问题定位，提升团队交付效率。""}]","{""company"":""匿名科技公司A"",""role"":""软件开发工程师"",""years"":2,""description"":""负责与 软件/IT服务 相关的研发/测试/数据处理工作，主要使用 Java、Shell、Python、Git、SQL。""}","候选人编号：R0097。教育背景：本科。工作经验：2 年。目标岗位：软件开发工程师（Python/Java方向）。核心技能：Java、Shell、Python、Git、SQL。项目经历：参与 软件开发工程师 相关项目，围绕 Java、Shell、Python 完成需求分析、开发测试、问题定位与交付文档整理。该样例为匿名/合成简历，不包含真实个人身份信息。","http://www.zhaopin.com/jobdetail/CCL1480117890J40871869205.htm","2026-06-18T10:42:49Z"
"R0098","匿名候选人098","anonymous_template","人工匿名化样例","anonymous_or_synthetic","40856264614","python后端开发工程师助理","深圳市智元数创科技有限公司","软件/IT服务","深圳 南山","medium","中匹配","66.7","本科","1","python后端开发工程师助理","Flask; MySQL; 后端服务开发; 系统集成与联调; SQL; Linux; Excel","Flask; MySQL; 后端服务开发; 系统集成与联调; 技术文档整理; Python","Flask; MySQL; 后端服务开发; 系统集成与联调","技术文档整理; Python","[{""name"":""匿名项目A-python后端开发工程师助理"",""role"":""核心成员"",""skills"":[""Flask"",""MySQL"",""后端服务开发"",""系统集成与联调""],""description"":""围绕目标岗位 python后端开发工程师助理 的核心能力，完成需求拆解、功能实现、测试验证和文档沉淀。""},{""name"":""企业内部效率工具改造"",""role"":""参与成员"",""skills"":[""MySQL"",""后端服务开发"",""系统集成与联调"",""SQL""],""description"":""参与业务流程梳理、脚本/工具开发、数据处理和问题定位，提升团队交付效率。""}]","{""company"":""匿名科技公司A"",""role"":""python后端开发工程师助理"",""years"":1,""description"":""负责与 软件/IT服务 相关的研发/测试/数据处理工作，主要使用 Flask、MySQL、后端服务开发、系统集成与联调、SQL、Linux、Excel。""}","候选人编号：R0098。教育背景：本科。工作经验：1 年。目标岗位：python后端开发工程师助理。核心技能：Flask、MySQL、后端服务开发、系统集成与联调、SQL、Linux、Excel。项目经历：参与 python后端开发工程师助理 相关项目，围绕 Flask、MySQL、后端服务开发、系统集成与联调、技术文档整理、Python 完成需求分析、开发测试、问题定位与交付文档整理。该样例为匿名/合成简历，不包含真实个人身份信息。","http://www.zhaopin.com/jobdetail/CCL1522430040J40856264614.htm","2026-06-18T10:42:49Z"
"R0099","匿名候选人099","jd_backfilled_synthetic","JD 反向合成","anonymous_or_synthetic","40774491406","python开发（AI应用）","深圳市法本信息技术股份有限公司","软件/IT服务","深圳 南山","low","低匹配","100","本科","2","python开发","AI应用; Linux; Excel; 需求分析; 文档编写","AI应用","AI应用","","[{""name"":""匿名项目A-python开发"",""role"":""核心成员"",""skills"":[""AI应用"",""Linux"",""Excel"",""需求分析""],""description"":""围绕目标岗位 python开发（AI应用） 的核心能力，完成需求拆解、功能实现、测试验证和文档沉淀。""},{""name"":""企业内部效率工具改造"",""role"":""参与成员"",""skills"":[""Linux"",""Excel"",""需求分析"",""文档编写""],""description"":""参与业务流程梳理、脚本/工具开发、数据处理和问题定位，提升团队交付效率。""}]","{""company"":""匿名科技公司A"",""role"":""python开发"",""years"":2,""description"":""负责与 软件/IT服务 相关的研发/测试/数据处理工作，主要使用 AI应用、Linux、Excel、需求分析、文档编写。""}","候选人编号：R0099。教育背景：本科。工作经验：2 年。目标岗位：python开发（AI应用）。核心技能：AI应用、Linux、Excel、需求分析、文档编写。项目经历：参与 python开发 相关项目，围绕 AI应用 完成需求分析、开发测试、问题定位与交付文档整理。该样例为匿名/合成简历，不包含真实个人身份信息。","http://www.zhaopin.com/jobdetail/CC385622410J40774491406.htm","2026-06-18T10:42:49Z"
"R0100","匿名候选人100","public_dataset_style","公开匿名数据集风格参考","anonymous_or_synthetic","40840047005","JAVA/C++/C/Python 14薪双休 应届生可投","外企德科数字技术有限公司","软件/IT服务","深圳 龙岗","medium","中匹配","66.7","本科","1","JAVA/C++/C/Python 14薪双","JavaScript; Python; Excel; 需求分析","JavaScript; Python; C++","JavaScript; Python","C++","[{""name"":""匿名项目A-JAVA/C++/C/Python 14薪双"",""role"":""核心成员"",""skills"":[""JavaScript"",""Python"",""Excel"",""需求分析""],""description"":""围绕目标岗位 JAVA/C++/C/Python 14薪双休 应届生可投 的核心能力，完成需求拆解、功能实现、测试验证和文档沉淀。""},{""name"":""企业内部效率工具改造"",""role"":""参与成员"",""skills"":[""Python"",""Excel"",""需求分析""],""description"":""参与业务流程梳理、脚本/工具开发、数据处理和问题定位，提升团队交付效率。""}]","{""company"":""匿名科技公司A"",""role"":""JAVA/C++/C/Python 14薪双"",""years"":1,""description"":""负责与 软件/IT服务 相关的研发/测试/数据处理工作，主要使用 JavaScript、Python、Excel、需求分析。""}","候选人编号：R0100。教育背景：本科。工作经验：1 年。目标岗位：JAVA/C++/C/Python 14薪双休 应届生可投。核心技能：JavaScript、Python、Excel、需求分析。项目经历：参与 JAVA/C++/C/Python 14薪双 相关项目，围绕 JavaScript、Python、C++ 完成需求分析、开发测试、问题定位与交付文档整理。该样例为匿名/合成简历，不包含真实个人身份信息。","http://www.zhaopin.com/jobdetail/CCL1480117890J40840047005.htm","2026-06-18T10:42:49Z"
